date,UST_3M,UST_2Y,UST_5Y,UST_10Y,UST_30Y,BAA_10Y,AAA_10Y,IG_OAS,BBB_OAS,HY_OAS,VIX_FRED,BRENT_FRED,USDINR_FRED
2007-01-02,5.07,4.8,4.68,4.68,4.79,1.64,0.66,,,,,58.49,44.13
2007-01-03,5.05,4.76,4.66,4.67,4.77,1.61,0.65,,,,12.04,56.63,44.24
2007-01-04,5.04,4.71,4.61,4.62,4.72,1.62,0.66,,,,11.51,54.58,44.16
2007-01-05,5.05,4.76,4.65,4.65,4.74,1.6,0.64,,,,12.14,52.82,44.2
2007-01-08,5.08,4.78,4.66,4.66,4.74,1.59,0.63,,,,12.0,52.82,44.32
2007-01-09,5.08,4.79,4.65,4.66,4.74,1.59,0.63,,,,11.91,52.38,44.27
2007-01-10,5.09,4.81,4.68,4.69,4.77,1.59,0.63,,,,11.47,52.11,44.44
2007-01-11,5.11,4.86,4.73,4.74,4.82,1.59,0.63,,,,10.87,51.68,44.49
2007-01-12,5.09,4.88,4.76,4.77,4.86,1.59,0.64,,,,10.15,49.95,44.43
2007-01-15,,,,,,,,,,,,,
2007-01-16,5.11,4.86,4.74,4.75,4.85,1.59,0.64,,,,10.74,51.28,44.2
2007-01-17,5.12,4.91,4.78,4.79,4.88,1.58,0.64,,,,10.59,51.19,44.09
2007-01-18,5.12,4.89,4.75,4.75,4.85,1.58,0.65,,,,10.85,50.83,44.15
2007-01-19,5.14,4.93,4.78,4.78,4.87,1.57,0.63,,,,10.4,52.29,44.15
2007-01-22,5.13,4.91,4.77,4.76,4.84,1.57,0.64,,,,10.77,54.34,44.11
2007-01-23,5.14,4.94,4.81,4.81,4.9,1.57,0.64,,,,10.34,53.93,44.14
2007-01-24,5.13,4.93,4.81,4.81,4.91,1.57,0.65,,,,9.89,55.11,44.15
2007-01-25,5.14,4.98,4.85,4.87,4.96,1.56,0.64,,,,11.22,55.67,44.15
2007-01-26,5.13,4.99,4.87,4.88,4.98,1.56,0.65,,,,11.13,55.29,44.08
2007-01-29,5.14,4.99,4.89,4.9,4.99,1.55,0.64,,,,11.45,54.71,44.13
2007-01-30,5.13,4.98,4.86,4.88,4.98,1.56,0.65,,,,10.96,54.69,44.23
2007-01-31,5.12,4.94,4.82,4.83,4.93,1.57,0.65,,,,10.42,56.52,44.07
2007-02-01,5.13,4.96,4.84,4.84,4.93,1.56,0.64,,,,10.31,56.74,44.01
2007-02-02,5.14,4.94,4.82,4.83,4.93,1.56,0.65,,,,10.08,56.93,44.0
2007-02-05,5.15,4.92,4.8,4.81,4.91,1.56,0.65,,,,10.55,58.67,44.03
2007-02-06,5.14,4.9,4.76,4.77,4.87,1.55,0.65,,,,10.65,,44.03
2007-02-07,5.15,4.87,4.74,4.74,4.86,1.56,0.66,,,,10.32,,44.01
2007-02-08,5.16,4.87,4.73,4.73,4.81,1.55,0.66,,,,10.44,57.24,43.98
2007-02-09,5.15,4.92,4.78,4.79,4.87,1.54,0.65,,,,11.1,57.21,43.93
2007-02-12,5.18,4.94,4.8,4.8,4.88,1.54,0.66,,,,11.61,55.52,44.0
2007-02-13,5.17,4.95,4.81,4.82,4.9,1.54,0.65,,,,10.34,56.12,44.02
2007-02-14,5.16,4.87,4.72,4.74,4.83,1.55,0.66,,,,10.23,55.05,44.0
2007-02-15,5.17,4.83,4.68,4.7,4.81,1.56,0.68,,,,10.22,54.25,43.91
2007-02-16,5.17,4.83,4.68,4.69,4.79,1.55,0.67,,,,10.02,56.78,43.87
2007-02-19,,,,,,,,,,,,,
2007-02-20,5.19,4.81,4.67,4.68,4.78,1.55,0.67,,,,10.24,55.91,44.12
2007-02-21,5.18,4.82,4.68,4.69,4.79,1.54,0.67,,,,10.2,57.74,44.0
2007-02-22,5.19,4.87,4.72,4.73,4.83,1.54,0.67,,,,10.18,58.62,44.05
2007-02-23,5.18,4.82,4.67,4.68,4.79,1.53,0.67,,,,10.58,60.38,44.08
2007-02-26,5.19,4.77,4.62,4.63,4.73,1.54,0.67,,,,11.15,60.34,44.04
2007-02-27,5.14,4.59,4.46,4.5,4.62,1.59,0.7,,,,18.31,60.28,44.21
2007-02-28,5.16,4.65,4.52,4.56,4.68,1.6,0.69,,,,15.42,59.39,44.08
2007-03-01,5.15,4.63,4.5,4.56,4.68,1.62,0.7,,,,15.82,61.18,44.11
2007-03-02,5.12,4.56,4.46,4.52,4.65,1.64,0.71,,,,18.61,61.92,44.1
2007-03-05,5.1,4.53,4.45,4.51,4.64,1.68,0.73,,,,19.63,,44.43
2007-03-06,5.14,4.58,4.48,4.53,4.66,1.66,0.71,,,,15.96,59.68,44.18
2007-03-07,5.12,4.54,4.45,4.5,4.64,1.66,0.72,,,,15.24,61.13,44.18
2007-03-08,5.1,4.56,4.45,4.51,4.65,1.67,0.72,,,,14.29,60.9,44.19
2007-03-09,5.1,4.66,4.55,4.59,4.72,1.65,0.71,,,,14.09,60.25,44.07
2007-03-12,5.09,4.62,4.5,4.56,4.69,1.65,0.71,,,,13.99,60.59,44.11
2007-03-13,5.09,4.52,4.41,4.5,4.66,1.7,0.74,,,,18.13,61.52,44.08
2007-03-14,5.06,4.54,4.44,4.53,4.69,1.72,0.75,,,,17.27,60.89,44.25
2007-03-15,5.05,4.57,4.46,4.54,4.69,1.7,0.74,,,,16.43,60.4,44.19
2007-03-16,5.04,4.58,4.47,4.55,4.7,1.7,0.73,,,,16.79,60.93,44.08
2007-03-19,5.06,4.61,4.5,4.58,4.72,1.7,0.72,,,,14.59,60.49,44.04
2007-03-20,5.06,4.6,4.47,4.56,4.71,1.71,0.73,,,,13.27,60.11,43.53
2007-03-21,5.05,4.51,4.43,4.53,4.7,1.73,0.75,,,,12.19,60.18,43.28
2007-03-22,5.06,4.58,4.49,4.6,4.78,1.75,0.76,,,,12.93,61.57,43.52
2007-03-23,5.08,4.6,4.52,4.62,4.8,1.75,0.76,,,,12.95,63.1,43.56
2007-03-26,5.06,4.56,4.48,4.6,4.79,1.75,0.76,,,,13.16,64.43,43.2
2007-03-27,5.08,4.58,4.5,4.62,4.81,1.76,0.77,,,,13.48,64.25,43.03
2007-03-28,5.06,4.53,4.5,4.62,4.83,1.78,0.79,,,,14.98,66.15,42.78
2007-03-29,5.05,4.58,4.53,4.64,4.83,1.74,0.77,,,,15.14,67.19,43.45
2007-03-30,5.04,4.58,4.54,4.65,4.84,1.75,0.78,,,,14.64,68.47,43.1
2007-04-02,5.04,4.6,4.54,4.65,4.84,1.74,0.77,,,,14.53,68.94,43.05
2007-04-03,5.05,4.63,4.56,4.67,4.85,1.73,0.8,,,,13.46,68.0,43.04
2007-04-04,5.07,4.61,4.55,4.66,4.85,1.74,0.81,,,,13.24,68.09,42.84
2007-04-05,5.04,4.63,4.57,4.68,4.87,1.74,0.81,,,,13.23,69.15,42.76
2007-04-06,5.05,4.75,4.67,4.76,4.92,1.71,0.78,,,,,,42.74
2007-04-09,5.02,4.73,4.66,4.75,4.92,1.72,0.79,,,,13.14,,42.65
2007-04-10,5.03,4.71,4.63,4.73,4.91,1.72,0.79,,,,12.68,67.64,42.65
2007-04-11,5.04,4.73,4.66,4.74,4.92,1.71,0.79,,,,13.49,68.6,42.69
2007-04-12,5.03,4.73,4.66,4.74,4.91,1.71,0.79,,,,12.71,67.79,42.65
2007-04-13,5.02,4.76,4.68,4.76,4.93,1.7,0.79,,,,12.2,68.78,42.42
2007-04-16,5.01,4.74,4.67,4.74,4.89,1.68,0.74,,,,11.98,67.1,41.75
2007-04-17,5.01,4.68,4.61,4.69,4.85,1.68,0.75,,,,12.14,66.34,41.98
2007-04-18,5.0,4.64,4.56,4.66,4.81,1.67,0.75,,,,12.42,65.09,42.0
2007-04-19,4.99,4.64,4.57,4.68,4.84,1.67,0.75,,,,12.54,66.17,42.08
2007-04-20,4.99,4.64,4.57,4.68,4.85,1.68,0.75,,,,12.07,66.34,41.7
2007-04-23,4.98,4.62,4.55,4.66,4.83,1.68,0.76,,,,13.04,66.8,41.65
2007-04-24,4.98,4.58,4.51,4.63,4.8,1.68,0.76,,,,13.12,67.94,40.75
2007-04-25,4.97,4.63,4.55,4.66,4.83,1.68,0.76,,,,13.21,67.44,40.58
2007-04-26,4.96,4.67,4.59,4.69,4.87,1.69,0.77,,,,12.79,67.51,40.56
2007-04-27,4.95,4.67,4.59,4.71,4.89,1.68,0.76,,,,12.45,67.28,40.79
2007-04-30,4.91,4.6,4.51,4.63,4.81,1.68,0.77,,,,14.22,67.23,41.04
2007-05-01,4.9,4.63,4.54,4.64,4.81,1.67,0.76,,,,13.51,67.4,41.0
2007-05-02,4.91,4.65,4.55,4.65,4.82,1.66,0.75,,,,13.08,65.57,41.04
2007-05-03,4.9,4.71,4.59,4.68,4.84,1.64,0.74,,,,13.09,64.85,40.82
2007-05-04,4.9,4.68,4.55,4.65,4.8,1.64,0.74,,,,12.91,65.14,40.58
2007-05-07,4.89,4.68,4.55,4.64,4.79,1.64,0.77,,,,13.15,62.7,40.53
2007-05-08,4.9,4.68,4.54,4.63,4.8,1.66,0.79,,,,13.21,63.55,40.64
2007-05-09,4.88,4.73,4.58,4.67,4.83,1.65,0.75,,,,12.88,63.5,40.67
2007-05-10,4.87,4.7,4.56,4.65,4.83,1.66,0.76,,,,13.6,64.63,41.04
2007-05-11,4.87,4.71,4.58,4.67,4.85,1.66,0.76,,,,12.95,65.18,40.74
2007-05-14,4.85,4.73,4.61,4.69,4.86,1.65,0.75,,,,13.96,65.86,40.59
2007-05-15,4.83,4.75,4.63,4.71,4.88,1.65,0.76,,,,14.01,66.74,40.64
2007-05-16,4.75,4.73,4.62,4.71,4.88,1.64,0.75,,,,13.5,66.83,40.58
2007-05-17,4.81,4.78,4.68,4.76,4.91,1.64,0.69,,,,13.51,69.08,40.59
2007-05-18,4.84,4.82,4.74,4.81,4.96,1.63,0.68,,,,12.76,69.26,40.36
2007-05-21,4.88,4.81,4.71,4.79,4.94,1.63,0.71,,,,13.3,69.51,40.48
2007-05-22,4.93,4.83,4.76,4.83,4.98,1.63,0.71,,,,13.06,70.05,40.14
2007-05-23,4.91,4.85,4.79,4.86,5.01,1.63,0.71,,,,13.24,71.01,40.28
2007-05-24,4.91,4.85,4.79,4.86,5.0,1.63,0.7,,,,14.08,71.96,40.43
2007-05-25,4.88,4.85,4.8,4.86,5.01,1.62,0.7,,,,13.34,70.72,40.28
2007-05-28,,,,,,,,,,,,,
2007-05-29,4.9,4.88,4.82,4.88,5.01,1.62,0.69,,,,13.53,69.31,40.19
2007-05-30,4.85,4.89,4.83,4.88,5.01,1.61,0.68,,,,12.83,67.64,40.53
2007-05-31,4.73,4.92,4.86,4.9,5.01,1.6,0.67,,,,13.05,68.18,40.36
2007-06-01,4.79,4.97,4.92,4.95,5.06,1.6,0.67,,,,12.78,68.65,40.27
2007-06-04,4.81,4.97,4.91,4.93,5.02,1.58,0.64,,,,13.29,70.9,40.5
2007-06-05,4.83,4.99,4.96,4.98,5.07,1.57,0.64,,,,13.63,71.36,40.28
2007-06-06,4.8,4.97,4.94,4.97,5.08,1.6,0.66,,,,14.87,71.5,40.41
2007-06-07,4.8,5.03,5.05,5.11,5.2,1.6,0.65,,,,17.06,72.36,40.51
2007-06-08,4.77,5.01,5.06,5.12,5.22,1.62,0.66,,,,14.84,70.04,40.82
2007-06-11,4.73,5.01,5.07,5.14,5.24,1.61,0.71,,,,14.71,68.85,40.55
2007-06-12,4.72,5.08,5.18,5.26,5.35,1.6,0.7,,,,16.67,68.56,40.48
2007-06-13,4.66,5.08,5.13,5.2,5.28,1.58,0.68,,,,14.73,69.24,40.7
2007-06-14,4.65,5.1,5.16,5.23,5.3,1.57,0.67,,,,13.64,71.18,40.66
2007-06-15,4.56,5.05,5.1,5.16,5.26,1.6,0.71,,,,13.94,71.63,40.52
2007-06-18,4.63,5.01,5.07,5.15,5.26,1.6,0.71,,,,13.42,72.33,40.5
2007-06-19,4.65,4.94,5.0,5.09,5.2,1.6,0.72,,,,12.85,72.17,40.58
2007-06-20,4.74,4.97,5.05,5.14,5.24,1.57,0.71,,,,14.67,70.55,40.59
2007-06-21,4.7,4.98,5.06,5.16,5.28,1.6,0.73,,,,14.21,71.81,40.59
2007-06-22,4.73,4.92,5.02,5.14,5.25,1.6,0.72,,,,15.75,72.04,40.55
2007-06-25,4.82,4.87,4.97,5.09,5.2,1.59,0.71,,,,16.65,71.36,40.73
2007-06-26,4.82,4.9,4.99,5.1,5.22,1.61,0.73,,,,18.89,71.41,40.9
2007-06-27,4.77,4.91,4.97,5.09,5.2,1.59,0.71,,,,15.53,71.84,40.88
2007-06-28,4.78,4.96,5.02,5.12,5.22,1.6,0.7,,,,15.54,71.96,40.8
2007-06-29,4.82,4.87,4.92,5.03,5.12,1.59,0.7,,,,16.23,72.22,40.58
2007-07-02,4.95,4.86,4.9,5.0,5.09,1.6,0.71,,,,15.4,72.9,40.42
2007-07-03,4.95,4.89,4.95,5.05,5.14,1.6,0.7,,,,14.92,74.26,40.41
2007-07-04,,,,,,,,,,,,,
2007-07-05,4.95,4.99,5.05,5.16,5.24,1.58,0.68,,,,15.48,75.4,40.34
2007-07-06,4.95,4.99,5.1,5.19,5.28,1.59,0.7,,,,14.72,76.58,40.36
2007-07-09,4.97,4.97,5.07,5.16,5.25,1.58,0.69,,,,15.16,77.1,40.37
2007-07-10,4.95,4.85,4.93,5.03,5.14,1.6,0.71,,,,17.57,77.88,40.3
2007-07-11,4.95,4.89,4.98,5.09,5.18,1.59,0.71,,,,16.64,77.44,40.31
2007-07-12,4.97,4.94,5.03,5.13,5.22,1.59,0.71,,,,15.54,78.24,40.28
2007-07-13,4.97,4.94,5.01,5.11,5.19,1.59,0.71,,,,15.15,78.12,40.26
2007-07-16,4.98,4.89,4.95,5.05,5.14,1.58,0.7,,,,15.59,78.17,40.22
2007-07-17,4.96,4.91,4.98,5.08,5.16,1.59,0.71,,,,15.63,77.59,40.23
2007-07-18,4.96,4.84,4.91,5.02,5.1,1.58,0.7,,,,16.0,78.0,40.23
2007-07-19,4.98,4.87,4.94,5.04,5.12,1.59,0.7,,,,15.23,78.37,40.26
2007-07-20,4.97,4.79,4.85,4.96,5.07,1.61,0.73,,,,16.95,79.09,40.18
2007-07-23,5.02,4.8,4.86,4.97,5.07,1.61,0.72,,,,16.81,78.36,40.12
2007-07-24,5.02,4.77,4.82,4.94,5.05,1.65,0.75,,,,18.55,75.88,40.15
2007-07-25,4.99,4.74,4.8,4.92,5.04,1.65,0.74,,,,18.1,75.21,40.24
2007-07-26,4.92,4.56,4.61,4.79,4.95,1.83,0.78,,,,20.74,77.28,40.24
2007-07-27,4.85,4.56,4.6,4.8,4.95,1.87,0.78,,,,24.17,76.58,40.38
2007-07-30,4.96,4.59,4.64,4.82,4.97,1.88,0.83,,,,20.87,76.07,40.27
2007-07-31,4.96,4.56,4.6,4.78,4.92,1.85,0.84,,,,23.52,77.01,40.18
2007-08-01,4.89,4.56,4.6,4.76,4.9,1.86,0.85,,,,23.67,77.11,40.25
2007-08-02,4.89,4.59,4.62,4.77,4.91,1.83,0.83,,,,21.22,76.14,40.36
2007-08-03,4.85,4.46,4.52,4.71,4.87,1.86,0.96,,,,25.16,75.36,40.25
2007-08-06,4.88,4.46,4.52,4.72,4.89,1.89,0.99,,,,22.94,72.69,40.25
2007-08-07,4.94,4.56,4.6,4.77,4.92,1.83,0.93,,,,21.56,70.42,40.26
2007-08-08,4.95,4.64,4.69,4.84,5.01,1.87,0.99,,,,21.45,70.73,40.29
2007-08-09,4.81,4.49,4.58,4.79,5.02,1.91,1.04,,,,26.48,70.08,40.4
2007-08-10,4.57,4.47,4.59,4.81,5.03,1.88,1.01,,,,28.3,69.57,40.45
2007-08-13,4.74,4.46,4.57,4.78,5.01,1.91,1.04,,,,26.57,71.3,40.4
2007-08-14,4.64,4.39,4.51,4.73,4.99,1.95,1.07,,,,27.68,69.29,40.8
2007-08-15,4.21,4.27,4.41,4.69,5.0,2.03,1.2,,,,30.67,71.3,40.55
2007-08-16,3.79,4.08,4.26,4.6,4.92,2.06,1.24,,,,30.83,68.77,41.15
2007-08-17,3.76,4.18,4.35,4.68,5.0,2.07,1.23,,,,29.99,69.8,41.04
2007-08-20,3.12,4.11,4.32,4.64,4.98,2.08,1.24,,,,26.33,68.37,40.91
2007-08-21,3.59,4.05,4.27,4.6,4.95,2.09,1.25,,,,25.25,67.88,41.01
2007-08-22,3.67,4.15,4.34,4.63,4.96,2.07,1.24,,,,22.89,67.73,40.77
2007-08-23,3.89,4.2,4.36,4.62,4.93,2.04,1.21,,,,22.62,68.73,41.0
2007-08-24,4.24,4.3,4.42,4.63,4.88,2.01,1.18,,,,20.72,69.49,40.9
2007-08-27,4.63,4.28,4.39,4.6,4.87,2.0,1.16,,,,22.72,68.85,40.88
2007-08-28,4.4,4.13,4.25,4.53,4.86,2.07,1.23,,,,26.3,69.66,41.1
2007-08-29,3.98,4.14,4.31,4.57,4.88,2.05,1.23,,,,23.81,70.48,40.95
2007-08-30,3.84,4.08,4.21,4.51,4.83,2.07,1.25,,,,25.06,71.46,41.02
2007-08-31,4.01,4.15,4.25,4.54,4.83,2.05,1.22,,,,23.38,72.29,40.63
2007-09-03,,,,,,,,,,,,,40.63
2007-09-04,4.47,4.13,4.26,4.56,4.84,2.04,1.21,,,,22.78,74.22,40.76
2007-09-05,4.36,4.03,4.16,4.48,4.78,2.06,1.25,,,,24.58,74.72,40.81
2007-09-06,4.29,4.08,4.2,4.51,4.79,2.06,1.23,,,,23.99,76.21,40.6
2007-09-07,4.07,3.9,4.03,4.38,4.7,2.1,1.28,,,,26.23,75.08,40.4
2007-09-10,3.96,3.87,4.0,4.34,4.65,2.13,1.27,,,,27.38,74.97,40.48
2007-09-11,4.11,3.95,4.07,4.37,4.65,2.11,1.25,,,,25.27,76.23,40.36
2007-09-12,4.03,3.95,4.11,4.41,4.68,2.13,1.25,,,,24.96,77.15,40.34
2007-09-13,4.08,4.08,4.22,4.49,4.75,2.12,1.22,,,,24.76,77.84,40.25
2007-09-14,4.01,4.05,4.18,4.47,4.72,2.12,1.22,,,,24.92,78.27,40.4
2007-09-17,4.15,4.08,4.21,4.48,4.72,2.1,1.2,,,,26.48,77.99,40.52
2007-09-18,4.01,4.0,4.19,4.5,4.77,2.11,1.23,,,,20.35,77.0,40.45
2007-09-19,3.93,4.0,4.2,4.53,4.83,2.11,1.24,,,,20.03,78.47,39.81
2007-09-20,3.79,4.1,4.35,4.69,4.96,2.04,1.19,,,,20.45,78.48,39.87
2007-09-21,3.74,4.06,4.31,4.64,4.89,2.03,1.17,,,,19.0,78.91,39.84
2007-09-24,3.84,4.05,4.31,4.63,4.88,2.02,1.17,,,,19.37,77.87,39.5
2007-09-25,3.79,4.0,4.26,4.63,4.89,2.02,1.18,,,,18.6,76.82,39.55
2007-09-26,3.73,3.97,4.27,4.63,4.9,2.03,1.19,,,,17.63,76.21,39.5
2007-09-27,3.71,3.95,4.22,4.58,4.84,2.01,1.18,,,,17.0,78.88,39.65
2007-09-28,3.82,3.97,4.23,4.59,4.83,2.0,1.17,,,,18.0,80.97,39.75
2007-10-01,3.92,4.02,4.24,4.56,4.79,1.99,1.16,,,,17.84,78.33,39.7
2007-10-02,3.96,3.98,4.2,4.54,4.77,2.0,1.17,,,,18.49,76.87,39.65
2007-10-03,3.96,4.02,4.24,4.55,4.79,1.99,1.17,,,,18.8,77.8,39.38
2007-10-04,3.96,4.0,4.22,4.54,4.77,1.97,1.13,,,,18.44,77.84,39.37
2007-10-05,4.0,4.08,4.33,4.65,4.87,1.94,1.13,,,,16.91,79.05,39.47
2007-10-08,,,,,,,,,,,17.46,76.94,39.47
2007-10-09,4.06,4.15,4.38,4.67,4.87,1.9,1.11,,,,16.12,77.82,38.48
2007-10-10,4.06,4.15,4.37,4.65,4.86,1.91,1.12,,,,16.67,77.85,39.13
2007-10-11,4.12,4.13,4.36,4.66,4.87,1.9,1.13,,,,18.88,80.83,39.2
2007-10-12,4.2,4.23,4.42,4.7,4.91,1.87,1.07,,,,17.73,80.82,39.16
2007-10-15,4.3,4.22,4.4,4.69,4.91,1.88,1.09,,,,19.25,82.5,39.29
2007-10-16,4.25,4.12,4.34,4.66,4.9,1.92,1.12,,,,20.02,84.43,39.23
2007-10-17,4.01,4.0,4.22,4.57,4.82,1.91,1.1,,,,18.54,85.24,39.35
2007-10-18,3.76,3.93,4.17,4.52,4.78,1.94,1.12,,,,18.5,85.03,39.72
2007-10-19,3.86,3.8,4.03,4.41,4.68,1.97,1.14,,,,22.96,84.25,39.6
2007-10-22,4.0,3.85,4.08,4.42,4.68,1.96,1.14,,,,21.64,82.72,39.72
2007-10-23,3.98,3.81,4.06,4.41,4.69,1.98,1.16,,,,20.41,82.31,39.48
2007-10-24,3.85,3.74,3.99,4.36,4.64,1.98,1.15,,,,20.8,83.47,39.49
2007-10-25,3.94,3.74,4.01,4.37,4.66,1.99,1.16,,,,21.17,85.4,39.35
2007-10-26,3.96,3.77,4.04,4.41,4.68,1.98,1.14,,,,19.56,84.71,39.3
2007-10-29,4.01,3.79,4.04,4.39,4.66,1.98,1.14,,,,19.87,89.87,39.32
2007-10-30,3.96,3.82,4.06,4.4,4.68,1.99,1.14,,,,21.07,89.87,39.3
2007-10-31,3.94,3.94,4.16,4.48,4.74,1.99,1.14,,,,18.53,89.87,39.26
2007-11-01,3.81,3.77,4.02,4.36,4.64,2.01,1.17,,,,23.21,90.36,39.22
2007-11-02,3.61,3.66,3.93,4.31,4.61,2.04,1.19,,,,23.01,92.11,39.25
2007-11-05,3.71,3.69,3.96,4.35,4.63,2.02,1.14,,,,24.31,92.16,39.18
2007-11-06,3.76,3.7,3.99,4.38,4.66,2.03,1.15,,,,21.39,93.99,39.23
2007-11-07,3.49,3.61,3.92,4.34,4.67,2.1,1.23,,,,26.49,94.85,39.15
2007-11-08,3.38,3.47,3.81,4.28,4.67,2.16,1.27,,,,26.16,94.4,39.13
2007-11-09,3.27,3.42,3.77,4.23,4.61,2.18,1.29,,,,28.5,92.32,39.11
2007-11-12,,,,,,,,,,,31.09,91.56,
2007-11-13,3.5,3.54,3.84,4.26,4.61,2.18,1.27,,,,24.1,89.09,39.22
2007-11-14,3.41,3.57,3.86,4.28,4.61,2.16,1.24,,,,25.94,90.73,39.18
2007-11-15,3.3,3.35,3.71,4.17,4.54,2.22,1.28,,,,28.06,90.32,39.18
2007-11-16,3.4,3.33,3.68,4.15,4.52,2.26,1.31,,,,25.49,91.99,39.24
2007-11-19,3.4,3.18,3.57,4.07,4.47,2.3,1.34,,,,26.01,91.59,39.23
2007-11-20,3.25,3.14,3.52,4.06,4.49,2.35,1.36,,,,24.88,94.13,39.32
2007-11-21,3.09,2.99,3.4,4.0,4.46,2.41,1.4,,,,26.84,94.97,39.29
2007-11-22,,,,,,,,,,,,,39.29
2007-11-23,3.23,3.07,3.42,4.01,4.43,2.37,1.36,,,,25.61,95.33,39.65
2007-11-26,3.13,2.92,3.23,3.83,4.26,2.4,1.38,,,,28.91,94.88,39.58
2007-11-27,3.16,3.05,3.38,3.95,4.36,2.41,1.33,,,,26.28,93.23,39.68
2007-11-28,3.05,3.17,3.5,4.03,4.41,2.4,1.31,,,,24.11,91.64,39.56
2007-11-29,2.99,3.06,3.42,3.94,4.35,2.46,1.35,,,,23.97,92.34,39.65
2007-11-30,3.15,3.04,3.41,3.97,4.4,2.47,1.37,,,,22.87,88.71,39.52
2007-12-03,3.06,2.9,3.28,3.89,4.34,2.52,1.4,,,,23.61,87.85,39.39
2007-12-04,3.07,2.9,3.28,3.89,4.34,2.53,1.39,,,,23.79,89.97,39.33
2007-12-05,3.07,2.9,3.28,3.92,4.39,2.58,1.4,,,,22.53,90.7,39.31
2007-12-06,3.09,3.03,3.39,4.02,4.49,2.59,1.42,,,,20.96,88.46,39.39
2007-12-07,3.12,3.12,3.51,4.12,4.58,2.61,1.42,,,,20.85,88.46,39.36
2007-12-10,3.05,3.17,3.54,4.15,4.6,2.59,1.42,,,,20.74,87.33,39.3
2007-12-11,2.94,2.94,3.32,3.98,4.47,2.63,1.48,,,,23.59,87.77,39.31
2007-12-12,2.88,3.07,3.41,4.05,4.51,2.63,1.46,,,,22.47,91.69,39.29
2007-12-13,2.87,3.21,3.54,4.18,4.61,2.58,1.41,,,,22.56,92.57,39.29
2007-12-14,2.88,3.31,3.63,4.24,4.66,2.55,1.4,,,,23.27,91.86,39.3
2007-12-17,3.07,3.24,3.57,4.2,4.62,2.55,1.4,,,,24.52,90.32,39.49
2007-12-18,3.04,3.19,3.53,4.14,4.55,2.52,1.38,,,,22.64,90.71,39.48
2007-12-19,2.91,3.12,3.46,4.06,4.47,2.54,1.4,,,,21.68,90.98,39.55
2007-12-20,2.92,3.09,3.45,4.04,4.46,2.51,1.38,,,,20.58,91.06,39.41
2007-12-21,3.0,3.19,3.58,4.18,4.58,2.5,1.35,,,,18.47,91.03,39.3
2007-12-24,3.33,3.24,3.65,4.23,4.62,2.49,1.34,,,,18.6,91.59,39.38
2007-12-25,,,,,,,,,,,,,
2007-12-26,3.32,3.31,3.72,4.3,4.68,2.49,1.34,,,,18.66,,39.38
2007-12-27,3.17,3.24,3.64,4.21,4.61,2.52,1.36,,,,20.26,95.66,39.4
2007-12-28,3.18,3.12,3.52,4.11,4.51,2.51,1.37,,,,20.74,95.92,39.43
2007-12-31,3.36,3.05,3.45,4.04,4.45,2.52,1.37,,,,22.5,93.68,39.41
2008-01-01,,,,,,,,,,,,,
2008-01-02,3.26,2.88,3.28,3.91,4.35,2.54,1.4,,,,23.17,97.01,39.41
2008-01-03,3.24,2.83,3.26,3.91,4.37,2.57,1.42,,,,22.49,98.45,39.26
2008-01-04,3.2,2.74,3.18,3.88,4.36,2.59,1.46,,,,23.94,96.87,39.15
2008-01-07,3.27,2.76,3.16,3.86,4.34,2.6,1.43,,,,23.79,94.19,39.15
2008-01-08,3.25,2.76,3.16,3.86,4.35,2.63,1.45,,,,25.43,96.37,39.13
2008-01-09,3.22,2.69,3.1,3.82,4.32,2.67,1.5,,,,24.12,96.76,39.13
2008-01-10,3.24,2.71,3.16,3.91,4.44,2.73,1.58,,,,23.45,92.8,39.27
2008-01-11,3.09,2.59,3.06,3.82,4.39,2.77,1.56,,,,23.68,91.86,39.15
2008-01-14,3.19,2.58,3.08,3.81,4.37,2.76,1.55,,,,22.9,92.58,39.14
2008-01-15,3.17,2.53,3.0,3.72,4.28,2.78,1.56,,,,23.34,90.87,39.26
2008-01-16,3.14,2.51,3.0,3.74,4.32,2.77,1.55,,,,24.38,88.1,39.29
2008-01-17,3.07,2.44,2.9,3.66,4.25,2.81,1.58,,,,28.46,88.96,39.16
2008-01-18,2.86,2.36,2.86,3.66,4.28,2.87,1.62,,,,27.18,89.66,39.2
2008-01-21,,,,,,,,,,,,,
2008-01-22,2.35,2.08,2.64,3.52,4.23,2.98,1.75,,,,31.01,88.11,39.38
2008-01-23,2.21,2.09,2.64,3.51,4.23,2.95,1.71,,,,29.02,87.06,39.55
2008-01-24,2.37,2.25,2.85,3.68,4.36,2.95,1.71,,,,27.78,87.69,39.37
2008-01-25,2.3,2.23,2.81,3.61,4.28,2.95,1.71,,,,29.08,90.96,39.33
2008-01-28,2.34,2.2,2.8,3.61,4.29,2.97,1.71,,,,27.78,90.91,39.35
2008-01-29,2.28,2.29,2.87,3.69,4.34,2.94,1.68,,,,27.32,92.49,39.28
2008-01-30,2.21,2.3,2.96,3.78,4.44,2.94,1.69,,,,27.62,92.46,39.35
2008-01-31,1.96,2.17,2.82,3.67,4.35,2.96,1.71,,,,26.2,91.58,39.31
2008-02-01,2.1,2.09,2.75,3.62,4.32,2.98,1.73,,,,24.02,91.41,39.12
2008-02-04,2.27,2.08,2.78,3.68,4.37,2.98,1.71,,,,25.99,91.09,39.13
2008-02-05,2.19,1.93,2.66,3.61,4.33,3.01,1.72,,,,28.24,89.6,39.4
2008-02-06,2.1,1.96,2.67,3.61,4.37,3.05,1.75,,,,28.97,88.73,39.49
2008-02-07,2.17,1.99,2.79,3.74,4.51,3.06,1.75,,,,27.66,88.55,39.43
2008-02-08,2.23,1.93,2.69,3.64,4.43,3.09,1.79,,,,28.01,91.45,39.61
2008-02-11,2.31,1.93,2.67,3.62,4.41,3.09,1.8,,,,27.6,93.93,39.6
2008-02-12,2.31,1.94,2.71,3.66,4.46,3.11,1.84,,,,26.33,94.28,39.56
2008-02-13,2.28,1.91,2.71,3.7,4.52,3.11,1.82,,,,24.88,93.82,39.75
2008-02-14,2.31,1.93,2.81,3.85,4.67,3.1,1.82,,,,25.54,95.92,39.57
2008-02-15,2.21,1.91,2.76,3.76,4.58,3.14,1.85,,,,25.02,96.96,39.65
2008-02-18,,,,,,,,,,,,,
2008-02-19,2.28,2.06,2.93,3.89,4.66,3.07,1.78,,,,25.59,97.03,39.91
2008-02-20,2.25,2.14,3.02,3.93,4.65,3.03,1.73,,,,24.4,97.88,40.11
2008-02-21,2.2,1.98,2.8,3.77,4.54,3.1,1.79,,,,25.12,97.52,39.83
2008-02-22,2.2,1.98,2.81,3.79,4.58,3.12,1.81,,,,24.06,96.07,40.04
2008-02-25,2.2,2.13,2.98,3.91,4.67,3.08,1.77,,,,23.03,97.43,39.9
2008-02-26,2.14,2.04,2.92,3.88,4.66,3.1,1.8,,,,21.9,99.05,39.89
2008-02-27,1.98,2.01,2.89,3.85,4.65,3.11,1.8,,,,22.69,98.28,39.68
2008-02-28,1.9,1.87,2.73,3.71,4.55,3.17,1.84,,,,23.53,99.83,39.84
2008-02-29,1.85,1.65,2.5,3.53,4.41,3.22,1.89,,,,26.54,100.9,39.96
2008-03-03,1.7,1.61,2.48,3.54,4.42,3.22,1.89,,,,26.28,101.83,40.33
2008-03-04,1.66,1.65,2.53,3.63,4.52,3.19,1.85,,,,25.52,98.6,40.27
2008-03-05,1.53,1.66,2.59,3.7,4.6,3.26,1.91,,,,24.6,100.95,40.19
2008-03-06,1.39,1.53,2.5,3.62,4.57,3.35,1.99,,,,27.55,103.47,40.13
2008-03-07,1.45,1.53,2.45,3.56,4.55,3.39,2.01,,,,27.49,104.66,40.42
2008-03-10,1.35,1.47,2.37,3.46,4.45,3.43,2.04,,,,29.38,105.33,40.39
2008-03-11,1.48,1.74,2.61,3.6,4.53,3.39,2.03,,,,26.36,106.78,40.23
2008-03-12,1.48,1.63,2.49,3.49,4.4,3.39,2.0,,,,27.22,107.99,40.02
2008-03-13,1.35,1.63,2.53,3.56,4.47,3.39,1.97,,,,27.29,109.18,40.18
2008-03-14,1.18,1.47,2.37,3.44,4.35,3.42,2.04,,,,31.16,109.16,40.4
2008-03-17,1.11,1.35,2.23,3.34,4.29,3.5,2.13,,,,32.24,104.41,40.46
2008-03-18,0.92,1.58,2.42,3.48,4.35,3.39,2.02,,,,25.79,105.35,40.2
2008-03-19,0.61,1.54,2.36,3.38,4.22,3.44,2.04,,,,29.84,102.65,40.0
2008-03-20,0.63,1.59,2.36,3.34,4.17,3.42,2.01,,,,26.62,99.78,40.32
2008-03-21,,,,,,,,,,,,,39.86
2008-03-24,1.24,1.84,2.64,3.56,4.33,3.34,1.93,,,,25.73,100.93,40.03
2008-03-25,1.29,1.79,2.61,3.51,4.3,3.39,1.98,,,,25.72,99.91,39.93
2008-03-26,1.29,1.71,2.55,3.51,4.33,3.41,2.0,,,,26.08,102.83,39.96
2008-03-27,1.3,1.73,2.61,3.56,4.38,3.41,2.0,,,,25.88,103.89,39.95
2008-03-28,1.33,1.67,2.51,3.47,4.33,3.47,2.05,,,,25.71,102.68,39.76
2008-03-31,1.38,1.62,2.46,3.45,4.3,3.45,2.03,,,,25.61,102.33,40.02
2008-04-01,1.4,1.8,2.65,3.57,4.4,3.43,2.0,,,,22.68,98.69,39.88
2008-04-02,1.41,1.88,2.72,3.6,4.38,3.4,1.97,,,,23.43,98.85,39.88
2008-04-03,1.4,1.91,2.75,3.61,4.4,3.38,1.96,,,,23.21,102.31,39.94
2008-04-04,1.35,1.83,2.63,3.5,4.32,3.4,1.95,,,,22.45,102.21,39.93
2008-04-07,1.45,1.95,2.75,3.57,4.36,3.37,1.93,,,,22.42,105.98,39.96
2008-04-08,1.41,1.87,2.72,3.58,4.37,3.37,1.94,,,,22.36,105.05,39.9
2008-04-09,1.31,1.77,2.59,3.49,4.31,3.38,1.95,,,,22.81,107.46,39.91
2008-04-10,1.27,1.84,2.66,3.55,4.34,3.35,1.92,,,,21.98,107.37,39.89
2008-04-11,1.19,1.76,2.57,3.49,4.3,3.38,1.94,,,,23.46,107.15,39.84
2008-04-14,1.08,1.78,2.6,3.53,4.35,3.39,1.94,,,,23.82,108.32,39.86
2008-04-15,1.1,1.84,2.68,3.6,4.42,3.39,1.94,,,,22.78,110.84,39.83
2008-04-16,1.12,1.98,2.82,3.72,4.54,3.39,1.96,,,,20.53,110.95,39.89
2008-04-17,1.23,2.13,2.9,3.75,4.54,3.34,1.9,,,,20.37,111.34,39.79
2008-04-18,1.35,2.19,2.95,3.77,4.51,3.26,1.87,,,,20.13,110.67,39.73
2008-04-21,1.34,2.2,2.95,3.75,4.48,3.22,1.85,,,,20.5,111.35,39.92
2008-04-22,1.27,2.24,2.96,3.74,4.46,3.21,1.8,,,,20.87,113.54,39.93
2008-04-23,1.26,2.22,2.98,3.77,4.49,3.18,1.77,,,,20.26,115.34,40.0
2008-04-24,1.26,2.41,3.15,3.87,4.56,3.13,1.73,,,,20.06,114.85,40.14
2008-04-25,1.34,2.44,3.2,3.91,4.61,3.14,1.73,,,,19.59,116.62,40.13
2008-04-28,1.43,2.36,3.14,3.86,4.57,3.11,1.76,,,,19.64,115.7,40.1
2008-04-29,1.46,2.35,3.11,3.85,4.55,3.11,1.76,,,,20.24,113.86,40.37
2008-04-30,1.43,2.29,3.03,3.77,4.49,3.1,1.74,,,,20.79,111.12,40.45
2008-05-01,1.45,2.37,3.06,3.78,4.49,3.04,1.72,,,,18.88,107.3,40.58
2008-05-02,1.5,2.47,3.18,3.89,4.57,2.97,1.69,,,,18.18,111.92,40.55
2008-05-05,1.53,2.42,3.14,3.88,4.58,3.01,1.69,,,,18.9,115.68,40.45
2008-05-06,1.63,2.38,3.15,3.93,4.64,3.01,1.7,,,,18.21,119.88,40.8
2008-05-07,1.67,2.31,3.09,3.87,4.61,3.05,1.74,,,,19.73,120.27,41.3
2008-05-08,1.66,2.25,2.99,3.79,4.5,3.08,1.74,,,,19.4,119.85,41.66
2008-05-09,1.69,2.25,2.98,3.77,4.53,3.07,1.72,,,,19.41,123.54,41.55
2008-05-12,1.77,2.3,3.0,3.78,4.53,3.06,1.71,,,,17.79,122.89,42.0
2008-05-13,1.83,2.47,3.17,3.9,4.62,3.04,1.69,,,,17.98,123.11,42.08
2008-05-14,1.82,2.53,3.22,3.92,4.63,3.06,1.69,,,,17.66,121.18,42.34
2008-05-15,1.83,2.45,3.1,3.83,4.56,3.08,1.72,,,,16.3,122.76,42.6
2008-05-16,1.84,2.47,3.12,3.85,4.58,3.06,1.7,,,,16.47,122.98,42.5
2008-05-19,1.82,2.42,3.09,3.83,4.56,3.07,1.71,,,,17.01,122.19,42.46
2008-05-20,1.86,2.34,3.02,3.78,4.53,3.08,1.72,,,,17.58,124.12,42.5
2008-05-21,1.86,2.41,3.09,3.81,4.55,3.08,1.71,,,,18.59,127.28,42.77
2008-05-22,1.86,2.56,3.24,3.92,4.63,3.06,1.67,,,,18.05,129.04,42.93
2008-05-23,1.86,2.46,3.15,3.85,4.57,3.06,1.67,,,,19.55,129.72,42.68
2008-05-26,,,,,,,,,,,,,
2008-05-27,1.89,2.55,3.25,3.93,4.65,3.08,1.68,,,,19.64,128.92,42.86
2008-05-28,1.89,2.62,3.36,4.03,4.71,3.03,1.63,,,,19.07,128.93,42.75
2008-05-29,1.9,2.67,3.41,4.08,4.76,3.04,1.65,,,,18.14,129.33,42.53
2008-05-30,1.89,2.66,3.41,4.06,4.72,3.0,1.61,,,,17.83,127.85,42.15
2008-06-02,1.85,2.51,3.28,3.98,4.68,3.05,1.66,,,,19.83,128.5,42.38
2008-06-03,1.85,2.45,3.21,3.92,4.63,3.03,1.65,,,,20.24,126.28,42.5
2008-06-04,1.84,2.47,3.26,3.98,4.71,3.04,1.66,,,,20.8,121.72,42.6
2008-06-05,1.85,2.52,3.34,4.06,4.75,3.01,1.63,,,,18.63,122.36,42.82
2008-06-06,1.85,2.4,3.2,3.94,4.65,3.04,1.67,,,,23.56,132.81,42.63
2008-06-09,1.89,2.73,3.41,4.02,4.64,2.94,1.56,,,,23.12,134.43,42.85
2008-06-10,2.02,2.91,3.54,4.11,4.7,2.94,1.55,,,,23.18,135.24,42.92
2008-06-11,1.96,2.83,3.49,4.1,4.72,2.97,1.56,,,,24.12,134.52,42.65
2008-06-12,2.0,3.03,3.68,4.23,4.77,2.9,1.5,,,,23.33,132.11,42.7
2008-06-13,1.99,3.05,3.73,4.27,4.79,2.9,1.49,,,,21.22,134.29,42.86
2008-06-16,2.07,3.02,3.73,4.25,4.77,2.92,1.5,,,,20.95,133.9,42.93
2008-06-17,1.99,2.94,3.66,4.23,4.78,2.94,1.53,,,,21.13,131.27,42.86
2008-06-18,1.93,2.89,3.57,4.16,4.72,2.95,1.54,,,,22.24,129.12,42.8
2008-06-19,1.91,2.99,3.67,4.22,4.76,2.92,1.55,,,,21.58,131.84,42.91
2008-06-20,1.87,2.88,3.57,4.16,4.71,2.95,1.56,,,,22.87,134.28,42.86
2008-06-23,1.87,2.98,3.65,4.19,4.71,2.93,1.54,,,,22.64,134.54,42.97
2008-06-24,1.83,2.87,3.52,4.1,4.65,2.98,1.58,,,,22.42,135.37,42.75
2008-06-25,1.81,2.82,3.54,4.12,4.65,2.96,1.55,,,,21.14,131.59,42.73
2008-06-26,1.74,2.68,3.44,4.07,4.62,3.0,1.6,,,,23.93,136.82,42.6
2008-06-27,1.68,2.65,3.36,3.99,4.53,3.04,1.62,,,,23.44,139.38,42.78
2008-06-30,1.9,2.63,3.34,3.99,4.53,3.05,1.61,,,,23.95,138.4,42.93
2008-07-01,1.87,2.63,3.33,4.01,4.55,3.06,1.61,,,,23.65,140.67,43.23
2008-07-02,1.82,2.6,3.31,3.99,4.51,3.05,1.58,,,,25.92,141.24,43.15
2008-07-03,1.84,2.54,3.28,3.99,4.53,3.08,1.61,,,,24.79,143.95,43.17
2008-07-04,,,,,,,,,,,,,
2008-07-07,1.87,2.47,3.23,3.95,4.51,3.1,1.62,,,,25.78,139.62,43.29
2008-07-08,1.86,2.47,3.19,3.91,4.46,3.11,1.61,,,,23.15,134.15,43.23
2008-07-09,1.82,2.41,3.11,3.85,4.42,3.14,1.65,,,,25.23,133.91,43.02
2008-07-10,1.67,2.44,3.1,3.83,4.42,3.17,1.66,,,,25.59,135.81,42.94
2008-07-11,1.62,2.59,3.27,3.96,4.52,3.15,1.63,,,,27.49,143.68,42.8
2008-07-14,1.52,2.47,3.2,3.9,4.47,3.16,1.64,,,,28.48,142.43,42.8
2008-07-15,1.39,2.39,3.12,3.87,4.48,3.22,1.71,,,,28.54,136.02,43.12
2008-07-16,1.37,2.44,3.2,3.97,4.59,3.24,1.73,,,,25.1,133.31,43.05
2008-07-17,1.43,2.58,3.35,4.07,4.65,3.2,1.68,,,,25.01,134.16,42.7
2008-07-18,1.48,2.66,3.42,4.11,4.66,3.17,1.66,,,,24.05,129.34,42.66
2008-07-21,1.48,2.66,3.41,4.09,4.64,3.18,1.67,,,,23.05,129.34,42.57
2008-07-22,1.55,2.74,3.48,4.14,4.67,3.13,1.64,,,,21.18,127.18,42.65
2008-07-23,1.59,2.81,3.51,4.16,4.69,3.14,1.65,,,,21.31,126.86,42.05
2008-07-24,1.65,2.61,3.37,4.03,4.6,3.19,1.69,,,,23.44,125.43,42.1
2008-07-25,1.75,2.7,3.45,4.13,4.69,3.17,1.68,,,,22.91,124.7,41.1
2008-07-28,1.73,2.59,3.34,4.06,4.63,3.16,1.67,,,,24.23,125.67,42.52
2008-07-29,1.72,2.65,3.39,4.09,4.64,3.13,1.65,,,,22.03,125.77,42.56
2008-07-30,1.7,2.64,3.36,4.07,4.64,3.17,1.69,,,,21.21,122.46,42.28
2008-07-31,1.68,2.52,3.25,3.99,4.59,3.22,1.74,,,,22.94,124.1,42.47
2008-08-01,1.66,2.51,3.23,3.97,4.57,3.21,1.73,,,,22.57,124.16,42.26
2008-08-04,1.75,2.53,3.23,3.98,4.58,3.22,1.74,,,,23.49,121.87,42.45
2008-08-05,1.75,2.54,3.28,4.04,4.63,3.2,1.72,,,,21.14,116.5,42.15
2008-08-06,1.64,2.56,3.3,4.06,4.68,3.24,1.76,,,,20.23,114.47,42.01
2008-08-07,1.66,2.43,3.16,3.92,4.56,3.25,1.78,,,,21.15,116.94,42.05
2008-08-08,1.7,2.51,3.21,3.94,4.55,3.23,1.74,,,,20.66,113.03,42.05
2008-08-11,1.87,2.56,3.27,3.99,4.61,3.24,1.75,,,,20.12,110.54,42.06
2008-08-12,1.86,2.45,3.16,3.91,4.55,3.26,1.77,,,,21.17,108.98,42.34
2008-08-13,1.85,2.5,3.21,3.94,4.57,3.25,1.76,,,,21.55,110.68,42.55
2008-08-14,1.89,2.45,3.15,3.89,4.52,3.26,1.76,,,,20.34,111.82,43.0
2008-08-15,1.85,2.4,3.11,3.84,4.47,3.27,1.77,,,,19.58,108.8,42.8
2008-08-18,1.82,2.35,3.07,3.82,4.44,3.26,1.75,,,,20.98,109.33,43.49
2008-08-19,1.8,2.32,3.07,3.83,4.47,3.28,1.77,,,,21.28,109.02,43.51
2008-08-20,1.71,2.25,3.0,3.79,4.43,3.31,1.78,,,,20.42,108.72,43.61
2008-08-21,1.72,2.33,3.08,3.84,4.46,3.28,1.75,,,,19.82,117.24,43.43
2008-08-22,1.7,2.42,3.14,3.87,4.46,3.27,1.72,,,,18.81,113.99,43.32
2008-08-25,1.74,2.33,3.04,3.79,4.4,3.3,1.74,,,,20.97,109.74,43.68
2008-08-26,1.71,2.35,3.06,3.79,4.4,3.31,1.74,,,,20.49,112.2,43.74
2008-08-27,1.67,2.31,3.02,3.77,4.38,3.3,1.74,,,,19.76,113.05,43.62
2008-08-28,1.74,2.37,3.09,3.79,4.38,3.29,1.72,,,,19.43,113.54,43.65
2008-08-29,1.72,2.36,3.1,3.83,4.43,3.29,1.77,,,,20.65,113.49,43.25
2008-09-01,,,,,,,,,,,,,
2008-09-02,1.72,2.26,3.0,3.74,4.36,3.33,1.8,,,,21.99,104.94,44.4
2008-09-03,1.7,2.26,2.95,3.71,4.32,3.32,1.79,,,,21.43,103.88,43.95
2008-09-04,1.69,2.2,2.87,3.64,4.27,3.37,1.82,,,,24.03,103.41,44.26
2008-09-05,1.68,2.23,2.91,3.66,4.27,3.37,1.8,,,,23.06,102.51,44.63
2008-09-08,1.71,2.3,2.96,3.66,4.26,3.37,1.79,,,,22.64,101.08,44.5
2008-09-09,1.66,2.23,2.9,3.62,4.2,3.35,1.75,,,,25.47,98.94,44.83
2008-09-10,1.65,2.22,2.91,3.65,4.23,3.37,1.81,,,,24.52,96.0,45.14
2008-09-11,1.61,2.18,2.87,3.64,4.2,3.41,1.8,,,,24.39,96.01,45.46
2008-09-12,1.49,2.23,2.97,3.74,4.32,3.43,1.82,,,,25.66,94.37,45.62
2008-09-15,1.02,1.78,2.59,3.47,4.12,3.66,1.99,,,,31.7,90.45,45.93
2008-09-16,0.84,1.89,2.64,3.48,4.08,3.68,2.01,,,,30.3,85.85,46.81
2008-09-17,0.03,1.64,2.52,3.41,4.08,3.84,2.17,,,,36.22,86.09,46.16
2008-09-18,0.23,1.78,2.67,3.54,4.14,3.79,2.14,,,,33.1,90.89,46.36
2008-09-19,0.99,2.16,3.01,3.78,4.36,3.77,2.15,,,,32.07,93.46,45.71
2008-09-22,1.28,2.13,3.04,3.83,4.41,3.78,2.08,,,,33.85,100.43,45.3
2008-09-23,0.8,2.11,3.03,3.85,4.43,3.77,2.09,,,,35.72,100.72,45.65
2008-09-24,0.49,2.03,2.91,3.8,4.4,3.78,2.08,,,,35.19,102.09,45.92
2008-09-25,0.76,2.16,3.09,3.88,4.4,3.86,2.04,,,,32.82,100.45,46.08
2008-09-26,0.87,2.11,3.05,3.85,4.36,3.88,2.06,,,,34.74,100.88,46.48
2008-09-29,0.94,1.7,2.7,3.61,4.13,4.01,2.15,,,,46.72,95.96,46.49
2008-09-30,0.92,2.0,2.98,3.85,4.31,4.0,2.16,,,,39.39,93.52,46.45
2008-10-01,0.85,1.82,2.87,3.77,4.22,4.1,2.25,,,,39.81,92.19,46.47
2008-10-02,0.63,1.62,2.68,3.66,4.16,4.31,2.38,,,,45.26,88.88,46.63
2008-10-03,0.51,1.6,2.64,3.63,4.11,4.35,2.35,,,,45.14,88.95,47.01
2008-10-06,0.54,1.43,2.45,3.48,3.99,4.43,2.41,,,,52.05,84.71,47.77
2008-10-07,0.82,1.47,2.45,3.5,4.01,4.55,2.47,,,,53.68,83.17,47.78
2008-10-08,0.68,1.65,2.7,3.72,4.09,4.49,2.39,,,,57.53,80.77,48.0
2008-10-09,0.6,1.65,2.79,3.84,4.14,4.48,2.35,,,,63.92,81.65,48.0
2008-10-10,0.25,1.62,2.77,3.89,4.15,4.86,2.54,,,,69.95,74.58,48.41
2008-10-13,,,,,,,,,,,54.99,74.37,
2008-10-14,0.34,1.82,3.01,4.08,4.27,4.78,2.47,,,,55.13,74.98,47.93
2008-10-15,0.22,1.64,2.9,4.04,4.25,4.94,2.28,,,,69.25,66.86,48.53
2008-10-16,0.46,1.61,2.84,3.99,4.25,5.09,2.48,,,,67.61,64.14,48.88
2008-10-17,0.83,1.64,2.83,3.98,4.32,5.45,2.57,,,,70.33,66.05,48.88
2008-10-20,1.24,1.71,2.82,3.91,4.26,5.52,2.6,,,,52.97,67.45,48.96
2008-10-21,1.1,1.58,2.63,3.76,4.2,5.6,2.68,,,,53.11,65.99,49.1
2008-10-22,1.05,1.53,2.56,3.65,4.07,5.6,2.64,,,,69.65,62.95,49.25
2008-10-23,0.98,1.54,2.57,3.63,3.99,5.48,2.48,,,,67.8,65.06,49.82
2008-10-24,0.89,1.57,2.64,3.76,4.11,5.54,2.48,,,,79.13,60.57,49.96
2008-10-27,0.84,1.59,2.67,3.79,4.12,5.6,2.48,,,,80.06,59.34,49.8
2008-10-28,0.77,1.65,2.75,3.89,4.19,5.59,2.48,,,,66.96,58.87,49.57
2008-10-29,0.62,1.58,2.77,3.93,4.26,5.58,2.5,,,,69.96,64.0,49.71
2008-10-30,0.41,1.59,2.84,4.0,4.3,5.52,2.47,,,,62.9,60.86,49.68
2008-10-31,0.46,1.56,2.8,4.01,4.35,5.53,2.53,,,,59.89,60.0,49.4
2008-11-03,0.49,1.45,2.71,3.96,4.33,5.53,2.49,,,,53.68,60.32,48.61
2008-11-04,0.48,1.39,2.56,3.81,4.2,5.56,2.55,,,,47.73,62.78,47.25
2008-11-05,0.4,1.36,2.5,3.73,4.13,5.53,2.57,,,,54.56,61.09,47.28
2008-11-06,0.32,1.28,2.46,3.75,4.19,5.5,2.58,,,,63.68,56.14,47.64
2008-11-07,0.31,1.33,2.56,3.83,4.25,5.45,2.56,,,,56.1,56.84,47.54
2008-11-10,0.29,1.27,2.51,3.82,4.21,5.4,2.52,,,,59.98,57.08,47.3
2008-11-11,,,,,,,,,,,61.44,54.76,
2008-11-12,0.18,1.19,2.37,3.75,4.17,5.41,2.55,,,,66.46,52.47,49.2
2008-11-13,0.22,1.24,2.43,3.84,4.34,5.54,2.63,,,,59.83,51.32,49.0
2008-11-14,0.15,1.22,2.33,3.72,4.22,5.56,2.63,,,,66.31,50.7,48.78
2008-11-17,0.12,1.22,2.32,3.68,4.2,5.58,2.65,,,,69.15,50.82,49.19
2008-11-18,0.12,1.15,2.22,3.53,4.14,5.71,2.62,,,,67.64,49.1,49.51
2008-11-19,0.07,1.09,2.08,3.38,3.96,5.73,2.59,,,,74.26,48.35,49.84
2008-11-20,0.03,1.0,1.94,3.1,3.64,5.92,2.59,,,,80.86,45.79,50.12
2008-11-21,0.02,1.09,2.02,3.2,3.7,5.88,2.62,,,,72.67,44.91,49.53
2008-11-24,0.13,1.31,2.24,3.35,3.78,5.86,2.57,,,,64.7,49.51,49.94
2008-11-25,0.1,1.15,2.06,3.11,3.63,6.01,2.64,,,,60.9,47.51,49.87
2008-11-26,0.05,1.09,2.01,2.99,3.54,6.06,2.73,,,,54.92,49.39,49.18
2008-11-27,,,,,,,,,,,,,
2008-11-28,0.01,1.0,1.93,2.93,3.45,6.1,2.67,,,,55.84,47.72,49.55
2008-12-01,0.07,0.9,1.71,2.72,3.22,6.12,2.63,,,,68.51,47.58,49.94
2008-12-02,0.06,0.9,1.65,2.68,3.18,6.11,2.64,,,,62.98,45.64,50.05
2008-12-03,0.02,0.87,1.6,2.67,3.17,6.13,2.63,,,,60.72,44.39,49.92
2008-12-04,0.02,0.82,1.51,2.55,3.06,6.16,2.7,,,,63.64,43.83,49.82
2008-12-05,0.02,0.93,1.67,2.67,3.11,6.07,2.65,,,,59.93,37.04,49.6
2008-12-08,0.03,0.97,1.76,2.77,3.16,6.02,2.59,,,,58.49,40.02,49.44
2008-12-09,0.03,0.84,1.61,2.67,3.06,6.06,2.63,,,,58.91,39.77,49.28
2008-12-10,0.0,0.86,1.62,2.69,3.09,6.01,2.7,,,,55.73,39.34,48.7
2008-12-11,0.01,0.79,1.55,2.64,3.07,6.07,2.73,,,,55.78,43.54,48.19
2008-12-12,0.02,0.78,1.55,2.6,3.07,6.08,2.75,,,,54.28,42.38,48.2
2008-12-15,0.03,0.75,1.5,2.53,2.98,6.1,2.76,,,,56.76,45.02,47.62
2008-12-16,0.04,0.65,1.34,2.37,2.86,6.11,2.79,,,,52.37,42.0,47.81
2008-12-17,0.05,0.73,1.35,2.2,2.66,6.02,2.74,,,,49.84,41.84,47.5
2008-12-18,0.0,0.68,1.26,2.08,2.53,6.03,2.64,,,,47.34,40.19,46.74
2008-12-19,0.02,0.74,1.35,2.13,2.55,5.94,2.49,,,,44.93,39.52,47.05
2008-12-22,0.01,0.87,1.4,2.16,2.6,5.93,2.5,,,,44.56,38.08,47.71
2008-12-23,0.02,0.9,1.53,2.18,2.63,5.94,2.57,,,,45.02,35.27,48.66
2008-12-24,0.0,0.9,1.54,2.2,2.63,5.9,2.55,,,,44.21,34.45,47.76
2008-12-25,,,,,,,,,,,,,
2008-12-26,0.03,0.89,1.51,2.16,2.61,5.9,2.56,,,,43.38,33.73,48.42
2008-12-29,0.06,0.78,1.45,2.13,2.63,5.92,2.61,,,,43.9,34.16,48.25
2008-12-30,0.1,0.75,1.47,2.11,2.58,5.86,2.53,,,,41.63,35.22,48.05
2008-12-31,0.11,0.76,1.55,2.25,2.69,5.82,2.45,,,,40.0,35.82,48.58
2009-01-01,,,,,,,,,,,,,
2009-01-02,0.08,0.88,1.72,2.46,2.83,5.72,2.37,,,,39.19,42.94,48.25
2009-01-05,0.14,0.78,1.67,2.49,3.0,5.82,2.56,,,,39.08,45.84,48.5
2009-01-06,0.14,0.8,1.68,2.51,3.04,5.77,2.54,,,,38.56,48.89,48.5
2009-01-07,0.11,0.82,1.66,2.52,3.05,5.71,2.53,,,,43.39,46.23,48.56
2009-01-08,0.09,0.83,1.6,2.47,3.04,5.71,2.56,,,,42.56,42.94,48.45
2009-01-09,0.07,0.75,1.51,2.43,3.04,5.72,2.59,,,,42.82,42.34,48.26
2009-01-12,0.12,0.74,1.45,2.34,2.99,5.71,2.63,,,,45.84,40.86,48.78
2009-01-13,0.11,0.76,1.44,2.33,3.0,5.72,2.63,,,,43.27,43.05,48.89
2009-01-14,0.12,0.73,1.36,2.24,2.89,5.68,2.6,,,,49.14,42.27,48.75
2009-01-15,0.11,0.73,1.36,2.23,2.86,5.68,2.59,,,,51.0,42.32,48.87
2009-01-16,0.12,0.73,1.47,2.36,2.89,5.55,2.48,,,,46.11,43.42,48.62
2009-01-19,,,,,,,,,,,,,
2009-01-20,0.13,0.73,1.48,2.4,2.97,5.55,2.5,,,,56.65,41.22,49.01
2009-01-21,0.11,0.78,1.6,2.56,3.15,5.58,2.53,,,,46.42,39.9,49.0
2009-01-22,0.1,0.75,1.61,2.62,3.25,5.62,2.59,,,,47.29,42.42,49.07
2009-01-23,0.11,0.83,1.64,2.65,3.32,5.63,2.53,,,,47.27,43.13,49.0
2009-01-26,0.14,0.85,1.67,2.7,3.39,5.6,2.54,,,,45.69,48.0,48.5
2009-01-27,0.13,0.87,1.59,2.59,3.26,5.47,2.46,,,,42.25,42.86,48.85
2009-01-28,0.19,0.89,1.7,2.71,3.44,5.49,2.49,,,,39.66,42.86,48.81
2009-01-29,0.23,0.95,1.87,2.87,3.57,5.41,2.45,,,,42.63,43.13,48.49
2009-01-30,0.24,0.94,1.85,2.87,3.58,5.38,2.45,,,,44.84,44.17,48.83
2009-02-02,0.27,0.89,1.75,2.76,3.47,5.33,2.43,,,,45.52,42.96,48.84
2009-02-03,0.32,0.96,1.88,2.89,3.64,5.32,2.39,,,,43.06,43.15,48.37
2009-02-04,0.3,0.98,1.91,2.95,3.65,5.29,2.39,,,,43.85,43.68,48.68
2009-02-05,0.29,0.98,1.89,2.95,3.63,5.23,2.35,,,,43.73,43.92,48.72
2009-02-06,0.28,0.99,1.97,3.05,3.7,5.13,2.3,,,,43.37,44.49,48.61
2009-02-09,0.32,1.05,1.99,3.07,3.69,5.09,2.3,,,,43.64,47.23,48.52
2009-02-10,0.31,0.92,1.79,2.9,3.54,5.08,2.32,,,,46.67,45.88,48.68
2009-02-11,0.3,0.93,1.76,2.78,3.45,5.1,2.29,,,,44.53,44.24,48.78
2009-02-12,0.29,0.89,1.73,2.75,3.47,5.16,2.34,,,,41.25,47.23,48.7
2009-02-13,0.29,0.97,1.88,2.89,3.68,5.24,2.43,,,,42.93,43.36,48.58
2009-02-16,,,,,,,,,,,,,
2009-02-17,0.32,0.87,1.65,2.64,3.47,5.28,2.48,,,,48.66,39.69,49.6
2009-02-18,0.31,0.97,1.81,2.74,3.54,5.21,2.45,,,,48.46,39.41,49.84
2009-02-19,0.3,1.01,1.89,2.85,3.68,5.27,2.55,,,,47.08,42.36,49.73
2009-02-20,0.27,0.96,1.81,2.78,3.56,5.25,2.5,,,,49.3,42.19,49.71
2009-02-23,0.29,0.96,1.84,2.78,3.53,5.24,2.45,,,,52.62,41.27,49.46
2009-02-24,0.32,1.03,1.89,2.8,3.49,5.23,2.41,,,,45.49,40.18,49.75
2009-02-25,0.3,1.09,2.06,2.95,3.59,5.18,2.36,,,,44.67,42.37,49.95
2009-02-26,0.27,1.08,2.07,2.98,3.66,5.23,2.38,,,,44.66,45.15,50.32
2009-02-27,0.26,1.0,1.99,3.02,3.71,5.22,2.41,,,,46.35,44.41,50.88
2009-03-02,0.28,0.89,1.86,2.91,3.64,5.29,2.5,,,,52.65,42.6,51.8
2009-03-03,0.27,0.91,1.87,2.93,3.67,5.34,2.51,,,,50.93,42.72,51.96
2009-03-04,0.26,0.97,1.97,3.01,3.69,5.31,2.45,,,,47.56,46.07,51.53
2009-03-05,0.2,0.9,1.82,2.83,3.51,5.34,2.49,,,,50.17,44.45,51.6
2009-03-06,0.21,0.91,1.83,2.83,3.5,5.35,2.55,,,,49.33,43.48,51.68
2009-03-09,0.23,0.96,1.9,2.89,3.59,5.4,2.53,,,,49.68,44.55,51.91
2009-03-10,0.24,1.01,1.99,2.99,3.7,5.45,2.55,,,,44.37,44.99,51.35
2009-03-11,0.23,1.03,1.96,2.95,3.67,5.45,2.54,,,,43.61,43.2,50.98
2009-03-12,0.22,1.03,1.92,2.89,3.63,5.52,2.58,,,,41.18,42.19,51.69
2009-03-13,0.2,0.98,1.87,2.89,3.66,5.56,2.62,,,,42.36,44.97,51.54
2009-03-16,0.24,1.0,1.91,2.97,3.76,5.57,2.73,,,,43.74,44.12,51.31
2009-03-17,0.24,1.05,2.0,3.02,3.83,5.6,2.73,,,,40.8,45.53,51.42
2009-03-18,0.21,0.82,1.54,2.51,3.57,5.88,3.0,,,,40.06,45.22,51.22
2009-03-19,0.2,0.87,1.64,2.61,3.62,5.84,2.94,,,,43.68,48.03,50.21
2009-03-20,0.22,0.89,1.66,2.65,3.65,5.86,2.94,,,,45.89,49.27,50.51
2009-03-23,0.22,0.93,1.69,2.68,3.69,5.88,2.94,,,,43.23,51.84,50.38
2009-03-24,0.21,0.93,1.7,2.68,3.6,5.8,2.76,,,,42.93,51.32,50.4
2009-03-25,0.19,0.96,1.84,2.81,3.73,5.79,2.74,,,,42.25,51.46,50.5
2009-03-26,0.15,0.9,1.8,2.76,3.66,5.76,2.72,,,,40.36,51.89,50.4
2009-03-27,0.14,0.9,1.79,2.78,3.62,5.72,2.67,,,,41.04,50.81,50.46
2009-03-30,0.18,0.84,1.72,2.73,3.6,5.75,2.7,,,,45.54,49.05,51.12
2009-03-31,0.21,0.81,1.67,2.71,3.56,5.74,2.68,,,,44.14,46.13,50.87
2009-04-01,0.22,0.83,1.65,2.68,3.51,5.7,2.64,,,,42.28,45.92,50.48
2009-04-02,0.22,0.88,1.74,2.77,3.57,5.69,2.63,,,,42.04,50.89,50.22
2009-04-03,0.21,0.96,1.87,2.91,3.7,5.68,2.59,,,,39.7,50.48,49.91
2009-04-06,0.2,0.94,1.9,2.95,3.73,5.68,2.58,,,,40.93,50.91,50.01
2009-04-07,0.2,0.91,1.87,2.93,3.72,5.67,2.57,,,,40.39,50.62,50.0
2009-04-08,0.18,0.93,1.83,2.86,3.66,5.64,2.57,,,,38.85,52.06,50.28
2009-04-09,0.18,0.96,1.9,2.96,3.76,5.61,2.47,,,,36.53,52.33,49.82
2009-04-10,,,,,,,,,,,,,49.78
2009-04-13,0.18,0.89,1.81,2.88,3.69,5.6,2.45,,,,37.81,50.73,49.77
2009-04-14,0.17,0.86,1.71,2.8,3.64,5.6,2.5,,,,37.67,52.06,49.62
2009-04-15,0.15,0.86,1.71,2.82,3.66,5.53,2.47,,,,36.17,51.31,49.55
2009-04-16,0.13,0.91,1.79,2.86,3.72,5.52,2.49,,,,35.79,51.83,49.63
2009-04-17,0.14,0.99,1.91,2.98,3.79,5.43,2.35,,,,33.94,52.02,49.8
2009-04-20,0.14,0.93,1.82,2.88,3.69,5.35,2.35,,,,39.18,49.06,49.78
2009-04-21,0.15,0.96,1.87,2.94,3.74,5.3,2.35,,,,37.14,48.69,50.45
2009-04-22,0.14,1.0,1.92,2.98,3.82,5.33,2.4,,,,38.1,48.5,50.2
2009-04-23,0.1,0.97,1.89,2.96,3.8,5.3,2.38,,,,37.15,48.29,49.88
2009-04-24,0.1,0.99,1.96,3.03,3.89,5.25,2.39,,,,36.82,50.29,49.69
2009-04-27,0.13,0.9,1.87,2.95,3.84,5.3,2.44,,,,38.32,48.67,50.15
2009-04-28,0.13,0.95,1.97,3.05,3.97,5.24,2.45,,,,37.95,48.64,50.47
2009-04-29,0.11,0.94,2.01,3.12,4.01,5.17,2.34,,,,36.08,50.22,50.05
2009-04-30,0.14,0.91,2.02,3.16,4.05,5.08,2.29,,,,36.5,50.3,49.7
2009-05-01,0.16,0.92,2.03,3.21,4.09,5.01,2.29,,,,35.3,51.75,49.65
2009-05-04,0.19,0.94,2.03,3.19,4.06,4.98,2.28,,,,34.53,53.26,49.75
2009-05-05,0.19,0.98,2.05,3.2,4.06,4.93,2.19,,,,33.36,53.16,49.22
2009-05-06,0.19,0.96,2.06,3.18,4.09,4.91,2.24,,,,32.45,55.07,49.4
2009-05-07,0.18,1.0,2.15,3.29,4.25,4.9,2.31,,,,33.44,56.63,49.09
2009-05-08,0.19,1.0,2.15,3.29,4.28,4.85,2.31,,,,32.05,56.02,49.13
2009-05-11,0.19,0.92,2.04,3.17,4.18,4.88,2.34,,,,32.87,55.99,49.44
2009-05-12,0.19,0.9,2.02,3.17,4.16,4.86,2.31,,,,31.8,56.52,49.21
2009-05-13,0.17,0.89,1.98,3.11,4.09,4.86,2.3,,,,33.65,56.84,49.58
2009-05-14,0.16,0.87,1.98,3.1,4.06,4.87,2.29,,,,31.37,56.25,49.65
2009-05-15,0.17,0.88,2.01,3.14,4.09,4.85,2.27,,,,33.12,56.33,49.38
2009-05-18,0.19,0.93,2.09,3.22,4.18,4.85,2.28,,,,30.24,56.51,47.58
2009-05-19,0.18,0.91,2.12,3.25,4.21,4.79,2.28,,,,28.8,57.12,47.65
2009-05-20,0.18,0.87,2.05,3.19,4.14,4.74,2.29,,,,29.03,59.1,47.3
2009-05-21,0.19,0.89,2.16,3.35,4.3,4.7,2.28,,,,31.35,58.02,47.3
2009-05-22,0.18,0.92,2.23,3.45,4.38,4.66,2.27,,,,32.63,58.7,46.95
2009-05-25,,,,,,,,,,,,,
2009-05-26,0.18,0.96,2.3,3.5,4.45,4.62,2.27,,,,30.62,59.05,47.7
2009-05-27,0.17,0.96,2.43,3.71,4.59,4.48,2.17,,,,32.36,61.28,47.61
2009-05-28,0.15,0.97,2.46,3.67,4.54,4.38,2.08,,,,31.67,63.47,47.5
2009-05-29,0.14,0.92,2.34,3.47,4.34,4.29,1.89,,,,28.92,64.98,47.11
2009-06-01,0.13,0.97,2.55,3.71,4.55,4.26,1.99,,,,30.04,66.6,46.78
2009-06-02,0.14,0.96,2.52,3.65,4.5,4.14,1.97,,,,29.63,67.67,46.84
2009-06-03,0.14,0.91,2.43,3.56,4.45,4.1,2.01,,,,31.02,66.15,46.88
2009-06-04,0.14,0.96,2.56,3.72,4.58,4.05,2.0,,,,30.18,67.68,47.19
2009-06-05,0.2,1.32,2.85,3.84,4.63,3.95,1.94,,,,29.62,67.77,47.05
2009-06-08,0.19,1.42,2.95,3.91,4.65,3.81,1.85,,,,29.77,67.61,47.5
2009-06-09,0.19,1.33,2.86,3.86,4.64,3.85,1.92,,,,28.27,68.94,47.3
2009-06-10,0.18,1.38,2.93,3.98,4.76,3.77,1.89,,,,28.46,70.52,47.18
2009-06-11,0.19,1.35,2.87,3.88,4.69,3.79,1.93,,,,28.11,71.71,47.49
2009-06-12,0.19,1.3,2.81,3.81,4.65,3.79,1.95,,,,28.15,70.62,47.6
2009-06-15,0.17,1.26,2.75,3.76,4.61,3.76,1.92,,,,30.81,68.49,47.67
2009-06-16,0.17,1.23,2.7,3.67,4.48,3.74,1.96,,,,32.68,70.52,47.61
2009-06-17,0.17,1.19,2.69,3.68,4.5,3.67,1.91,,,,31.54,68.95,47.96
2009-06-18,0.18,1.28,2.86,3.86,4.63,3.61,1.76,,,,30.03,69.96,48.18
2009-06-19,0.19,1.25,2.82,3.79,4.52,3.54,1.74,,,,27.99,70.48,48.0
2009-06-22,0.2,1.17,2.75,3.72,4.45,3.51,1.76,,,,31.17,66.13,48.5
2009-06-23,0.2,1.14,2.71,3.65,4.37,3.53,1.78,,,,30.58,66.36,48.45
2009-06-24,0.19,1.19,2.74,3.72,4.44,3.52,1.77,,,,29.05,68.47,48.4
2009-06-25,0.18,1.12,2.58,3.55,4.33,3.64,1.86,,,,26.36,68.82,48.5
2009-06-26,0.2,1.1,2.53,3.52,4.3,3.65,1.84,,,,25.93,68.1,48.0
2009-06-29,0.2,1.11,2.53,3.51,4.31,3.69,1.86,,,,25.35,69.75,48.0
2009-06-30,0.19,1.11,2.54,3.53,4.32,3.64,1.84,,,,26.35,68.11,47.74
2009-07-01,0.17,1.05,2.51,3.55,4.34,3.65,1.9,,,,26.22,68.52,47.75
2009-07-02,0.17,0.98,2.43,3.51,4.32,3.63,1.89,,,,27.95,65.74,47.9
2009-07-03,,,,,,,,,,,,,47.8
2009-07-06,0.19,0.96,2.4,3.52,4.35,3.66,1.91,,,,29.0,63.12,48.5
2009-07-07,0.19,0.98,2.36,3.47,4.31,3.66,1.91,,,,30.85,61.54,48.44
2009-07-08,0.18,0.91,2.23,3.33,4.17,3.66,1.91,,,,31.3,59.71,48.8
2009-07-09,0.19,0.94,2.33,3.44,4.31,3.71,1.95,,,,29.78,59.17,48.57
2009-07-10,0.18,0.91,2.22,3.32,4.2,3.71,1.96,,,,29.02,58.43,48.76
2009-07-13,0.18,0.92,2.27,3.38,4.25,3.7,1.93,,,,26.31,58.25,49.16
2009-07-14,0.18,0.97,2.37,3.5,4.38,3.68,1.93,,,,25.02,60.48,48.955
2009-07-15,0.18,1.03,2.52,3.63,4.48,3.63,1.88,,,,25.89,61.25,48.55
2009-07-16,0.19,1.0,2.46,3.59,4.45,3.6,1.86,,,,25.42,62.02,48.61
2009-07-17,0.17,1.02,2.52,3.67,4.53,3.56,1.85,,,,24.34,63.54,48.56
2009-07-20,0.19,0.99,2.46,3.61,4.47,3.55,1.85,,,,24.4,64.64,48.1
2009-07-21,0.19,0.96,2.36,3.5,4.38,3.55,1.84,,,,23.87,65.93,48.2
2009-07-22,0.19,0.98,2.43,3.58,4.45,3.53,1.85,,,,23.47,65.36,48.45
2009-07-23,0.19,1.08,2.6,3.72,4.58,3.48,1.83,,,,23.43,68.06,48.25
2009-07-24,0.18,1.05,2.57,3.7,4.55,3.41,1.8,,,,23.09,68.82,48.16
2009-07-27,0.19,1.08,2.63,3.75,4.62,3.4,1.82,,,,24.28,69.78,48.11
2009-07-28,0.19,1.12,2.63,3.72,4.56,3.32,1.78,,,,25.01,68.53,48.2
2009-07-29,0.19,1.17,2.69,3.69,4.5,3.23,1.72,,,,25.61,65.79,48.25
2009-07-30,0.18,1.19,2.66,3.67,4.44,3.13,1.66,,,,25.4,68.82,48.35
2009-07-31,0.18,1.13,2.53,3.52,4.31,3.11,1.66,,,,25.92,70.08,47.91
2009-08-03,0.19,1.18,2.66,3.66,4.42,3.04,1.63,,,,25.56,72.9,47.4
2009-08-04,0.18,1.2,2.68,3.7,4.45,2.99,1.58,,,,24.89,73.82,47.46
2009-08-05,0.18,1.23,2.73,3.8,4.57,2.95,1.56,,,,24.9,74.39,47.27
2009-08-06,0.17,1.22,2.73,3.79,4.53,2.9,1.52,,,,25.67,74.61,47.52
2009-08-07,0.19,1.32,2.84,3.89,4.61,2.85,1.57,,,,24.76,74.21,47.72
2009-08-10,0.19,1.24,2.75,3.8,4.52,2.85,1.57,,,,24.99,73.79,47.7
2009-08-11,0.18,1.21,2.69,3.71,4.44,2.88,1.6,,,,25.99,71.58,47.88
2009-08-12,0.17,1.18,2.7,3.72,4.53,2.97,1.68,,,,25.45,74.03,48.22
2009-08-13,0.17,1.12,2.58,3.59,4.44,2.99,1.7,,,,24.71,73.76,48.11
2009-08-14,0.18,1.07,2.51,3.55,4.41,3.02,1.76,,,,24.27,71.33,48.18
2009-08-17,0.18,1.04,2.43,3.48,4.33,3.08,1.76,,,,27.89,68.65,48.82
2009-08-18,0.18,1.06,2.48,3.51,4.35,3.07,1.77,,,,26.18,68.66,48.79
2009-08-19,0.17,1.01,2.43,3.45,4.28,3.1,1.76,,,,26.26,72.81,48.7
2009-08-20,0.17,1.03,2.43,3.42,4.24,3.09,1.76,,,,25.09,73.75,48.58
2009-08-21,0.17,1.13,2.58,3.56,4.36,3.06,1.74,,,,25.01,73.71,48.43
2009-08-24,0.17,1.05,2.5,3.48,4.27,3.05,1.72,,,,25.14,74.34,48.5
2009-08-25,0.17,1.05,2.48,3.45,4.22,3.01,1.69,,,,24.92,73.1,48.755
2009-08-26,0.15,1.06,2.46,3.44,4.2,2.98,1.67,,,,24.95,70.74,48.9
2009-08-27,0.15,1.04,2.48,3.47,4.23,2.96,1.67,,,,24.68,70.68,48.81
2009-08-28,0.15,1.01,2.46,3.46,4.21,2.95,1.66,,,,24.76,72.8,48.52
2009-08-31,0.15,0.97,2.39,3.4,4.18,2.98,1.72,,,,26.01,69.02,48.83
2009-09-01,0.14,0.92,2.33,3.38,4.19,3.01,1.76,,,,29.15,68.78,49.05
2009-09-02,0.14,0.89,2.26,3.29,4.09,2.99,1.75,,,,28.9,67.6,48.88
2009-09-03,0.15,0.91,2.29,3.33,4.15,3.0,1.76,,,,27.1,66.78,48.87
2009-09-04,0.14,0.94,2.36,3.45,4.27,3.0,1.76,,,,25.26,65.84,48.86
2009-09-07,,,,,,,,,,,,,
2009-09-08,0.14,0.93,2.38,3.47,4.31,2.98,1.78,,,,25.62,69.2,48.4
2009-09-09,0.14,0.93,2.38,3.48,4.33,3.01,1.78,,,,24.32,69.76,48.33
2009-09-10,0.14,0.9,2.29,3.36,4.19,2.96,1.74,,,,23.55,68.96,48.45
2009-09-11,0.14,0.9,2.29,3.34,4.18,2.97,1.76,,,,24.15,68.76,48.39
2009-09-14,0.14,0.94,2.37,3.42,4.22,2.94,1.71,,,,23.86,66.91,48.67
2009-09-15,0.13,0.96,2.41,3.47,4.27,2.93,1.7,,,,23.42,66.53,48.5
2009-09-16,0.1,1.01,2.46,3.48,4.26,2.91,1.69,,,,23.69,68.51,48.2
2009-09-17,0.1,0.98,2.41,3.42,4.19,2.87,1.67,,,,23.65,71.56,48.1
2009-09-18,0.08,1.03,2.49,3.49,4.24,2.85,1.7,,,,23.92,70.72,48.02
2009-09-21,0.11,1.02,2.47,3.49,4.23,2.86,1.71,,,,24.06,68.11,47.95
2009-09-22,0.11,1.02,2.45,3.46,4.2,2.84,1.7,,,,23.08,69.65,47.86
2009-09-23,0.11,0.96,2.4,3.44,4.21,2.84,1.71,,,,23.49,67.43,47.9
2009-09-24,0.1,0.93,2.37,3.4,4.17,2.86,1.73,,,,24.95,64.99,47.89
2009-09-25,0.1,0.98,2.36,3.34,4.1,2.83,1.71,,,,25.61,64.6,47.93
2009-09-28,0.11,0.98,2.33,3.31,4.04,2.81,1.69,,,,24.88,65.43,47.75
2009-09-29,0.13,1.0,2.34,3.31,4.03,2.81,1.68,,,,25.19,64.63,48.05
2009-09-30,0.14,0.95,2.31,3.31,4.03,2.86,1.73,,,,25.61,65.82,48.09
2009-10-01,0.1,0.87,2.2,3.21,3.97,2.9,1.74,,,,28.27,67.12,47.72
2009-10-02,0.1,0.88,2.22,3.24,4.01,2.93,1.79,,,,28.68,66.5,47.61
2009-10-05,0.08,0.88,2.21,3.24,4.01,2.95,1.79,,,,26.84,65.26,47.39
2009-10-06,0.08,0.91,2.25,3.27,4.07,2.94,1.79,,,,25.7,68.51,46.79
2009-10-07,0.09,0.87,2.16,3.21,3.99,2.92,1.76,,,,24.68,67.65,46.58
2009-10-08,0.06,0.9,2.22,3.27,4.09,2.96,1.8,,,,24.18,68.47,46.2
2009-10-09,0.07,0.98,2.36,3.4,4.22,2.96,1.79,,,,23.12,69.45,46.44
2009-10-12,,,,,,,,,,,23.01,70.75,
2009-10-13,0.07,0.91,2.28,3.34,4.16,2.95,1.78,,,,22.99,70.81,46.28
2009-10-14,0.07,0.96,2.36,3.45,4.28,2.96,1.79,,,,22.86,72.16,46.0
2009-10-15,0.07,0.97,2.41,3.49,4.31,2.96,1.79,,,,21.72,73.14,46.04
2009-10-16,0.07,0.97,2.37,3.43,4.24,2.93,1.77,,,,21.43,74.58,46.2
2009-10-19,0.08,0.99,2.36,3.41,4.21,2.91,1.75,,,,21.49,75.86,46.02
2009-10-20,0.08,0.95,2.3,3.35,4.16,2.91,1.76,,,,20.9,76.51,46.24
2009-10-21,0.07,1.0,2.38,3.42,4.22,2.89,1.75,,,,22.22,77.74,46.34
2009-10-22,0.06,0.97,2.39,3.44,4.24,2.88,1.75,,,,20.69,78.36,46.59
2009-10-23,0.07,1.04,2.46,3.51,4.29,2.8,1.66,,,,22.27,77.72,46.41
2009-10-26,0.08,1.06,2.53,3.59,4.37,2.83,1.72,,,,24.31,76.45,46.68
2009-10-27,0.08,0.99,2.41,3.49,4.29,2.84,1.72,,,,24.83,76.69,46.93
2009-10-28,0.07,0.95,2.37,3.44,4.25,2.85,1.72,,,,27.91,75.11,47.16
2009-10-29,0.06,0.98,2.44,3.53,4.35,2.86,1.74,,,,24.76,77.18,47.18
2009-10-30,0.05,0.9,2.31,3.41,4.23,2.86,1.75,,,,30.69,74.91,46.9
2009-11-02,0.06,0.92,2.33,3.45,4.26,2.85,1.74,,,,29.78,75.56,46.81
2009-11-03,0.06,0.92,2.36,3.5,4.34,2.87,1.74,,,,28.81,75.68,47.37
2009-11-04,0.05,0.91,2.39,3.57,4.41,2.89,1.75,,,,27.72,78.21,46.94
2009-11-05,0.04,0.9,2.35,3.57,4.41,2.86,1.76,,,,25.43,78.02,46.93
2009-11-06,0.06,0.86,2.3,3.54,4.4,2.86,1.74,,,,24.19,75.51,46.83
2009-11-09,0.07,0.87,2.31,3.52,4.4,2.89,1.77,,,,23.15,77.18,46.36
2009-11-10,0.07,0.85,2.31,3.5,4.41,2.92,1.8,,,,22.84,77.07,46.3
2009-11-11,,,,,,,,,,,23.04,76.99,
2009-11-12,0.07,0.82,2.28,3.45,4.41,2.94,1.82,,,,24.24,75.18,46.6
2009-11-13,0.06,0.82,2.28,3.43,4.36,2.93,1.81,,,,23.36,74.81,46.24
2009-11-16,0.07,0.78,2.19,3.33,4.26,2.92,1.81,,,,22.89,77.14,46.06
2009-11-17,0.06,0.78,2.19,3.33,4.26,2.92,1.8,,,,22.41,77.36,46.2
2009-11-18,0.04,0.77,2.21,3.36,4.29,2.94,1.82,,,,21.63,78.64,46.2
2009-11-19,0.02,0.73,2.18,3.35,4.29,2.92,1.82,,,,22.63,76.45,46.73
2009-11-20,0.02,0.75,2.2,3.36,4.3,2.93,1.8,,,,22.19,75.61,46.63
2009-11-23,0.05,0.77,2.2,3.37,4.29,2.92,1.74,,,,21.16,78.14,46.4
2009-11-24,0.05,0.73,2.15,3.32,4.25,2.93,1.76,,,,20.47,75.35,46.31
2009-11-25,0.05,0.73,2.11,3.28,4.23,2.95,1.78,,,,20.48,76.57,46.18
2009-11-26,,,,,,,,,,,,,
2009-11-27,0.03,0.68,2.03,3.21,4.21,2.99,1.82,,,,24.85,76.0,46.55
2009-11-30,0.06,0.67,2.01,3.21,4.2,2.99,1.8,,,,24.51,77.77,46.44
2009-12-01,0.06,0.67,2.03,3.28,4.26,3.0,1.81,,,,21.92,78.68,46.21
2009-12-02,0.05,0.72,2.09,3.32,4.26,2.95,1.77,,,,21.12,76.96,46.24
2009-12-03,0.06,0.74,2.14,3.39,4.33,2.93,1.75,,,,22.46,77.76,46.0
2009-12-04,0.06,0.84,2.24,3.48,4.4,2.91,1.75,,,,21.25,77.74,46.1
2009-12-07,0.04,0.78,2.19,3.44,4.4,2.93,1.78,,,,22.1,76.18,46.45
2009-12-08,0.03,0.73,2.12,3.4,4.39,2.92,1.79,,,,23.69,74.93,46.6
2009-12-09,0.03,0.76,2.15,3.45,4.41,2.89,1.77,,,,22.66,73.63,46.51
2009-12-10,0.02,0.78,2.19,3.49,4.5,2.93,1.82,,,,22.32,70.91,46.5
2009-12-11,0.03,0.83,2.26,3.55,4.49,2.86,1.76,,,,21.59,70.07,46.47
2009-12-14,0.04,0.87,2.3,3.56,4.49,2.79,1.71,,,,21.15,71.19,46.65
2009-12-15,0.05,0.88,2.35,3.6,4.52,2.8,1.73,,,,21.49,71.33,46.7
2009-12-16,0.04,0.85,2.35,3.61,4.52,2.77,1.69,,,,20.54,73.34,46.57
2009-12-17,0.04,0.77,2.24,3.5,4.42,2.75,1.68,,,,22.51,71.28,46.85
2009-12-18,0.05,0.82,2.3,3.55,4.46,2.73,1.67,,,,21.68,71.87,46.69
2009-12-21,0.08,0.89,2.43,3.69,4.56,2.69,1.61,,,,20.49,72.74,46.8
2009-12-22,0.08,0.95,2.49,3.76,4.6,2.65,1.55,,,,19.54,71.64,46.78
2009-12-23,0.07,0.96,2.51,3.77,4.61,2.63,1.53,,,,19.71,73.87,46.8
2009-12-24,0.05,1.0,2.57,3.82,4.68,2.65,1.56,,,,19.47,75.15,46.72
2009-12-25,,,,,,,,,,,,,
2009-12-28,0.11,1.09,2.62,3.85,4.69,2.64,1.55,,,,19.93,76.59,46.44
2009-12-29,0.1,1.09,2.62,3.82,4.64,2.59,1.52,,,,20.01,76.65,46.56
2009-12-30,0.05,1.08,2.61,3.8,4.61,2.56,1.5,,,,19.96,77.62,46.56
2009-12-31,0.06,1.14,2.69,3.85,4.63,2.54,1.48,,,,21.68,77.91,46.4
2010-01-01,,,,,,,,,,,,,
2010-01-04,0.08,1.09,2.65,3.85,4.65,2.54,1.5,,,,20.04,79.05,46.27
2010-01-05,0.07,1.01,2.56,3.77,4.59,2.53,1.47,,,,19.35,79.27,46.13
2010-01-06,0.06,1.01,2.6,3.85,4.7,2.49,1.45,,,,19.16,80.14,45.72
2010-01-07,0.05,1.03,2.62,3.85,4.69,2.48,1.46,,,,19.06,80.57,45.67
2010-01-08,0.05,0.96,2.57,3.83,4.7,2.49,1.49,,,,18.13,80.06,45.5
2010-01-11,0.04,0.95,2.58,3.85,4.74,2.47,1.5,,,,17.55,80.14,45.35
2010-01-12,0.05,0.92,2.49,3.74,4.62,2.48,1.51,,,,18.25,79.38,45.6
2010-01-13,0.06,0.97,2.55,3.8,4.71,2.5,1.52,,,,17.85,77.57,45.47
2010-01-14,0.05,0.94,2.51,3.76,4.63,2.46,1.41,,,,17.63,77.61,45.55
2010-01-15,0.06,0.89,2.44,3.7,4.58,2.48,1.42,,,,17.91,76.85,45.8
2010-01-18,,,,,,,,,,,,,
2010-01-19,0.06,0.93,2.48,3.73,4.6,2.48,1.49,,,,17.58,75.18,45.84
2010-01-20,0.05,0.92,2.45,3.68,4.54,2.48,1.56,,,,18.68,75.09,46.1
2010-01-21,0.06,0.87,2.38,3.62,4.5,2.51,1.59,,,,22.27,74.13,46.1
2010-01-22,0.06,0.84,2.37,3.62,4.5,2.53,1.59,,,,27.31,72.73,46.21
2010-01-25,0.06,0.86,2.39,3.66,4.55,2.56,1.63,,,,25.41,72.18,46.06
2010-01-26,0.07,0.87,2.38,3.65,4.56,2.59,1.65,,,,24.55,72.63,
2010-01-27,0.08,0.9,2.43,3.66,4.55,2.57,1.62,,,,23.14,72.75,46.3
2010-01-28,0.08,0.87,2.41,3.68,4.57,2.57,1.62,,,,23.73,70.65,46.35
2010-01-29,0.08,0.82,2.34,3.63,4.51,2.57,1.61,,,,24.62,71.2,46.08
2010-02-01,0.1,0.86,2.38,3.68,4.56,2.57,1.62,,,,22.59,71.58,46.27
2010-02-02,0.1,0.86,2.37,3.67,4.55,2.56,1.61,,,,21.48,73.94,46.11
2010-02-03,0.1,0.88,2.4,3.73,4.62,2.58,1.63,,,,21.6,75.77,45.97
2010-02-04,0.09,0.8,2.29,3.62,4.53,2.62,1.65,,,,26.08,71.3,46.21
2010-02-05,0.1,0.77,2.23,3.59,4.51,2.62,1.65,,,,26.11,70.11,46.72
2010-02-08,0.12,0.79,2.26,3.62,4.52,2.64,1.65,,,,26.51,69.62,46.79
2010-02-09,0.12,0.84,2.32,3.67,4.58,2.65,1.65,,,,26.0,70.4,46.49
2010-02-10,0.11,0.91,2.39,3.72,4.65,2.66,1.67,,,,25.4,70.4,46.36
2010-02-11,0.11,0.91,2.39,3.73,4.69,2.7,1.7,,,,23.96,72.35,46.39
2010-02-12,0.1,0.84,2.35,3.69,4.66,2.72,1.72,,,,22.73,71.49,46.44
2010-02-15,,,,,,,,,,,,,
2010-02-16,0.1,0.82,2.32,3.66,4.63,2.73,1.73,,,,22.25,74.82,45.99
2010-02-17,0.1,0.87,2.4,3.74,4.7,2.73,1.72,,,,21.72,74.89,46.0
2010-02-18,0.1,0.9,2.46,3.79,4.74,2.72,1.7,,,,20.63,76.61,46.2
2010-02-19,0.11,0.95,2.48,3.78,4.71,2.65,1.65,,,,20.02,76.88,46.24
2010-02-22,0.11,0.91,2.47,3.8,4.73,2.65,1.65,,,,19.94,76.95,46.15
2010-02-23,0.12,0.87,2.37,3.69,4.63,2.65,1.64,,,,21.37,76.44,46.25
2010-02-24,0.12,0.87,2.4,3.7,4.63,2.65,1.62,,,,20.27,77.0,46.27
2010-02-25,0.13,0.82,2.33,3.64,4.58,2.64,1.62,,,,20.1,74.38,46.29
2010-02-26,0.13,0.81,2.3,3.61,4.55,2.62,1.6,,,,19.5,76.36,46.05
2010-03-01,0.13,0.8,2.28,3.61,4.56,2.65,1.61,,,,19.26,76.07,46.01
2010-03-02,0.14,0.8,2.27,3.62,4.57,2.64,1.61,,,,19.06,77.5,46.01
2010-03-03,0.14,0.82,2.27,3.63,4.58,2.63,1.62,,,,18.83,78.66,45.55
2010-03-04,0.14,0.86,2.28,3.61,4.56,2.62,1.61,,,,18.72,77.88,45.82
2010-03-05,0.15,0.91,2.35,3.69,4.64,2.61,1.6,,,,17.42,79.2,45.49
2010-03-08,0.16,0.9,2.36,3.72,4.68,2.59,1.57,,,,17.79,78.94,45.5
2010-03-09,0.16,0.89,2.34,3.71,4.68,2.61,1.58,,,,17.92,78.77,45.6
2010-03-10,0.15,0.92,2.39,3.73,4.69,2.59,1.57,,,,18.57,80.29,45.35
2010-03-11,0.16,0.97,2.43,3.73,4.66,2.56,1.55,,,,18.06,79.44,45.49
2010-03-12,0.15,0.97,2.42,3.71,4.62,2.55,1.53,,,,17.58,79.38,45.48
2010-03-15,0.17,0.96,2.42,3.71,4.63,2.56,1.54,,,,18.0,77.08,45.55
2010-03-16,0.16,0.93,2.37,3.66,4.59,2.55,1.54,,,,17.69,79.45,45.45
2010-03-17,0.15,0.95,2.38,3.65,4.56,2.53,1.53,,,,16.91,80.28,45.28
2010-03-18,0.16,0.98,2.44,3.68,4.59,2.52,1.53,,,,16.62,80.09,45.45
2010-03-19,0.16,1.02,2.48,3.7,4.58,2.49,1.5,,,,16.97,78.37,45.31
2010-03-22,0.15,1.01,2.43,3.67,4.57,2.5,1.52,,,,16.87,78.09,45.52
2010-03-23,0.14,1.02,2.44,3.69,4.6,2.51,1.53,,,,16.35,79.17,45.5
2010-03-24,0.14,1.08,2.62,3.84,4.72,2.48,1.5,,,,17.55,78.03,45.4
2010-03-25,0.14,1.1,2.65,3.91,4.77,2.47,1.49,,,,18.4,78.64,45.5
2010-03-26,0.14,1.04,2.59,3.86,4.75,2.49,1.49,,,,17.77,77.98,45.16
2010-03-29,0.15,1.04,2.6,3.88,4.76,2.49,1.49,,,,17.59,79.89,44.94
2010-03-30,0.16,1.06,2.6,3.88,4.75,2.48,1.49,,,,17.13,79.46,45.06
2010-03-31,0.16,1.02,2.55,3.84,4.72,2.47,1.48,,,,17.59,80.37,44.95
2010-04-01,0.16,1.05,2.59,3.89,4.74,2.44,1.44,,,,17.47,82.63,44.79
2010-04-02,0.16,1.11,2.67,3.96,4.81,2.44,1.44,,,,,,44.74
2010-04-05,0.18,1.18,2.75,4.01,4.85,2.43,1.43,,,,17.02,84.48,44.39
2010-04-06,0.17,1.14,2.71,3.98,4.84,2.46,1.47,,,,16.23,85.05,44.41
2010-04-07,0.17,1.06,2.62,3.89,4.74,2.44,1.45,,,,16.62,84.49,44.44
2010-04-08,0.17,1.09,2.64,3.91,4.75,2.43,1.44,,,,16.48,82.63,44.41
2010-04-09,0.16,1.08,2.65,3.9,4.74,2.43,1.44,,,,16.14,82.77,44.1
2010-04-12,0.16,1.07,2.6,3.87,4.7,2.4,1.42,,,,15.58,85.21,44.41
2010-04-13,0.16,1.07,2.58,3.84,4.68,2.4,1.42,,,,16.2,83.44,44.4675
2010-04-14,0.16,1.07,2.61,3.88,4.72,2.4,1.43,,,,15.59,85.81,44.2
2010-04-15,0.16,1.04,2.57,3.86,4.72,2.42,1.45,,,,15.89,86.9,44.32
2010-04-16,0.16,0.98,2.49,3.79,4.67,2.43,1.46,,,,18.36,84.81,44.3
2010-04-19,0.16,1.01,2.54,3.83,4.7,2.42,1.45,,,,17.34,83.09,44.72
2010-04-20,0.16,1.05,2.56,3.82,4.67,2.4,1.45,,,,15.73,84.73,44.5
2010-04-21,0.15,1.03,2.52,3.77,4.61,2.38,1.43,,,,16.32,84.55,44.54
2010-04-22,0.16,1.07,2.57,3.8,4.65,2.38,1.43,,,,16.47,84.58,44.52
2010-04-23,0.16,1.1,2.61,3.84,4.67,2.37,1.42,,,,16.62,86.09,44.42
2010-04-26,0.16,1.09,2.6,3.83,4.67,2.38,1.44,,,,17.47,86.72,44.33
2010-04-27,0.16,1.03,2.46,3.71,4.56,2.39,1.44,,,,22.81,85.59,44.41
2010-04-28,0.16,1.03,2.53,3.8,4.63,2.38,1.44,,,,21.08,84.59,44.54
2010-04-29,0.17,1.01,2.49,3.76,4.6,2.37,1.43,,,,18.44,86.82,44.61
2010-04-30,0.16,0.97,2.43,3.69,4.53,2.38,1.44,,,,22.05,86.19,44.2
2010-05-03,0.17,1.0,2.47,3.72,4.53,2.37,1.43,,,,20.19,88.09,44.46
2010-05-04,0.16,0.96,2.38,3.63,4.43,2.38,1.43,,,,23.84,85.39,44.62
2010-05-05,0.15,0.88,2.31,3.58,4.39,2.4,1.45,,,,24.91,82.31,44.82
2010-05-06,0.11,0.75,2.13,3.41,4.19,2.41,1.39,,,,32.8,80.21,45.29
2010-05-07,0.13,0.83,2.17,3.45,4.28,2.55,1.5,,,,40.95,76.48,45.4
2010-05-10,0.16,0.87,2.27,3.57,4.41,2.53,1.5,,,,28.84,78.08,44.84
2010-05-11,0.16,0.85,2.26,3.56,4.42,2.58,1.53,,,,28.32,79.0,45.1
2010-05-12,0.16,0.89,2.29,3.56,4.47,2.61,1.57,,,,25.52,78.7,45.08
2010-05-13,0.16,0.87,2.27,3.55,4.47,2.6,1.56,,,,26.68,79.41,45.0
2010-05-14,0.16,0.79,2.16,3.44,4.32,2.59,1.53,,,,31.24,76.43,45.2
2010-05-17,0.16,0.81,2.2,3.47,4.35,2.59,1.52,,,,30.84,73.87,45.51
2010-05-18,0.17,0.76,2.11,3.38,4.26,2.61,1.51,,,,33.55,75.12,45.51
2010-05-19,0.17,0.8,2.13,3.36,4.24,2.65,1.52,,,,35.32,71.86,46.27
2010-05-20,0.17,0.76,2.04,3.25,4.13,2.74,1.58,,,,45.79,69.56,46.8
2010-05-21,0.17,0.76,2.02,3.2,4.07,2.76,1.58,,,,40.1,70.45,46.9
2010-05-24,0.17,0.77,2.04,3.23,4.12,2.79,1.6,,,,38.32,69.62,46.97
2010-05-25,0.17,0.81,2.01,3.18,4.07,2.81,1.59,,,,34.61,67.18,47.49
2010-05-26,0.17,0.82,2.06,3.21,4.11,2.87,1.68,,,,35.02,70.59,47.1
2010-05-27,0.17,0.87,2.18,3.34,4.24,2.89,1.7,,,,29.68,73.56,46.71
2010-05-28,0.16,0.76,2.1,3.31,4.22,2.89,1.7,,,,32.07,73.0,46.31
2010-05-31,,,,,,,,,,,,,
2010-06-01,0.16,0.78,2.09,3.29,4.19,2.92,1.66,,,,35.54,73.08,47.08
2010-06-02,0.16,0.82,2.14,3.35,4.24,2.91,1.67,,,,30.17,72.78,46.89
2010-06-03,0.14,0.82,2.17,3.39,4.29,2.92,1.66,,,,29.46,73.12,46.55
2010-06-04,0.14,0.72,1.98,3.2,4.13,2.95,1.68,,,,35.48,71.84,46.85
2010-06-07,0.12,0.74,1.95,3.17,4.11,3.0,1.72,,,,36.57,71.09,47.08
2010-06-08,0.12,0.74,1.98,3.18,4.1,2.99,1.68,,,,33.7,71.43,46.82
2010-06-09,0.1,0.74,1.99,3.2,4.12,3.0,1.68,,,,33.73,73.68,46.95
2010-06-10,0.1,0.79,2.12,3.33,4.25,3.01,1.67,,,,30.57,74.33,46.89
2010-06-11,0.08,0.75,2.03,3.24,4.15,3.04,1.65,,,,28.79,73.28,46.76
2010-06-14,0.07,0.77,2.07,3.28,4.2,3.06,1.68,,,,28.58,75.11,46.4
2010-06-15,0.09,0.79,2.1,3.32,4.23,3.05,1.67,,,,25.87,75.29,46.41
2010-06-16,0.1,0.75,2.06,3.27,4.18,3.07,1.69,,,,25.92,76.12,46.43
2010-06-17,0.09,0.72,2.01,3.21,4.13,3.04,1.65,,,,25.05,77.52,46.22
2010-06-18,0.11,0.74,2.04,3.24,4.15,3.04,1.63,,,,23.95,77.05,45.96
2010-06-21,0.12,0.74,2.05,3.26,4.17,3.02,1.63,,,,24.88,78.53,45.64
2010-06-22,0.13,0.71,1.98,3.18,4.1,3.04,1.64,,,,27.05,78.08,46.0
2010-06-23,0.13,0.66,1.93,3.13,4.05,3.05,1.69,,,,26.91,75.22,46.185
2010-06-24,0.13,0.67,1.93,3.14,4.09,3.08,1.71,,,,29.74,75.17,46.4775
2010-06-25,0.13,0.65,1.9,3.12,4.07,3.09,1.71,,,,28.53,76.21,46.36
2010-06-28,0.17,0.62,1.83,3.05,4.01,3.1,1.73,,,,29.0,76.66,46.2
2010-06-29,0.15,0.61,1.78,2.97,3.94,3.12,1.74,,,,34.13,74.21,46.4
2010-06-30,0.18,0.61,1.79,2.97,3.91,3.08,1.69,,,,34.54,74.94,46.41
2010-07-01,0.17,0.63,1.8,2.96,3.88,3.02,1.66,,,,32.86,71.73,46.59
2010-07-02,0.17,0.63,1.82,3.0,3.94,3.04,1.69,,,,30.12,71.75,46.55
2010-07-05,,,,,,,,,,,,,
2010-07-06,0.17,0.62,1.76,2.95,3.89,3.05,1.69,,,,29.65,73.08,46.76
2010-07-07,0.16,0.63,1.79,3.0,3.96,3.08,1.71,,,,26.84,72.97,46.96
2010-07-08,0.15,0.63,1.8,3.04,4.0,3.07,1.71,,,,25.71,74.56,46.865
2010-07-09,0.16,0.63,1.85,3.07,4.04,3.07,1.72,,,,24.98,75.2,46.66
2010-07-12,0.16,0.65,1.85,3.08,4.05,3.05,1.71,,,,24.43,74.35,46.66
2010-07-13,0.15,0.67,1.9,3.15,4.1,3.03,1.71,,,,24.56,76.45,46.74
2010-07-14,0.15,0.62,1.82,3.07,4.03,3.02,1.69,,,,24.89,76.63,46.71
2010-07-15,0.15,0.61,1.76,3.0,3.97,3.02,1.68,,,,25.14,75.52,46.5
2010-07-16,0.15,0.61,1.7,2.96,3.95,3.04,1.71,,,,26.25,75.55,46.7
2010-07-19,0.17,0.61,1.73,2.99,3.99,3.04,1.71,,,,25.97,76.29,47.1
2010-07-20,0.16,0.61,1.71,2.98,3.99,2.99,1.7,,,,23.93,76.31,47.23
2010-07-21,0.16,0.58,1.66,2.9,3.89,2.98,1.71,,,,25.64,75.75,47.08
2010-07-22,0.16,0.6,1.69,2.96,3.95,2.97,1.74,,,,24.63,77.59,47.12
2010-07-23,0.16,0.6,1.75,3.02,4.01,2.95,1.72,,,,23.47,77.27,46.9
2010-07-26,0.16,0.62,1.76,3.03,4.03,2.92,1.71,,,,22.73,77.9,47.04
2010-07-27,0.15,0.65,1.82,3.08,4.08,2.9,1.73,,,,23.19,75.52,46.25
2010-07-28,0.15,0.61,1.75,3.03,4.07,2.92,1.73,,,,24.25,76.66,46.7
2010-07-29,0.15,0.59,1.7,3.03,4.08,2.92,1.77,,,,24.13,78.6,46.53
2010-07-30,0.15,0.55,1.6,2.94,3.98,2.91,1.76,,,,23.5,77.5,46.35
2010-08-02,0.16,0.56,1.64,2.99,4.06,2.9,1.79,,,,22.01,81.93,46.09
2010-08-03,0.16,0.53,1.55,2.94,4.04,2.92,1.79,,,,22.63,83.6,46.11
2010-08-04,0.16,0.56,1.62,2.98,4.07,2.9,1.77,,,,22.21,83.76,46.02
2010-08-05,0.15,0.53,1.57,2.94,4.05,2.93,1.78,,,,22.1,82.9,46.06
2010-08-06,0.15,0.5,1.51,2.86,4.0,2.94,1.79,,,,21.74,81.28,45.94
2010-08-09,0.15,0.54,1.54,2.86,4.01,2.95,1.8,,,,22.14,81.54,46.07
2010-08-10,0.15,0.52,1.46,2.79,4.0,3.05,1.89,,,,22.37,79.89,46.3
2010-08-11,0.15,0.54,1.44,2.72,3.93,3.03,1.85,,,,25.39,77.83,46.66
2010-08-12,0.16,0.55,1.48,2.74,3.94,3.04,1.84,,,,25.73,76.63,46.7
2010-08-13,0.15,0.54,1.47,2.68,3.87,3.05,1.84,,,,26.24,75.14,46.61
2010-08-16,0.16,0.51,1.4,2.58,3.72,3.0,1.78,,,,26.1,74.56,46.68
2010-08-17,0.17,0.52,1.44,2.64,3.77,2.99,1.83,,,,24.33,76.74,46.6
2010-08-18,0.16,0.51,1.46,2.64,3.73,2.94,1.79,,,,24.59,75.1,46.54
2010-08-19,0.16,0.49,1.41,2.58,3.66,2.93,1.78,,,,26.44,74.84,46.35
2010-08-20,0.15,0.49,1.47,2.62,3.67,2.9,1.74,,,,25.49,73.48,45.7
2010-08-23,0.16,0.49,1.43,2.6,3.65,2.94,1.77,,,,25.66,73.08,46.5
2010-08-24,0.16,0.5,1.36,2.5,3.57,2.95,1.77,,,,27.46,70.61,46.86
2010-08-25,0.16,0.53,1.4,2.54,3.59,2.94,1.74,,,,26.7,70.74,46.87
2010-08-26,0.16,0.51,1.38,2.5,3.53,2.95,1.74,,,,27.37,74.5,46.78
2010-08-27,0.15,0.56,1.49,2.66,3.69,2.96,1.75,,,,24.45,75.16,46.8
2010-08-30,0.14,0.5,1.39,2.54,3.6,2.99,1.8,,,,27.21,76.05,46.87
2010-08-31,0.14,0.47,1.33,2.47,3.52,3.01,1.79,,,,26.05,75.51,47.02
2010-09-01,0.13,0.5,1.41,2.58,3.65,3.01,1.8,,,,23.89,75.53,46.74
2010-09-02,0.14,0.5,1.43,2.63,3.72,3.02,1.82,,,,23.19,74.93,46.65
2010-09-03,0.14,0.52,1.49,2.72,3.79,2.97,1.78,,,,21.31,75.03,46.58
2010-09-06,,,,,,,,,,,,,
2010-09-07,0.14,0.49,1.41,2.61,3.67,2.96,1.78,,,,23.8,75.78,46.82
2010-09-08,0.14,0.52,1.46,2.66,3.72,2.95,1.79,,,,23.25,77.48,46.5
2010-09-09,0.14,0.57,1.57,2.77,3.84,2.96,1.79,,,,22.81,77.87,46.3
2010-09-10,0.14,0.58,1.59,2.81,3.88,2.94,1.78,,,,21.99,77.54,46.28
2010-09-13,0.15,0.53,1.51,2.74,3.83,2.97,1.83,,,,21.21,78.52,46.26
2010-09-14,0.15,0.5,1.43,2.68,3.79,2.97,1.83,,,,21.56,78.89,46.15
2010-09-15,0.15,0.5,1.46,2.74,3.87,3.0,1.85,,,,22.1,78.46,46.23
2010-09-16,0.16,0.48,1.48,2.77,3.92,3.02,1.87,,,,21.72,78.89,46.14
2010-09-17,0.16,0.48,1.46,2.75,3.9,3.03,1.88,,,,22.01,77.43,45.88
2010-09-20,0.17,0.47,1.43,2.72,3.87,3.02,1.87,,,,21.5,79.42,45.65
2010-09-21,0.17,0.43,1.34,2.61,3.79,3.05,1.96,,,,22.35,78.76,45.59
2010-09-22,0.16,0.44,1.33,2.56,3.74,3.05,1.93,,,,22.51,77.29,45.56
2010-09-23,0.16,0.45,1.34,2.56,3.73,3.04,1.96,,,,23.87,77.69,45.56
2010-09-24,0.15,0.45,1.37,2.62,3.79,3.05,1.98,,,,21.71,78.73,45.1
2010-09-27,0.16,0.44,1.31,2.54,3.7,3.04,1.97,,,,22.54,77.71,44.94
2010-09-28,0.16,0.37,1.25,2.48,3.66,3.06,1.99,,,,22.6,79.14,45.04
2010-09-29,0.16,0.44,1.28,2.52,3.69,3.06,1.99,,,,23.25,78.79,44.8
2010-09-30,0.16,0.42,1.27,2.53,3.69,3.05,2.01,,,,23.7,80.77,44.56
2010-10-01,0.16,0.42,1.26,2.54,3.71,3.07,2.03,,,,22.5,82.69,44.41
2010-10-04,0.13,0.41,1.23,2.5,3.71,3.1,2.07,,,,23.53,83.42,44.55
2010-10-05,0.12,0.41,1.21,2.5,3.74,3.11,2.08,,,,21.76,83.35,44.46
2010-10-06,0.13,0.38,1.16,2.41,3.67,3.13,2.1,,,,21.49,85.01,44.25
2010-10-07,0.13,0.36,1.14,2.41,3.72,3.18,2.15,,,,21.56,83.67,44.21
2010-10-08,0.12,0.35,1.11,2.41,3.75,3.21,2.17,,,,20.71,83.88,44.39
2010-10-11,,,,,,,,,,,18.96,83.08,
2010-10-12,0.13,0.37,1.14,2.44,3.8,3.22,2.19,,,,18.93,82.99,44.55
2010-10-13,0.13,0.37,1.13,2.46,3.84,3.22,2.2,,,,19.07,84.01,44.35
2010-10-14,0.14,0.38,1.18,2.52,3.91,3.23,2.2,,,,19.88,83.55,44.05
2010-10-15,0.14,0.37,1.2,2.59,3.98,3.26,2.22,,,,19.03,81.94,44.15
2010-10-18,0.15,0.38,1.14,2.52,3.93,3.26,2.22,,,,19.09,82.3,44.26
2010-10-19,0.14,0.37,1.11,2.5,3.9,3.25,2.2,,,,20.63,81.12,44.3
2010-10-20,0.14,0.35,1.11,2.51,3.89,3.23,2.18,,,,19.79,81.68,44.25
2010-10-21,0.13,0.37,1.15,2.57,3.95,3.2,2.14,,,,19.27,81.28,44.25
2010-10-22,0.13,0.35,1.17,2.59,3.94,3.18,2.11,,,,18.78,80.75,44.52
2010-10-25,0.14,0.37,1.2,2.59,3.91,3.13,2.1,,,,19.85,81.91,44.39
2010-10-26,0.14,0.4,1.27,2.67,4.0,3.13,2.11,,,,20.22,82.62,44.54
2010-10-27,0.14,0.4,1.34,2.75,4.06,3.09,2.05,,,,20.71,81.27,44.4
2010-10-28,0.13,0.37,1.23,2.69,4.05,3.16,2.12,,,,20.88,82.97,44.36
2010-10-29,0.12,0.34,1.17,2.63,3.99,3.15,2.12,,,,21.2,82.47,44.44
2010-11-01,0.13,0.34,1.17,2.66,4.01,3.13,2.1,,,,21.83,84.06,44.36
2010-11-02,0.13,0.34,1.15,2.63,3.93,3.08,2.03,,,,21.57,84.71,44.0
2010-11-03,0.13,0.34,1.11,2.67,4.09,3.16,2.11,,,,19.56,85.33,44.38
2010-11-04,0.13,0.33,1.04,2.53,4.04,3.24,2.22,,,,18.52,86.83,44.08
2010-11-05,0.13,0.38,1.1,2.58,4.12,3.27,2.2,,,,18.26,87.05,43.9
2010-11-08,0.13,0.41,1.13,2.6,4.12,3.25,2.19,,,,18.29,87.15,44.29
2010-11-09,0.13,0.46,1.27,2.72,4.25,3.25,2.21,,,,19.08,87.93,44.25
2010-11-10,0.13,0.44,1.23,2.65,4.25,3.31,2.27,,,,18.47,87.92,44.28
2010-11-11,,,,,,,,,,,18.64,88.08,
2010-11-12,0.13,0.51,1.35,2.76,4.26,3.24,2.19,,,,20.61,86.07,44.78
2010-11-15,0.14,0.53,1.51,2.92,4.38,3.2,2.15,,,,20.2,85.49,45.11
2010-11-16,0.15,0.51,1.49,2.85,4.26,3.15,2.1,,,,22.58,83.98,45.51
2010-11-17,0.14,0.5,1.49,2.89,4.31,3.13,2.08,,,,21.76,83.36,45.09
2010-11-18,0.15,0.52,1.51,2.9,4.29,3.12,2.08,,,,18.75,83.7,45.14
2010-11-19,0.14,0.52,1.54,2.88,4.25,3.11,2.05,,,,18.04,83.17,45.25
2010-11-22,0.15,0.49,1.44,2.8,4.2,3.14,2.09,,,,18.37,82.34,45.48
2010-11-23,0.15,0.45,1.4,2.77,4.18,3.13,2.08,,,,20.63,82.37,45.56
2010-11-24,0.16,0.53,1.56,2.93,4.29,3.1,2.05,,,,19.56,84.53,45.72
2010-11-25,,,,,,,,,,,,,
2010-11-26,0.16,0.51,1.53,2.87,4.21,3.07,2.01,,,,22.22,84.78,45.82
2010-11-29,0.18,0.52,1.51,2.84,4.16,3.04,2.0,,,,21.53,85.9,45.8
2010-11-30,0.17,0.45,1.47,2.81,4.12,3.03,1.98,,,,23.54,86.02,45.83
2010-12-01,0.16,0.53,1.64,2.97,4.24,3.01,1.95,,,,21.36,88.56,45.29
2010-12-02,0.16,0.55,1.68,3.01,4.27,2.99,1.94,,,,19.39,89.37,45.09
2010-12-03,0.14,0.49,1.64,3.03,4.32,3.02,1.97,,,,18.01,90.65,44.9
2010-12-06,0.15,0.42,1.53,2.95,4.25,3.02,1.98,,,,18.02,91.25,44.89
2010-12-07,0.14,0.54,1.74,3.15,4.39,2.99,1.94,,,,17.99,90.78,44.7
2010-12-08,0.15,0.63,1.87,3.26,4.45,2.9,1.81,,,,17.74,89.74,45.0
2010-12-09,0.14,0.64,1.9,3.23,4.41,2.86,1.78,,,,17.25,89.93,45.13
2010-12-10,0.13,0.64,1.98,3.32,4.43,2.79,1.71,,,,17.61,89.54,45.1
2010-12-13,0.15,0.61,1.91,3.29,4.39,2.8,1.7,,,,17.55,90.4,45.18
2010-12-14,0.15,0.66,2.08,3.49,4.54,2.75,1.66,,,,17.61,90.63,45.01
2010-12-15,0.14,0.68,2.11,3.53,4.59,2.74,1.64,,,,17.94,91.33,45.38
2010-12-16,0.13,0.66,2.06,3.47,4.57,2.77,1.67,,,,17.39,91.09,45.54
2010-12-17,0.11,0.61,1.97,3.33,4.41,2.73,1.64,,,,16.11,91.11,45.16
2010-12-20,0.14,0.62,1.99,3.36,4.44,2.75,1.65,,,,16.41,91.31,45.4
2010-12-21,0.14,0.63,1.99,3.35,4.44,2.72,1.63,,,,16.49,93.11,45.19
2010-12-22,0.14,0.65,2.02,3.36,4.45,2.73,1.64,,,,15.45,93.55,45.05
2010-12-23,0.14,0.67,2.09,3.41,4.47,2.7,1.62,,,,16.47,93.63,45.06
2010-12-24,,,,,,,,,,,,,
2010-12-27,0.17,0.71,2.08,3.36,4.42,2.7,1.61,,,,17.67,93.08,45.26
2010-12-28,0.15,0.75,2.18,3.5,4.53,2.68,1.6,,,,17.52,93.52,45.0
2010-12-29,0.13,0.64,2.03,3.35,4.41,2.7,1.61,,,,17.28,93.52,44.97
2010-12-30,0.12,0.66,2.06,3.38,4.43,2.69,1.6,,,,17.52,92.5,44.8
2010-12-31,0.12,0.61,2.01,3.3,4.34,2.68,1.58,,,,17.75,93.23,
2011-01-03,0.15,0.61,2.02,3.36,4.39,2.68,1.57,,,,17.61,95.82,44.59
2011-01-04,0.14,0.63,2.01,3.36,4.44,2.71,1.61,,,,17.38,93.52,44.9
2011-01-05,0.14,0.71,2.14,3.5,4.55,2.67,1.59,,,,17.02,95.07,45.35
2011-01-06,0.15,0.68,2.09,3.44,4.53,2.67,1.62,,,,17.4,94.95,45.15
2011-01-07,0.14,0.6,1.96,3.34,4.48,2.73,1.68,,,,17.14,94.25,45.35
2011-01-10,0.15,0.59,1.93,3.32,4.47,2.75,1.67,,,,17.54,95.05,45.36
2011-01-11,0.15,0.6,1.98,3.37,4.49,2.68,1.62,,,,16.89,96.8,45.08
2011-01-12,0.15,0.61,1.99,3.4,4.52,2.68,1.62,,,,16.24,97.86,45.02
2011-01-13,0.15,0.59,1.93,3.34,4.5,2.71,1.66,,,,16.39,97.86,45.02
2011-01-14,0.15,0.59,1.95,3.35,4.53,2.74,1.68,,,,15.46,97.86,45.41
2011-01-17,,,,,,,,,,,,,
2011-01-18,0.16,0.6,1.97,3.39,4.56,2.72,1.67,,,,15.87,97.83,45.32
2011-01-19,0.16,0.6,1.95,3.37,4.53,2.7,1.65,,,,17.31,98.42,45.5
2011-01-20,0.16,0.65,2.06,3.47,4.6,2.7,1.65,,,,17.99,96.27,45.77
2011-01-21,0.16,0.63,2.04,3.44,4.57,2.68,1.63,,,,18.47,96.84,45.58
2011-01-24,0.16,0.65,2.03,3.43,4.55,2.67,1.63,,,,17.65,96.76,45.51
2011-01-25,0.16,0.62,1.96,3.35,4.48,2.66,1.63,,,,17.59,96.76,45.7
2011-01-26,0.16,0.62,2.03,3.45,4.59,2.68,1.67,,,,16.64,96.04,45.46
2011-01-27,0.15,0.59,1.98,3.42,4.57,2.67,1.67,,,,16.15,96.48,45.68
2011-01-28,0.15,0.54,1.92,3.36,4.53,2.7,1.71,,,,20.04,97.06,45.83
2011-01-31,0.15,0.58,1.95,3.42,4.58,2.68,1.7,,,,19.53,98.97,45.92
2011-02-01,0.15,0.61,2.02,3.48,4.62,2.66,1.68,,,,17.63,100.4,45.65
2011-02-02,0.16,0.67,2.1,3.52,4.64,2.64,1.66,,,,17.3,101.3,45.55
2011-02-03,0.14,0.71,2.18,3.58,4.67,2.61,1.63,,,,16.69,101.69,45.66
2011-02-04,0.15,0.77,2.27,3.68,4.73,2.57,1.6,,,,15.93,99.43,45.6
2011-02-07,0.16,0.78,2.29,3.68,4.71,2.53,1.58,,,,16.28,99.44,45.35
2011-02-08,0.15,0.86,2.39,3.75,4.76,2.5,1.56,,,,15.81,99.25,45.15
2011-02-09,0.14,0.81,2.33,3.65,4.71,2.53,1.59,,,,15.87,100.16,45.36
2011-02-10,0.12,0.85,2.4,3.7,4.75,2.55,1.61,,,,16.09,100.74,45.64
2011-02-11,0.12,0.85,2.38,3.64,4.71,2.56,1.62,,,,15.69,99.93,45.6
2011-02-14,0.13,0.87,2.37,3.62,4.67,2.53,1.59,,,,15.95,103.12,45.44
2011-02-15,0.13,0.84,2.35,3.61,4.66,2.53,1.65,,,,16.37,102.48,45.41
2011-02-16,0.12,0.86,2.37,3.62,4.67,2.53,1.65,,,,16.72,102.78,45.4
2011-02-17,0.09,0.8,2.3,3.58,4.66,2.56,1.68,,,,16.59,103.45,45.25
2011-02-18,0.1,0.78,2.3,3.59,4.7,2.58,1.7,,,,16.43,102.2,45.1
2011-02-21,,,,,,,,,,,,,
2011-02-22,0.12,0.74,2.16,3.46,4.6,2.62,1.74,,,,20.8,106.82,45.15
2011-02-23,0.12,0.74,2.21,3.49,4.59,2.6,1.71,,,,22.13,109.77,45.06
2011-02-24,0.13,0.73,2.19,3.46,4.54,2.59,1.68,,,,21.32,113.91,45.4
2011-02-25,0.13,0.72,2.16,3.42,4.51,2.6,1.7,,,,19.22,111.47,45.26
2011-02-28,0.15,0.69,2.13,3.42,4.49,2.57,1.67,,,,18.35,112.27,45.18
2011-03-01,0.14,0.66,2.11,3.41,4.48,2.59,1.68,,,,21.01,113.34,44.82
2011-03-02,0.13,0.69,2.16,3.46,4.54,2.6,1.7,,,,20.7,116.89,44.81
2011-03-03,0.13,0.79,2.3,3.58,4.64,2.55,1.63,,,,18.6,114.42,45.04
2011-03-04,0.12,0.68,2.17,3.49,4.6,2.6,1.68,,,,19.06,115.71,44.89
2011-03-07,0.11,0.7,2.19,3.51,4.61,2.59,1.68,,,,20.66,116.58,44.95
2011-03-08,0.11,0.73,2.22,3.56,4.66,2.59,1.68,,,,19.82,112.32,45.03
2011-03-09,0.1,0.7,2.16,3.48,4.6,2.61,1.7,,,,20.22,115.19,44.88
2011-03-10,0.08,0.65,2.05,3.37,4.53,2.66,1.76,,,,21.88,114.07,45.17
2011-03-11,0.08,0.64,2.06,3.4,4.54,2.63,1.73,,,,20.08,114.07,45.24
2011-03-14,0.09,0.61,2.0,3.36,4.52,2.65,1.76,,,,21.13,112.95,44.99
2011-03-15,0.1,0.63,2.0,3.33,4.47,2.68,1.77,,,,24.32,111.11,45.22
2011-03-16,0.1,0.58,1.87,3.22,4.38,2.71,1.8,,,,29.4,110.96,45.0
2011-03-17,0.08,0.6,1.91,3.25,4.42,2.72,1.8,,,,26.37,114.18,45.12
2011-03-18,0.07,0.61,1.96,3.28,4.43,2.69,1.79,,,,24.44,114.13,45.06
2011-03-21,0.1,0.67,2.04,3.34,4.45,2.64,1.75,,,,20.61,114.92,44.98
2011-03-22,0.1,0.68,2.07,3.34,4.44,2.64,1.74,,,,20.21,115.63,44.95
2011-03-23,0.09,0.69,2.07,3.36,4.44,2.63,1.73,,,,19.17,115.65,44.8
2011-03-24,0.09,0.72,2.14,3.42,4.48,2.59,1.69,,,,18.0,115.41,44.69
2011-03-25,0.09,0.79,2.2,3.46,4.51,2.58,1.68,,,,17.91,115.45,44.6
2011-03-28,0.11,0.81,2.23,3.47,4.51,2.56,1.65,,,,19.44,115.95,44.8
2011-03-29,0.1,0.81,2.25,3.5,4.54,2.59,1.68,,,,18.16,115.58,44.7
2011-03-30,0.1,0.8,2.21,3.47,4.52,2.59,1.69,,,,17.71,115.35,44.75
2011-03-31,0.09,0.8,2.24,3.47,4.51,2.58,1.68,,,,17.74,116.94,44.54
2011-04-01,0.07,0.8,2.24,3.46,4.48,2.58,1.67,,,,17.4,118.63,44.44
2011-04-04,0.06,0.77,2.2,3.45,4.49,2.58,1.68,,,,17.5,120.07,44.3
2011-04-05,0.07,0.84,2.28,3.5,4.51,2.55,1.65,,,,17.25,122.87,44.3
2011-04-06,0.06,0.85,2.32,3.56,4.58,2.55,1.66,,,,16.9,123.01,44.06
2011-04-07,0.04,0.81,2.29,3.58,4.63,2.57,1.64,,,,17.11,122.9,44.18
2011-04-08,0.04,0.83,2.31,3.59,4.63,2.56,1.64,,,,17.87,126.3,44.05
2011-04-11,0.05,0.85,2.31,3.59,4.64,2.55,1.64,,,,16.59,126.46,44.33
2011-04-12,0.05,0.77,2.22,3.52,4.58,2.58,1.67,,,,17.09,121.33,44.17
2011-04-13,0.06,0.75,2.19,3.49,4.55,2.58,1.67,,,,16.92,122.7,44.46
2011-04-14,0.07,0.77,2.23,3.51,4.53,2.55,1.64,,,,16.27,122.74,44.39
2011-04-15,0.07,0.71,2.14,3.43,4.47,2.56,1.65,,,,15.32,124.63,44.26
2011-04-18,0.07,0.69,2.09,3.4,4.45,2.58,1.76,,,,16.96,121.69,44.36
2011-04-19,0.06,0.68,2.09,3.39,4.43,2.56,1.74,,,,15.83,121.35,44.49
2011-04-20,0.06,0.69,2.15,3.43,4.47,2.55,1.73,,,,15.07,124.26,44.33
2011-04-21,0.06,0.68,2.14,3.42,4.47,2.57,1.76,,,,14.69,123.64,44.26
2011-04-22,,,,,,,,,,,,,44.36
2011-04-25,0.07,0.67,2.1,3.39,4.46,2.58,1.77,,,,15.77,,44.41
2011-04-26,0.07,0.65,2.05,3.34,4.39,2.57,1.76,,,,15.62,124.55,44.51
2011-04-27,0.06,0.65,2.06,3.39,4.45,2.57,1.78,,,,15.35,124.94,44.0
2011-04-28,0.04,0.62,2.0,3.34,4.42,2.59,1.77,,,,14.62,126.59,44.42
2011-04-29,0.04,0.61,1.97,3.32,4.4,2.58,1.77,,,,14.75,,44.24
2011-05-02,0.05,0.61,1.96,3.31,4.38,2.57,1.77,,,,15.99,126.64,44.27
2011-05-03,0.03,0.61,1.96,3.28,4.36,2.57,1.75,,,,16.7,124.01,44.47
2011-05-04,0.03,0.6,1.95,3.25,4.33,2.56,1.75,,,,17.08,121.55,44.35
2011-05-05,0.02,0.58,1.88,3.18,4.26,2.59,1.76,,,,18.2,111.93,44.76
2011-05-06,0.02,0.57,1.87,3.19,4.29,2.6,1.77,,,,18.4,113.69,44.72
2011-05-09,0.03,0.57,1.84,3.17,4.3,2.64,1.8,,,,17.16,113.21,44.68
2011-05-10,0.03,0.59,1.91,3.23,4.34,2.61,1.77,,,,15.91,117.82,44.75
2011-05-11,0.03,0.56,1.87,3.19,4.31,2.61,1.77,,,,16.95,115.66,44.59
2011-05-12,0.02,0.57,1.89,3.22,4.37,2.64,1.8,,,,16.03,112.87,44.98
2011-05-13,0.03,0.57,1.86,3.18,4.32,2.64,1.79,,,,17.07,113.08,44.86
2011-05-16,0.04,0.54,1.83,3.15,4.28,2.6,1.76,,,,18.24,113.72,45.15
2011-05-17,0.04,0.55,1.8,3.12,4.23,2.59,1.74,,,,17.55,109.39,45.13
2011-05-18,0.05,0.58,1.87,3.18,4.29,2.59,1.74,,,,16.23,112.54,45.06
2011-05-19,0.05,0.55,1.85,3.17,4.3,2.61,1.79,,,,15.52,113.2,44.9
2011-05-20,0.05,0.55,1.82,3.15,4.3,2.63,1.83,,,,17.43,111.25,44.99
2011-05-23,0.06,0.55,1.8,3.13,4.27,2.62,1.82,,,,18.27,110.13,45.22
2011-05-24,0.06,0.56,1.81,3.12,4.26,2.62,1.83,,,,17.82,112.52,45.21
2011-05-25,0.06,0.54,1.81,3.13,4.28,2.64,1.84,,,,17.07,114.47,45.32
2011-05-26,0.05,0.48,1.72,3.07,4.23,2.64,1.85,,,,16.09,115.06,45.33
2011-05-27,0.05,0.48,1.71,3.07,4.24,2.65,1.88,,,,15.98,114.85,45.17
2011-05-30,,,,,,,,,,,,,
2011-05-31,0.06,0.45,1.68,3.05,4.22,2.65,1.89,,,,15.45,117.18,45.04
2011-06-01,0.05,0.44,1.6,2.96,4.15,2.68,1.92,,,,18.3,116.15,44.84
2011-06-02,0.04,0.45,1.65,3.04,4.25,2.7,1.95,,,,18.09,114.3,44.86
2011-06-03,0.04,0.42,1.6,2.99,4.22,2.73,1.98,,,,17.95,115.09,44.82
2011-06-06,0.05,0.43,1.6,3.01,4.25,2.75,2.0,,,,18.49,115.4,44.78
2011-06-07,0.05,0.39,1.59,3.01,4.27,2.75,2.0,,,,18.07,116.14,44.67
2011-06-08,0.04,0.39,1.52,2.98,4.2,2.73,1.97,,,,18.79,118.43,44.72
2011-06-09,0.05,0.43,1.6,3.01,4.22,2.73,1.96,,,,17.77,119.95,44.64
2011-06-10,0.05,0.41,1.58,2.99,4.18,2.71,1.94,,,,18.86,118.71,44.72
2011-06-13,0.05,0.4,1.59,3.0,4.2,2.72,1.98,,,,19.61,120.49,44.85
2011-06-14,0.05,0.45,1.7,3.11,4.3,2.71,1.95,,,,18.26,120.35,44.74
2011-06-15,0.05,0.38,1.55,2.98,4.19,2.74,1.98,,,,21.32,114.67,44.79
2011-06-16,0.05,0.38,1.52,2.93,4.16,2.75,1.99,,,,22.73,114.69,44.88
2011-06-17,0.04,0.38,1.53,2.94,4.19,2.79,2.02,,,,21.85,113.74,44.76
2011-06-20,0.03,0.38,1.55,2.97,4.19,2.76,1.99,,,,19.99,112.21,44.92
2011-06-21,0.03,0.4,1.57,2.99,4.21,2.75,1.99,,,,18.86,112.02,44.84
2011-06-22,0.02,0.39,1.58,3.01,4.22,2.74,1.97,,,,18.52,113.59,44.82
2011-06-23,0.01,0.35,1.48,2.93,4.17,2.76,1.99,,,,19.29,108.27,44.89
2011-06-24,0.02,0.35,1.4,2.88,4.17,2.83,2.05,,,,21.1,104.79,44.99
2011-06-27,0.02,0.41,1.47,2.95,4.28,2.87,2.09,,,,20.56,104.57,44.94
2011-06-28,0.03,0.48,1.62,3.05,4.33,2.81,2.04,,,,19.17,107.57,45.0
2011-06-29,0.02,0.47,1.7,3.14,4.39,2.75,1.99,,,,17.27,111.49,44.78
2011-06-30,0.03,0.45,1.76,3.18,4.38,2.72,1.96,,,,16.52,111.71,44.59
2011-07-01,0.02,0.5,1.8,3.22,4.4,2.69,1.94,,,,15.87,109.82,44.62
2011-07-04,,,,,,,,,,,,,
2011-07-05,0.02,0.44,1.7,3.16,4.39,2.74,1.97,,,,16.06,113.21,44.35
2011-07-06,0.01,0.43,1.66,3.12,4.35,2.73,1.96,,,,16.34,113.55,44.48
2011-07-07,0.03,0.49,1.74,3.17,4.37,2.69,1.9,,,,15.95,117.4,44.32
2011-07-08,0.03,0.4,1.57,3.03,4.27,2.73,1.95,,,,15.95,117.4,44.41
2011-07-11,0.03,0.37,1.49,2.94,4.2,2.76,1.95,,,,18.39,117.35,44.48
2011-07-12,0.03,0.37,1.47,2.92,4.19,2.77,1.95,,,,19.87,117.36,44.6
2011-07-13,0.01,0.37,1.45,2.92,4.17,2.76,1.94,,,,19.91,118.46,44.52
2011-07-14,0.01,0.38,1.51,2.98,4.25,2.76,1.94,,,,20.8,117.38,44.5
2011-07-15,0.02,0.37,1.46,2.94,4.26,2.8,1.97,,,,19.53,118.06,44.51
2011-07-18,0.02,0.37,1.45,2.94,4.29,2.84,2.01,,,,20.95,117.05,44.6
2011-07-19,0.03,0.39,1.45,2.91,4.19,2.78,1.93,,,,19.21,118.18,44.48
2011-07-20,0.02,0.4,1.49,2.96,4.25,2.8,1.95,,,,19.09,118.52,44.44
2011-07-21,0.05,0.4,1.56,3.03,4.31,2.77,1.93,,,,17.56,118.25,44.4
2011-07-22,0.05,0.4,1.53,2.99,4.26,2.75,1.89,,,,17.52,118.99,44.34
2011-07-25,0.05,0.42,1.55,3.03,4.31,2.77,1.91,,,,19.35,118.27,44.39
2011-07-26,0.07,0.41,1.51,2.99,4.28,2.76,1.89,,,,20.23,118.14,44.1
2011-07-27,0.08,0.44,1.56,3.01,4.29,2.73,1.87,,,,22.98,117.99,44.15
2011-07-28,0.07,0.42,1.52,2.98,4.26,2.73,1.86,,,,23.74,118.16,44.03
2011-07-29,0.1,0.36,1.35,2.82,4.12,2.77,1.85,,,,25.25,115.93,44.2
2011-08-01,0.1,0.38,1.32,2.77,4.07,2.77,1.82,,,,23.66,116.37,44.06
2011-08-02,0.06,0.33,1.23,2.66,3.93,2.74,1.78,,,,24.79,116.02,44.26
2011-08-03,0.02,0.33,1.25,2.64,3.89,2.72,1.78,,,,23.38,113.74,44.31
2011-08-04,0.02,0.27,1.12,2.47,3.7,2.77,1.84,,,,31.66,110.22,44.56
2011-08-05,0.01,0.28,1.23,2.58,3.82,2.77,1.83,,,,32.0,106.92,44.73
2011-08-08,0.05,0.27,1.11,2.4,3.68,2.88,1.93,,,,48.0,103.06,45.0
2011-08-09,0.03,0.19,0.91,2.2,3.56,3.01,2.04,,,,35.06,103.63,45.2
2011-08-10,0.02,0.19,0.93,2.17,3.54,3.03,2.04,,,,42.99,103.84,45.25
2011-08-11,0.03,0.19,1.02,2.34,3.82,3.15,2.12,,,,39.0,107.82,45.29
2011-08-12,0.02,0.2,0.96,2.24,3.72,3.14,2.1,,,,36.36,108.17,45.39
2011-08-15,0.02,0.19,0.99,2.29,3.75,3.15,2.11,,,,31.87,108.89,45.23
2011-08-16,0.03,0.2,0.95,2.23,3.67,3.12,2.08,,,,32.85,109.69,45.25
2011-08-17,0.01,0.19,0.92,2.17,3.57,3.11,2.2,,,,31.58,111.37,45.3
2011-08-18,0.01,0.2,0.9,2.08,3.45,3.12,2.19,,,,42.67,108.36,45.71
2011-08-19,0.02,0.2,0.9,2.07,3.39,3.12,2.15,,,,43.05,109.37,45.66
2011-08-22,0.01,0.22,0.94,2.1,3.42,3.13,2.13,,,,42.44,108.83,45.56
2011-08-23,0.01,0.22,0.95,2.15,3.47,3.19,2.18,,,,36.27,110.35,45.62
2011-08-24,0.02,0.23,1.05,2.29,3.63,3.21,2.18,,,,35.9,111.91,45.89
2011-08-25,0.01,0.22,0.98,2.23,3.6,3.25,2.22,,,,39.76,111.91,46.04
2011-08-26,0.01,0.2,0.94,2.19,3.54,3.25,2.2,,,,35.59,112.29,46.15
2011-08-29,0.02,0.2,0.99,2.28,3.63,3.25,2.2,,,,32.28,,45.95
2011-08-30,0.01,0.2,0.94,2.19,3.53,3.22,2.14,,,,32.89,115.59,46.01
2011-08-31,0.02,0.2,0.96,2.23,3.6,3.25,2.18,,,,31.62,116.48,45.79
2011-09-01,0.02,0.19,0.9,2.15,3.51,3.23,2.18,,,,31.82,116.43,45.66
2011-09-02,0.02,0.2,0.88,2.02,3.32,3.18,2.11,,,,33.92,115.92,45.74
2011-09-05,,,,,,,,,,,,,
2011-09-06,0.02,0.21,0.88,1.98,3.26,3.21,2.1,,,,37.0,113.29,46.0
2011-09-07,0.02,0.21,0.92,2.05,3.36,3.25,2.12,,,,33.38,117.5,46.07
2011-09-08,0.02,0.19,0.88,2.0,3.32,3.26,2.13,,,,34.32,117.99,46.2
2011-09-09,0.01,0.17,0.81,1.93,3.26,3.28,2.14,,,,38.52,115.1,46.64
2011-09-12,0.01,0.21,0.87,1.94,3.24,3.29,2.12,,,,38.59,114.75,47.22
2011-09-13,0.01,0.21,0.89,2.0,3.32,3.32,2.15,,,,36.91,114.08,47.49
2011-09-14,0.01,0.19,0.91,2.03,3.32,3.3,2.11,,,,34.6,113.1,47.58
2011-09-15,0.01,0.21,0.95,2.09,3.36,3.31,2.1,,,,31.97,116.71,47.54
2011-09-16,0.01,0.18,0.94,2.08,3.34,3.31,2.1,,,,30.98,116.26,47.27
2011-09-19,0.01,0.16,0.85,1.97,3.22,3.31,2.07,,,,32.73,112.89,47.72
2011-09-20,0.01,0.18,0.85,1.95,3.2,3.35,2.1,,,,32.86,114.39,47.93
2011-09-21,0.01,0.21,0.88,1.88,3.03,3.26,2.16,,,,37.32,114.26,48.32
2011-09-22,0.0,0.2,0.79,1.72,2.78,3.32,2.12,,,,41.35,109.21,49.47
2011-09-23,0.01,0.23,0.89,1.84,2.89,3.31,2.09,,,,41.25,109.17,49.34
2011-09-26,0.02,0.25,0.92,1.91,2.99,3.37,2.15,,,,39.02,107.9,49.47
2011-09-27,0.01,0.25,0.97,2.0,3.08,3.39,2.15,,,,37.71,109.54,48.92
2011-09-28,0.02,0.27,0.99,2.03,3.1,3.35,2.07,,,,41.08,108.52,48.94
2011-09-29,0.02,0.27,0.98,1.99,3.03,3.3,2.02,,,,38.84,107.08,48.93
2011-09-30,0.02,0.25,0.96,1.92,2.9,3.3,2.04,,,,42.96,105.42,49.05
2011-10-03,0.02,0.24,0.87,1.8,2.76,3.31,2.0,,,,45.45,103.61,49.09
2011-10-04,0.01,0.25,0.9,1.81,2.77,3.33,1.98,,,,40.82,101.84,49.3
2011-10-05,0.0,0.25,0.96,1.92,2.87,3.36,2.0,,,,37.81,103.77,49.24
2011-10-06,0.01,0.29,1.01,2.01,2.96,3.34,1.98,,,,36.27,104.38,49.18
2011-10-07,0.01,0.3,1.08,2.1,3.02,3.32,1.95,,,,36.2,106.56,48.89
2011-10-10,,,,,,,,,,,33.02,109.49,
2011-10-11,0.02,0.32,1.14,2.18,3.11,3.32,1.88,,,,32.86,109.22,49.24
2011-10-12,0.02,0.29,1.17,2.24,3.19,3.33,1.89,,,,31.26,112.44,48.95
2011-10-13,0.02,0.29,1.11,2.19,3.15,3.29,1.87,,,,30.7,112.45,49.22
2011-10-14,0.02,0.28,1.12,2.26,3.22,3.26,1.87,,,,28.24,114.33,48.89
2011-10-17,0.04,0.28,1.08,2.18,3.13,3.26,1.82,,,,33.39,112.92,49.03
2011-10-18,0.04,0.28,1.07,2.19,3.17,3.23,1.77,,,,31.56,112.08,49.33
2011-10-19,0.03,0.28,1.05,2.18,3.17,3.21,1.79,,,,34.44,111.76,49.17
2011-10-20,0.03,0.28,1.07,2.2,3.19,3.2,1.78,,,,34.78,109.0,49.86
2011-10-21,0.02,0.3,1.08,2.23,3.26,3.18,1.76,,,,31.32,111.6,49.82
2011-10-24,0.02,0.3,1.1,2.25,3.27,3.16,1.76,,,,29.26,111.67,49.72
2011-10-25,0.01,0.26,1.01,2.14,3.13,3.14,1.73,,,,32.22,112.11,49.41
2011-10-26,0.02,0.28,1.09,2.23,3.22,3.1,1.72,,,,29.86,110.43,49.4
2011-10-27,0.02,0.31,1.2,2.42,3.45,3.04,1.65,,,,25.46,112.45,49.0
2011-10-28,0.01,0.28,1.13,2.34,3.36,2.99,1.63,,,,24.53,110.01,48.63
2011-10-31,0.01,0.25,0.99,2.17,3.16,3.02,1.71,,,,29.96,108.43,48.67
2011-11-01,0.01,0.23,0.9,2.01,2.99,3.03,1.72,,,,34.77,106.97,49.26
2011-11-02,0.01,0.23,0.89,2.03,3.03,3.03,1.79,,,,32.74,110.82,49.1
2011-11-03,0.01,0.24,0.91,2.09,3.1,3.04,1.81,,,,30.5,110.76,49.04
2011-11-04,0.01,0.22,0.88,2.06,3.09,3.06,1.82,,,,30.16,112.22,48.99
2011-11-07,0.01,0.25,0.88,2.04,3.05,3.02,1.78,,,,29.85,114.75,48.94
2011-11-08,0.01,0.25,0.92,2.1,3.13,3.05,1.83,,,,27.48,115.61,49.39
2011-11-09,0.01,0.24,0.88,2.0,3.03,3.08,1.84,,,,36.16,115.29,50.05
2011-11-10,0.01,0.24,0.9,2.04,3.12,3.14,1.89,,,,32.81,113.32,49.98
2011-11-11,,,,,,,,,,,30.04,114.43,
2011-11-14,0.01,0.24,0.91,2.04,3.09,3.13,1.85,,,,31.13,112.57,50.37
2011-11-15,0.01,0.26,0.93,2.06,3.1,3.14,1.87,,,,31.22,111.9,50.62
2011-11-16,0.01,0.26,0.9,2.01,3.05,3.17,1.9,,,,33.51,111.91,50.66
2011-11-17,0.02,0.27,0.88,1.96,2.98,3.16,1.87,,,,34.51,109.25,50.95
2011-11-18,0.01,0.29,0.94,2.01,2.99,3.14,1.89,,,,32.0,107.82,51.23
2011-11-21,0.02,0.27,0.92,1.97,2.96,3.15,1.87,,,,32.91,105.98,52.06
2011-11-22,0.02,0.26,0.91,1.94,2.91,3.17,1.87,,,,31.97,107.77,52.48
2011-11-23,0.02,0.26,0.88,1.89,2.82,3.15,1.83,,,,33.98,106.83,52.26
2011-11-24,,,,,,,,,,,,,
2011-11-25,0.02,0.28,0.93,1.97,2.92,3.18,1.88,,,,34.47,106.08,52.23
2011-11-28,0.03,0.26,0.91,1.97,2.93,3.19,1.92,,,,32.13,109.38,51.94
2011-11-29,0.02,0.27,0.93,2.0,2.96,3.22,1.96,,,,30.64,111.25,51.9
2011-11-30,0.01,0.25,0.96,2.08,3.06,3.24,1.99,,,,27.8,111.22,52.12
2011-12-01,0.01,0.27,0.97,2.11,3.12,3.3,1.99,,,,27.41,108.83,51.36
2011-12-02,0.02,0.25,0.92,2.05,3.03,3.24,1.93,,,,27.52,109.59,50.5
2011-12-05,0.01,0.27,0.93,2.04,3.02,3.25,1.99,,,,27.84,110.18,51.31
2011-12-06,0.01,0.25,0.94,2.08,3.09,3.26,1.99,,,,28.13,110.16,51.23
2011-12-07,0.02,0.24,0.89,2.02,3.04,3.26,1.98,,,,28.67,110.07,51.62
2011-12-08,0.01,0.22,0.86,1.99,3.0,3.26,1.96,,,,30.59,108.23,51.7
2011-12-09,0.01,0.22,0.89,2.07,3.1,3.28,1.98,,,,26.38,107.91,51.87
2011-12-12,0.01,0.24,0.87,2.03,3.06,3.27,1.99,,,,25.67,107.82,52.6
2011-12-13,0.01,0.24,0.85,1.96,2.98,3.29,2.02,,,,25.41,109.25,53.09
2011-12-14,0.01,0.25,0.86,1.92,2.91,3.24,1.96,,,,26.04,105.72,53.71
2011-12-15,0.0,0.26,0.86,1.92,2.92,3.27,1.98,,,,25.11,104.52,53.55
2011-12-16,0.0,0.24,0.81,1.86,2.86,3.26,1.96,,,,24.29,104.0,52.49
2011-12-19,0.01,0.24,0.82,1.82,2.79,3.26,1.94,,,,24.92,104.55,52.69
2011-12-20,0.01,0.26,0.88,1.94,2.93,3.27,1.93,,,,23.22,107.8,52.76
2011-12-21,0.01,0.28,0.91,1.98,3.0,3.3,1.92,,,,21.43,108.0,52.39
2011-12-22,0.01,0.28,0.91,1.97,2.99,3.29,1.91,,,,21.16,108.98,52.56
2011-12-23,0.01,0.28,0.97,2.03,3.05,3.32,1.95,,,,20.73,109.28,52.78
2011-12-26,,,,,,,,,,,,,
2011-12-27,0.02,0.3,0.96,2.02,3.04,3.3,1.92,,,,21.91,,52.93
2011-12-28,0.01,0.28,0.91,1.93,2.91,3.25,1.86,,,,23.52,107.54,52.88
2011-12-29,0.02,0.28,0.88,1.91,2.9,3.28,1.89,,,,22.65,106.89,53.0
2011-12-30,0.02,0.25,0.83,1.89,2.89,3.27,1.88,,,,23.4,108.09,53.01
2012-01-02,,,,,,,,,,,,,
2012-01-03,0.02,0.27,0.89,1.97,2.98,3.29,1.87,,,,22.97,111.12,53.11
2012-01-04,0.02,0.25,0.89,2.0,3.03,3.3,1.89,,,,22.22,113.37,52.85
2012-01-05,0.02,0.27,0.88,2.02,3.06,3.27,1.89,,,,21.48,113.59,52.89
2012-01-06,0.02,0.25,0.86,1.98,3.02,3.27,1.87,,,,20.63,111.96,52.67
2012-01-09,0.01,0.26,0.85,1.98,3.02,3.28,1.88,,,,21.07,111.07,52.39
2012-01-10,0.02,0.24,0.86,2.0,3.04,3.25,1.86,,,,20.69,113.3,51.59
2012-01-11,0.02,0.24,0.82,1.93,2.96,3.27,1.87,,,,21.05,111.66,51.78
2012-01-12,0.03,0.22,0.84,1.94,2.97,3.27,1.96,,,,20.47,112.97,51.51
2012-01-13,0.03,0.24,0.8,1.89,2.91,3.24,1.92,,,,20.91,109.88,51.43
2012-01-16,,,,,,,,,,,,,
2012-01-17,0.03,0.21,0.79,1.87,2.89,3.24,1.92,,,,22.2,110.55,50.69
2012-01-18,0.03,0.24,0.82,1.92,2.96,3.25,1.86,,,,20.89,109.81,50.4
2012-01-19,0.05,0.26,0.87,2.01,3.05,3.22,1.86,,,,19.87,109.54,50.3
2012-01-20,0.05,0.26,0.91,2.05,3.1,3.24,1.81,,,,18.28,108.5,50.22
2012-01-23,0.04,0.26,0.93,2.09,3.15,3.24,1.82,,,,18.67,109.46,49.99
2012-01-24,0.04,0.24,0.92,2.08,3.15,3.25,1.84,,,,18.91,108.38,50.02
2012-01-25,0.04,0.22,0.81,2.01,3.13,3.31,1.92,,,,18.31,108.48,50.18
2012-01-26,0.05,0.22,0.77,1.96,3.1,3.28,1.92,,,,18.57,109.08,49.42
2012-01-27,0.06,0.22,0.75,1.93,3.07,3.28,1.92,,,,18.53,110.5,49.39
2012-01-30,0.05,0.22,0.73,1.87,2.99,3.25,1.9,,,,19.4,110.24,49.66
2012-01-31,0.06,0.22,0.71,1.83,2.94,3.24,1.89,,,,19.44,110.26,49.54
2012-02-01,0.06,0.23,0.72,1.87,3.01,3.25,1.93,,,,18.55,111.96,49.2738
2012-02-02,0.08,0.23,0.71,1.86,3.01,3.25,1.93,,,,17.98,110.96,49.03
2012-02-03,0.08,0.23,0.78,1.97,3.13,3.26,1.96,,,,17.1,112.56,48.65
2012-02-06,0.08,0.24,0.76,1.93,3.08,3.22,1.94,,,,17.76,115.47,49.05
2012-02-07,0.08,0.25,0.82,2.0,3.14,3.19,1.92,,,,17.65,116.86,49.2
2012-02-08,0.09,0.27,0.82,2.01,3.14,3.17,1.9,,,,18.16,117.18,49.22
2012-02-09,0.09,0.27,0.86,2.04,3.2,3.18,1.87,,,,18.63,118.4,49.35
2012-02-10,0.09,0.27,0.81,1.96,3.11,3.17,1.86,,,,20.79,118.13,49.48
2012-02-13,0.11,0.29,0.85,1.99,3.14,3.19,1.87,,,,19.04,118.73,49.14
2012-02-14,0.12,0.29,0.81,1.92,3.06,3.18,1.86,,,,19.54,118.3,49.4
2012-02-15,0.11,0.29,0.81,1.93,3.09,3.19,1.88,,,,21.14,120.25,49.35
2012-02-16,0.1,0.29,0.87,1.99,3.14,3.17,1.88,,,,19.22,121.0,49.43
2012-02-17,0.09,0.29,0.88,2.01,3.16,3.17,1.86,,,,17.78,120.69,49.31
2012-02-20,,,,,,,,,,,,,
2012-02-21,0.08,0.31,0.92,2.05,3.2,3.15,1.85,,,,18.19,120.85,49.21
2012-02-22,0.09,0.29,0.88,2.01,3.15,3.15,1.85,,,,18.19,123.07,49.24
2012-02-23,0.09,0.31,0.88,1.99,3.13,3.14,1.85,,,,16.8,124.53,49.19
2012-02-24,0.1,0.31,0.89,1.98,3.1,3.12,1.83,,,,17.31,124.89,48.98
2012-02-27,0.12,0.3,0.84,1.92,3.04,3.12,1.86,,,,18.19,126.46,49.12
2012-02-28,0.1,0.3,0.84,1.94,3.07,3.12,1.86,,,,17.96,124.02,49.01
2012-02-29,0.08,0.3,0.87,1.98,3.08,3.1,1.82,,,,18.43,122.23,48.99
2012-03-01,0.08,0.3,0.89,2.03,3.15,3.1,1.84,,,,17.26,125.76,49.14
2012-03-02,0.07,0.28,0.84,1.99,3.11,3.09,1.84,,,,17.29,125.93,49.55
2012-03-05,0.08,0.31,0.87,2.0,3.13,3.11,1.86,,,,18.05,126.68,49.82
2012-03-06,0.08,0.3,0.83,1.96,3.08,3.1,1.86,,,,20.87,125.03,50.3763
2012-03-07,0.08,0.3,0.85,1.98,3.12,3.11,1.88,,,,19.07,125.37,50.27
2012-03-08,0.08,0.32,0.89,2.03,3.18,3.11,1.88,,,,17.95,127.96,50.17
2012-03-09,0.09,0.33,0.9,2.04,3.19,3.11,1.89,,,,17.11,128.08,49.75
2012-03-12,0.09,0.33,0.92,2.04,3.17,3.09,1.86,,,,15.64,127.27,49.98
2012-03-13,0.08,0.35,0.99,2.14,3.26,3.08,1.83,,,,14.8,128.14,49.92
2012-03-14,0.09,0.4,1.13,2.29,3.43,3.07,1.85,,,,15.31,126.98,50.0
2012-03-15,0.08,0.37,1.11,2.29,3.41,3.07,1.82,,,,15.42,123.63,50.28
2012-03-16,0.09,0.37,1.13,2.31,3.41,3.04,1.8,,,,14.47,125.09,50.11
2012-03-19,0.1,0.39,1.2,2.39,3.48,3.03,1.79,,,,15.04,125.76,50.16
2012-03-20,0.1,0.41,1.22,2.38,3.46,3.02,1.78,,,,15.58,124.38,50.48
2012-03-21,0.09,0.39,1.15,2.31,3.38,3.0,1.75,,,,15.13,123.89,50.6
2012-03-22,0.08,0.37,1.13,2.29,3.37,3.01,1.75,,,,15.57,122.49,51.28
2012-03-23,0.08,0.37,1.1,2.25,3.31,3.01,1.74,,,,14.82,125.21,51.18
2012-03-26,0.09,0.36,1.09,2.26,3.33,3.01,1.75,,,,14.26,125.85,51.03
2012-03-27,0.09,0.33,1.04,2.2,3.29,3.04,1.78,,,,15.59,125.25,50.66
2012-03-28,0.09,0.34,1.05,2.21,3.31,3.03,1.78,,,,15.47,124.41,50.97
2012-03-29,0.07,0.33,1.01,2.18,3.27,3.03,1.78,,,,15.48,123.23,51.38
2012-03-30,0.07,0.33,1.04,2.23,3.35,3.07,1.81,,,,15.5,123.41,50.89
2012-04-02,0.08,0.33,1.03,2.22,3.35,3.08,1.81,,,,15.64,124.44,50.79
2012-04-03,0.08,0.36,1.1,2.3,3.41,3.06,1.8,,,,15.66,,50.64
2012-04-04,0.08,0.35,1.05,2.25,3.37,3.08,1.82,,,,16.44,123.04,51.18
2012-04-05,0.08,0.35,1.01,2.19,3.32,3.09,1.83,,,,16.7,123.58,51.11
2012-04-06,0.07,0.32,0.89,2.07,3.21,3.13,1.87,,,,,,51.14
2012-04-09,0.09,0.32,0.9,2.06,3.18,3.11,1.85,,,,18.81,,51.1
2012-04-10,0.09,0.28,0.85,2.01,3.13,3.14,1.86,,,,20.39,121.89,51.47
2012-04-11,0.09,0.3,0.89,2.05,3.18,3.16,1.93,,,,20.02,120.41,51.5
2012-04-12,0.09,0.29,0.9,2.08,3.22,3.15,1.91,,,,17.2,120.57,51.22
2012-04-13,0.09,0.27,0.86,2.02,3.14,3.15,1.91,,,,19.55,120.62,51.45
2012-04-16,0.08,0.27,0.85,2.0,3.12,3.14,1.9,,,,19.55,118.23,51.6
2012-04-17,0.08,0.27,0.88,2.03,3.15,3.14,1.91,,,,18.46,117.41,51.41
2012-04-18,0.07,0.27,0.86,2.0,3.13,3.15,1.91,,,,18.64,115.18,51.79
2012-04-19,0.07,0.27,0.84,1.98,3.12,3.15,1.95,,,,18.36,117.0,52.07
2012-04-20,0.08,0.29,0.86,1.99,3.12,3.17,1.96,,,,17.44,118.08,52.02
2012-04-23,0.08,0.27,0.83,1.96,3.08,3.16,1.96,,,,18.97,116.66,52.38
2012-04-24,0.09,0.27,0.86,2.0,3.12,3.15,1.95,,,,18.1,117.74,52.63
2012-04-25,0.09,0.26,0.86,2.01,3.15,3.17,1.97,,,,16.82,117.45,52.45
2012-04-26,0.09,0.26,0.83,1.98,3.13,3.19,1.99,,,,16.24,119.33,52.44
2012-04-27,0.09,0.26,0.82,1.96,3.12,3.19,1.99,,,,16.32,119.3,52.45
2012-04-30,0.1,0.27,0.82,1.95,3.12,3.2,2.0,,,,17.15,118.66,52.65
2012-05-01,0.09,0.27,0.84,1.98,3.16,3.22,2.02,,,,16.6,119.57,52.5
2012-05-02,0.08,0.27,0.82,1.96,3.11,3.19,1.99,,,,16.88,117.57,52.97
2012-05-03,0.09,0.28,0.82,1.96,3.12,3.18,1.99,,,,17.56,115.91,53.33
2012-05-04,0.07,0.27,0.78,1.91,3.07,3.19,2.0,,,,19.16,111.66,53.41
2012-05-07,0.1,0.27,0.79,1.92,3.07,3.18,1.98,,,,18.94,,52.91
2012-05-08,0.09,0.27,0.77,1.88,3.03,3.19,1.98,,,,19.05,110.48,53.14
2012-05-09,0.09,0.27,0.77,1.87,3.03,3.22,2.0,,,,20.08,111.89,53.75
2012-05-10,0.1,0.27,0.79,1.89,3.07,3.21,2.0,,,,18.83,112.24,53.25
2012-05-11,0.1,0.27,0.75,1.84,3.02,3.22,2.0,,,,19.89,112.5,53.63
2012-05-14,0.1,0.29,0.73,1.78,2.95,3.22,2.0,,,,21.87,110.79,53.92
2012-05-15,0.09,0.29,0.74,1.76,2.91,3.24,2.0,,,,21.97,111.4,53.91
2012-05-16,0.1,0.3,0.75,1.76,2.9,3.25,1.97,,,,22.27,109.8,54.34
2012-05-17,0.1,0.32,0.74,1.7,2.8,3.23,1.93,,,,24.49,109.31,54.37
2012-05-18,0.08,0.32,0.75,1.71,2.8,3.27,2.01,,,,25.1,108.03,54.48
2012-05-21,0.09,0.3,0.75,1.75,2.8,3.25,1.98,,,,22.01,109.02,54.97
2012-05-22,0.09,0.3,0.78,1.79,2.88,3.34,2.03,,,,22.48,109.76,55.34
2012-05-23,0.09,0.28,0.74,1.73,2.81,3.33,1.98,,,,22.33,106.88,55.95
2012-05-24,0.1,0.29,0.77,1.77,2.86,3.36,1.99,,,,21.54,107.2,55.55
2012-05-25,0.09,0.3,0.76,1.75,2.85,3.37,2.01,,,,21.76,107.86,55.35
2012-05-28,,,,,,,,,,,,,
2012-05-29,0.09,0.3,0.76,1.74,2.85,3.38,2.01,,,,21.03,107.55,55.71
2012-05-30,0.07,0.27,0.69,1.63,2.72,3.4,2.05,,,,24.14,103.85,56.13
2012-05-31,0.07,0.27,0.67,1.59,2.67,3.4,2.04,,,,24.06,103.86,56.38
2012-06-01,0.07,0.25,0.62,1.47,2.53,3.41,2.07,,,,26.66,98.63,55.44
2012-06-04,0.08,0.25,0.68,1.53,2.56,3.4,2.05,,,,26.12,97.74,55.65
2012-06-05,0.08,0.25,0.68,1.57,2.63,3.4,2.05,,,,24.68,98.65,55.54
2012-06-06,0.09,0.26,0.73,1.66,2.73,3.41,2.05,,,,22.16,101.14,55.26
2012-06-07,0.09,0.27,0.72,1.66,2.75,3.43,2.05,,,,21.72,100.05,54.91
2012-06-08,0.09,0.28,0.71,1.65,2.77,3.44,2.06,,,,21.23,97.57,55.39
2012-06-11,0.09,0.27,0.69,1.6,2.71,3.46,2.07,,,,23.56,98.6,55.69
2012-06-12,0.1,0.3,0.75,1.67,2.77,3.43,2.05,,,,22.09,96.59,55.6
2012-06-13,0.1,0.3,0.71,1.61,2.7,3.43,2.05,,,,24.27,97.29,55.56
2012-06-14,0.11,0.3,0.73,1.64,2.73,3.4,2.02,,,,21.68,96.46,55.7
2012-06-15,0.09,0.29,0.68,1.6,2.7,3.42,2.04,,,,21.11,97.13,55.34
2012-06-18,0.1,0.29,0.69,1.59,2.67,3.42,2.04,,,,18.32,95.21,55.85
2012-06-19,0.09,0.3,0.71,1.64,2.73,3.41,2.03,,,,18.38,95.14,55.87
2012-06-20,0.09,0.32,0.74,1.65,2.72,3.38,1.99,,,,17.24,93.5,56.24
2012-06-21,0.09,0.32,0.73,1.63,2.68,3.35,1.98,,,,20.08,89.22,56.25
2012-06-22,0.09,0.31,0.76,1.69,2.75,3.36,1.98,,,,18.11,89.22,57.11
2012-06-25,0.1,0.31,0.72,1.63,2.69,3.36,1.97,,,,20.38,88.69,57.13
2012-06-26,0.1,0.31,0.75,1.66,2.71,3.34,1.93,,,,19.72,90.19,56.95
2012-06-27,0.09,0.31,0.73,1.65,2.7,3.35,1.94,,,,19.45,92.06,56.93
2012-06-28,0.09,0.31,0.69,1.6,2.67,3.37,1.96,,,,19.71,91.02,56.81
2012-06-29,0.09,0.33,0.72,1.67,2.76,3.39,1.99,,,,17.08,94.17,55.57
2012-07-02,0.1,0.3,0.67,1.61,2.69,3.4,1.97,,,,16.8,95.28,55.45
2012-07-03,0.09,0.3,0.69,1.65,2.74,3.41,1.98,,,,16.66,99.89,54.31
2012-07-04,,,,,,,,,,,,,
2012-07-05,0.08,0.28,0.68,1.62,2.72,3.43,1.99,,,,17.5,101.54,54.95
2012-07-06,0.08,0.27,0.64,1.57,2.66,3.41,1.99,,,,17.1,98.5,55.47
2012-07-09,0.09,0.27,0.63,1.53,2.62,3.41,1.94,,,,17.98,99.94,55.87
2012-07-10,0.09,0.27,0.63,1.53,2.6,3.39,1.91,,,,18.72,99.15,55.39
2012-07-11,0.1,0.27,0.64,1.54,2.6,3.36,1.9,,,,17.95,99.23,55.52
2012-07-12,0.1,0.25,0.63,1.5,2.57,3.37,1.91,,,,18.33,99.18,55.83
2012-07-13,0.1,0.25,0.63,1.52,2.58,3.37,1.91,,,,16.74,101.91,55.1
2012-07-16,0.1,0.24,0.6,1.5,2.56,3.35,1.89,,,,17.11,102.1,55.05
2012-07-17,0.1,0.25,0.62,1.53,2.59,3.35,1.89,,,,16.48,104.21,55.03
2012-07-18,0.09,0.22,0.6,1.52,2.59,3.33,1.83,,,,16.16,105.92,55.33
2012-07-19,0.09,0.22,0.62,1.54,2.61,3.34,1.83,,,,15.45,107.79,55.16
2012-07-20,0.09,0.22,0.59,1.49,2.55,3.31,1.81,,,,16.27,106.98,55.27
2012-07-23,0.1,0.22,0.57,1.47,2.52,3.31,1.8,,,,18.62,103.91,55.92
2012-07-24,0.1,0.22,0.57,1.44,2.47,3.29,1.79,,,,20.47,103.57,56.22
2012-07-25,0.1,0.22,0.56,1.43,2.46,3.3,1.79,,,,19.34,102.35,56.1
2012-07-26,0.11,0.23,0.58,1.45,2.49,3.3,1.8,,,,17.53,104.77,55.59
2012-07-27,0.11,0.25,0.65,1.58,2.63,3.29,1.77,,,,16.7,106.3,55.39
2012-07-30,0.11,0.23,0.61,1.53,2.58,3.26,1.76,,,,18.03,106.54,55.42
2012-07-31,0.11,0.23,0.6,1.51,2.56,3.27,1.78,,,,18.93,105.93,55.55
2012-08-01,0.1,0.24,0.63,1.56,2.6,3.26,1.76,,,,18.96,106.78,55.47
2012-08-02,0.09,0.24,0.61,1.51,2.55,3.24,1.77,,,,17.57,107.55,55.84
2012-08-03,0.09,0.24,0.67,1.6,2.65,3.26,1.79,,,,15.64,109.57,55.75
2012-08-06,0.1,0.24,0.65,1.59,2.65,3.24,1.79,,,,15.95,110.01,55.52
2012-08-07,0.11,0.27,0.71,1.66,2.72,3.24,1.79,,,,15.99,112.39,55.06
2012-08-08,0.11,0.29,0.73,1.68,2.75,3.23,1.79,,,,15.32,113.42,55.28
2012-08-09,0.11,0.29,0.74,1.69,2.78,3.23,1.79,,,,15.28,113.52,55.17
2012-08-10,0.1,0.27,0.71,1.65,2.74,3.23,1.8,,,,14.74,113.13,55.18
2012-08-13,0.11,0.27,0.71,1.65,2.74,3.24,1.81,,,,13.7,114.48,55.34
2012-08-14,0.11,0.27,0.75,1.73,2.82,3.25,1.82,,,,14.85,113.9,55.66
2012-08-15,0.09,0.27,0.8,1.8,2.9,3.27,1.84,,,,14.63,115.51,55.66
2012-08-16,0.09,0.29,0.83,1.83,2.96,3.26,1.84,,,,14.29,116.12,55.62
2012-08-17,0.09,0.29,0.81,1.81,2.93,3.25,1.84,,,,13.45,115.2,55.62
2012-08-20,0.11,0.29,0.8,1.82,2.93,3.23,1.81,,,,14.02,115.5,55.5
2012-08-21,0.11,0.31,0.8,1.8,2.9,3.23,1.81,,,,15.02,116.03,55.46
2012-08-22,0.11,0.26,0.71,1.71,2.82,3.22,1.8,,,,15.11,115.77,55.5
2012-08-23,0.11,0.26,0.71,1.68,2.79,3.2,1.79,,,,15.96,117.45,55.14
2012-08-24,0.1,0.28,0.72,1.68,2.79,3.21,1.8,,,,15.18,115.76,55.41
2012-08-27,0.11,0.28,0.7,1.65,2.76,3.19,1.78,,,,16.35,113.74,55.68
2012-08-28,0.1,0.27,0.69,1.64,2.75,3.19,1.77,,,,16.49,112.62,55.65
2012-08-29,0.12,0.27,0.69,1.66,2.77,3.19,1.75,,,,17.06,112.53,55.69
2012-08-30,0.1,0.27,0.66,1.63,2.75,3.2,1.8,,,,17.83,112.28,55.63
2012-08-31,0.09,0.22,0.59,1.57,2.68,3.21,1.79,,,,17.47,113.93,55.52
2012-09-03,,,,,,,,,,,,,
2012-09-04,0.1,0.23,0.62,1.59,2.69,3.18,1.8,,,,17.98,114.98,55.61
2012-09-05,0.11,0.25,0.62,1.6,2.7,3.18,1.8,,,,17.74,113.32,55.88
2012-09-06,0.11,0.27,0.68,1.68,2.8,3.19,1.78,,,,15.6,114.5,55.64
2012-09-07,0.11,0.25,0.64,1.67,2.81,3.2,1.8,,,,14.38,113.64,55.27
2012-09-10,0.1,0.25,0.66,1.68,2.83,3.2,1.8,,,,16.28,113.84,55.44
2012-09-11,0.1,0.25,0.67,1.7,2.84,3.18,1.77,,,,16.41,114.86,55.25
2012-09-12,0.1,0.25,0.7,1.77,2.92,3.18,1.79,,,,15.8,114.86,55.21
2012-09-13,0.1,0.24,0.65,1.75,2.95,3.21,1.84,,,,14.05,116.0,55.34
2012-09-14,0.11,0.27,0.72,1.88,3.09,3.15,1.79,,,,14.51,117.48,53.3
2012-09-17,0.11,0.25,0.73,1.85,3.03,3.12,1.76,,,,14.59,116.7,53.88
2012-09-18,0.1,0.25,0.71,1.82,3.0,3.09,1.77,,,,14.18,113.29,53.9
2012-09-19,0.11,0.27,0.7,1.79,2.97,3.07,1.76,,,,13.88,108.49,53.99
2012-09-20,0.11,0.27,0.7,1.8,2.96,3.04,1.7,,,,14.07,109.41,54.26
2012-09-21,0.11,0.27,0.68,1.77,2.95,3.06,1.73,,,,13.98,111.27,53.46
2012-09-24,0.11,0.27,0.68,1.74,2.91,3.02,1.71,,,,14.15,109.2,53.43
2012-09-25,0.11,0.27,0.66,1.7,2.86,3.03,1.71,,,,15.43,110.77,53.36
2012-09-26,0.11,0.26,0.63,1.64,2.79,3.03,1.69,,,,16.81,108.99,53.52
2012-09-27,0.09,0.25,0.64,1.66,2.83,3.05,1.71,,,,14.84,111.45,52.99
2012-09-28,0.1,0.23,0.62,1.65,2.82,3.07,1.77,,,,15.73,111.36,52.92
2012-10-01,0.09,0.25,0.62,1.64,2.81,3.06,1.77,,,,16.32,112.58,52.46
2012-10-02,0.09,0.23,0.61,1.64,2.81,3.04,1.75,,,,15.71,112.49,52.42
2012-10-03,0.09,0.23,0.61,1.64,2.82,3.03,1.77,,,,15.43,109.32,52.25
2012-10-04,0.1,0.23,0.63,1.7,2.89,2.99,1.77,,,,14.55,110.48,51.74
2012-10-05,0.11,0.27,0.67,1.75,2.96,2.98,1.77,,,,14.33,112.17,51.77
2012-10-08,,,,,,,,,,,15.11,112.6,
2012-10-09,0.1,0.25,0.67,1.74,2.93,2.93,1.75,,,,16.37,114.32,52.73
2012-10-10,0.1,0.27,0.66,1.72,2.89,2.9,1.72,,,,16.29,116.11,53.05
2012-10-11,0.1,0.28,0.67,1.7,2.86,2.87,1.72,,,,15.59,116.18,52.66
2012-10-12,0.11,0.27,0.67,1.69,2.83,2.85,1.71,,,,16.14,115.17,52.81
2012-10-15,0.11,0.27,0.67,1.7,2.85,2.83,1.71,,,,15.27,115.0,53.09
2012-10-16,0.09,0.27,0.7,1.75,2.91,2.8,1.73,,,,15.22,115.0,52.89
2012-10-17,0.11,0.3,0.78,1.83,2.98,2.77,1.73,,,,15.07,113.49,52.86
2012-10-18,0.1,0.29,0.79,1.86,3.02,2.72,1.7,,,,15.03,112.58,53.46
2012-10-19,0.1,0.3,0.77,1.79,2.94,2.71,1.7,,,,17.06,111.89,54.08
2012-10-22,0.1,0.32,0.79,1.83,2.95,2.68,1.67,,,,16.62,109.62,53.51
2012-10-23,0.11,0.29,0.77,1.79,2.91,2.73,1.68,,,,18.83,107.53,53.72
2012-10-24,0.11,0.29,0.76,1.8,2.93,2.74,1.69,,,,18.33,107.66,53.73
2012-10-25,0.11,0.31,0.82,1.86,2.98,2.73,1.68,,,,18.12,107.64,53.55
2012-10-26,0.12,0.3,0.76,1.78,2.92,2.76,1.7,,,,17.81,108.9,53.55
2012-10-29,0.14,0.3,0.74,1.74,2.87,2.75,1.7,,,,,109.33,54.1
2012-10-30,,,,,,,,,,,,109.4,53.96
2012-10-31,0.11,0.3,0.72,1.72,2.85,2.73,1.68,,,,18.6,109.89,53.8
2012-11-01,0.09,0.3,0.73,1.75,2.89,2.75,1.7,,,,16.69,108.84,53.76
2012-11-02,0.09,0.28,0.73,1.75,2.91,2.77,1.72,,,,17.59,106.79,53.75
2012-11-05,0.11,0.28,0.7,1.72,2.88,2.74,1.7,,,,18.42,105.59,54.6
2012-11-06,0.1,0.3,0.75,1.78,2.92,2.74,1.7,,,,17.58,109.27,54.42
2012-11-07,0.1,0.27,0.67,1.68,2.83,2.78,1.72,,,,19.08,108.21,54.37
2012-11-08,0.1,0.27,0.65,1.62,2.77,2.8,1.8,,,,18.49,107.23,54.3
2012-11-09,0.09,0.27,0.65,1.61,2.75,2.82,1.79,,,,18.61,108.61,54.61
2012-11-12,,,,,,,,,,,16.68,110.23,
2012-11-13,0.11,0.27,0.63,1.59,2.72,2.85,1.82,,,,16.65,108.82,54.82
2012-11-14,0.1,0.25,0.63,1.59,2.73,2.87,1.85,,,,17.92,109.66,54.87
2012-11-15,0.08,0.24,0.62,1.58,2.72,2.9,1.91,,,,17.99,110.07,54.65
2012-11-16,0.06,0.24,0.62,1.58,2.73,2.9,1.91,,,,16.41,106.81,55.16
2012-11-19,0.09,0.25,0.64,1.61,2.76,2.91,1.92,,,,15.24,110.06,55.05
2012-11-20,0.08,0.27,0.67,1.66,2.82,2.9,1.91,,,,15.08,110.01,55.1
2012-11-21,0.1,0.27,0.69,1.69,2.83,2.89,1.91,,,,15.31,110.81,55.14
2012-11-22,,,,,,,,,,,,,
2012-11-23,0.1,0.29,0.7,1.7,2.83,2.89,1.9,,,,15.14,110.14,55.44
2012-11-26,0.1,0.27,0.68,1.66,2.8,2.9,1.91,,,,15.5,110.18,55.63
2012-11-27,0.1,0.27,0.66,1.64,2.79,2.91,1.92,,,,15.92,109.33,55.35
2012-11-28,0.1,0.27,0.64,1.63,2.79,2.91,1.91,,,,15.51,108.26,55.7
2012-11-29,0.09,0.25,0.63,1.62,2.79,2.95,1.94,,,,15.06,110.47,54.71
2012-11-30,0.08,0.25,0.61,1.62,2.81,2.95,1.96,,,,15.87,110.84,54.26
2012-12-03,0.1,0.25,0.63,1.63,2.8,2.95,1.96,,,,16.64,111.27,54.66
2012-12-04,0.1,0.25,0.63,1.62,2.78,2.94,1.94,,,,17.12,109.99,54.73
2012-12-05,0.1,0.25,0.61,1.6,2.78,2.97,1.96,,,,16.46,108.96,54.46
2012-12-06,0.1,0.25,0.6,1.59,2.76,2.96,1.96,,,,16.58,108.01,54.31
2012-12-07,0.09,0.25,0.63,1.64,2.81,2.96,1.96,,,,15.9,107.16,54.35
2012-12-10,0.09,0.24,0.62,1.63,2.8,2.95,1.96,,,,16.05,108.25,54.42
2012-12-11,0.08,0.24,0.64,1.66,2.83,2.95,1.96,,,,15.57,107.6,54.31
2012-12-12,0.07,0.25,0.66,1.72,2.9,2.94,1.96,,,,15.95,110.17,54.23
2012-12-13,0.06,0.27,0.7,1.74,2.9,2.92,1.95,,,,16.56,110.18,54.36
2012-12-14,0.04,0.24,0.7,1.72,2.87,2.9,1.94,,,,17.0,109.28,54.49
2012-12-17,0.05,0.25,0.74,1.78,2.94,2.9,1.93,,,,16.34,109.35,54.68
2012-12-18,0.06,0.28,0.78,1.84,3.0,2.92,1.96,,,,15.57,109.96,54.91
2012-12-19,0.05,0.28,0.77,1.82,2.99,2.89,1.92,,,,17.36,109.95,54.67
2012-12-20,0.06,0.28,0.77,1.81,2.98,2.89,1.92,,,,17.67,110.57,54.92
2012-12-21,0.06,0.26,0.75,1.77,2.93,2.86,1.89,,,,17.84,109.13,55.06
2012-12-24,0.06,0.26,0.77,1.79,2.94,2.86,1.89,,,,17.84,108.44,54.95
2012-12-25,,,,,,,,,,,,,
2012-12-26,0.09,0.26,0.76,1.77,2.94,2.87,1.91,,,,19.48,110.72,54.86
2012-12-27,0.08,0.26,0.72,1.74,2.89,2.84,1.88,,,,19.47,110.04,54.94
2012-12-28,0.01,0.27,0.72,1.73,2.88,2.85,1.89,,,,22.72,110.05,54.77
2012-12-31,0.05,0.25,0.72,1.78,2.95,2.85,1.89,,,,18.02,110.8,54.86
2013-01-01,,,,,,,,,,,,,
2013-01-02,0.08,0.27,0.76,1.86,3.04,2.85,1.91,,,,14.68,112.98,54.23
2013-01-03,0.08,0.27,0.81,1.92,3.12,2.84,1.89,,,,14.56,113.03,54.46
2013-01-04,0.07,0.27,0.82,1.93,3.1,2.81,1.88,,,,13.83,112.58,54.93
2013-01-07,0.07,0.27,0.82,1.92,3.1,2.8,1.88,,,,13.79,112.49,55.2
2013-01-08,0.07,0.25,0.79,1.89,3.06,2.81,1.88,,,,13.62,113.03,55.02
2013-01-09,0.06,0.24,0.77,1.88,3.06,2.81,1.87,,,,13.81,113.07,54.79
2013-01-10,0.06,0.26,0.8,1.91,3.08,2.8,1.87,,,,13.49,112.97,54.49
2013-01-11,0.07,0.26,0.78,1.89,3.05,2.8,1.88,,,,13.36,110.3,54.81
2013-01-14,0.08,0.26,0.78,1.89,3.05,2.8,1.87,,,,13.52,111.32,54.5
2013-01-15,0.09,0.26,0.75,1.86,3.02,2.81,1.88,,,,13.55,111.72,54.58
2013-01-16,0.08,0.26,0.75,1.84,3.01,2.84,1.9,,,,13.42,110.97,54.66
2013-01-17,0.07,0.28,0.79,1.89,3.06,2.84,1.9,,,,13.57,111.01,54.35
2013-01-18,0.08,0.26,0.77,1.87,3.03,2.82,1.88,,,,12.46,111.71,53.82
2013-01-21,,,,,,,,,,,,,
2013-01-22,0.08,0.26,0.76,1.86,3.02,2.82,1.88,,,,12.43,112.72,53.72
2013-01-23,0.08,0.26,0.76,1.86,3.02,2.83,1.89,,,,12.46,113.68,53.66
2013-01-24,0.08,0.23,0.78,1.88,3.04,2.82,1.88,,,,12.69,114.59,53.67
2013-01-25,0.08,0.28,0.87,1.98,3.14,2.82,1.87,,,,12.89,113.88,53.78
2013-01-28,0.07,0.29,0.89,2.0,3.15,2.82,1.87,,,,13.57,113.92,53.97
2013-01-29,0.07,0.3,0.9,2.03,3.18,2.81,1.88,,,,13.31,115.22,53.64
2013-01-30,0.07,0.27,0.88,2.03,3.19,2.84,1.9,,,,14.32,115.42,53.21
2013-01-31,0.07,0.27,0.88,2.02,3.17,2.82,1.88,,,,14.28,115.55,53.32
2013-02-01,0.06,0.27,0.88,2.04,3.21,2.84,1.89,,,,12.9,115.55,53.16
2013-02-04,0.07,0.25,0.85,2.0,3.17,2.85,1.9,,,,14.67,116.06,53.24
2013-02-05,0.07,0.27,0.88,2.04,3.21,2.85,1.9,,,,13.72,117.03,52.99
2013-02-06,0.07,0.27,0.84,2.0,3.18,2.86,1.9,,,,13.41,116.61,53.07
2013-02-07,0.07,0.25,0.83,1.99,3.17,2.85,1.89,,,,13.5,117.17,53.22
2013-02-08,0.07,0.25,0.84,1.99,3.17,2.86,1.9,,,,13.02,118.9,53.58
2013-02-11,0.09,0.27,0.85,1.99,3.16,2.84,1.88,,,,12.94,118.29,53.95
2013-02-12,0.09,0.29,0.88,2.02,3.19,2.85,1.89,,,,12.64,117.89,53.75
2013-02-13,0.1,0.29,0.92,2.05,3.23,2.84,1.89,,,,12.98,118.43,53.79
2013-02-14,0.11,0.27,0.86,2.0,3.17,2.85,1.9,,,,12.66,118.48,53.94
2013-02-15,0.1,0.29,0.87,2.01,3.18,2.85,1.9,,,,12.46,117.4,54.28
2013-02-18,,,,,,,,,,,,,
2013-02-19,0.12,0.29,0.89,2.03,3.21,2.86,1.92,,,,12.31,117.04,54.26
2013-02-20,0.12,0.27,0.88,2.02,3.2,2.87,1.94,,,,14.68,116.23,54.18
2013-02-21,0.13,0.26,0.86,1.99,3.17,2.87,1.92,,,,15.22,114.19,54.47
2013-02-22,0.13,0.27,0.84,1.97,3.15,2.87,1.93,,,,14.17,113.74,54.28
2013-02-25,0.12,0.25,0.78,1.88,3.08,2.89,1.96,,,,18.99,114.55,53.96
2013-02-26,0.14,0.25,0.78,1.88,3.08,2.9,1.94,,,,16.87,112.96,54.14
2013-02-27,0.11,0.27,0.78,1.91,3.11,2.9,1.94,,,,14.73,112.24,53.72
2013-02-28,0.11,0.25,0.77,1.89,3.1,2.89,1.95,,,,15.51,112.2,54.37
2013-03-01,0.11,0.25,0.75,1.86,3.06,2.9,1.97,,,,15.36,110.14,54.9
2013-03-04,0.11,0.24,0.76,1.88,3.08,2.9,1.97,,,,14.01,109.9,54.92
2013-03-05,0.08,0.25,0.77,1.9,3.1,2.9,1.97,,,,13.48,110.42,54.87
2013-03-06,0.1,0.25,0.81,1.95,3.15,2.89,1.96,,,,13.53,110.27,54.83
2013-03-07,0.1,0.25,0.85,2.0,3.2,2.89,1.96,,,,13.06,110.42,54.45
2013-03-08,0.1,0.27,0.9,2.06,3.25,2.88,1.96,,,,12.59,108.91,54.32
2013-03-11,0.1,0.27,0.9,2.07,3.26,2.87,1.95,,,,11.56,108.64,54.38
2013-03-12,0.1,0.27,0.88,2.03,3.22,2.87,1.95,,,,12.27,108.48,54.19
2013-03-13,0.09,0.27,0.89,2.04,3.22,2.85,1.94,,,,11.83,107.51,54.3
2013-03-14,0.1,0.27,0.88,2.04,3.25,2.88,1.97,,,,11.3,108.1,54.22
2013-03-15,0.09,0.25,0.84,2.01,3.22,2.89,1.98,,,,11.3,109.32,54.06
2013-03-18,0.07,0.26,0.81,1.96,3.18,2.91,1.99,,,,13.36,108.54,54.1
2013-03-19,0.07,0.24,0.79,1.92,3.13,2.9,1.98,,,,14.39,106.91,54.4
2013-03-20,0.07,0.26,0.81,1.96,3.19,2.9,1.98,,,,12.67,108.27,54.32
2013-03-21,0.07,0.27,0.81,1.95,3.15,2.9,1.98,,,,13.99,106.41,54.27
2013-03-22,0.07,0.26,0.8,1.93,3.13,2.9,1.98,,,,13.57,106.51,54.3
2013-03-25,0.08,0.24,0.8,1.93,3.14,2.91,1.99,,,,13.74,106.66,54.22
2013-03-26,0.07,0.25,0.79,1.92,3.13,2.91,1.99,,,,12.77,107.1,54.42
2013-03-27,0.09,0.25,0.76,1.87,3.09,2.93,2.0,,,,13.15,108.51,54.45
2013-03-28,0.07,0.25,0.77,1.87,3.1,2.96,2.03,,,,12.7,108.46,54.44
2013-03-29,,,,,,,,,,,,,54.52
2013-04-01,0.08,0.23,0.76,1.86,3.08,2.91,2.03,,,,13.58,108.76,54.28
2013-04-02,0.07,0.25,0.78,1.88,3.1,2.91,2.02,,,,12.78,109.66,54.43
2013-04-03,0.06,0.24,0.73,1.83,3.05,2.91,2.03,,,,14.21,107.82,54.46
2013-04-04,0.07,0.22,0.69,1.78,2.99,2.88,2.01,,,,13.89,105.09,54.91
2013-04-05,0.07,0.24,0.68,1.72,2.87,2.82,1.96,,,,13.92,103.98,54.75
2013-04-08,0.07,0.24,0.71,1.76,2.91,2.82,1.96,,,,13.19,103.16,54.58
2013-04-09,0.06,0.24,0.7,1.78,2.94,2.82,1.96,,,,12.84,104.08,54.47
2013-04-10,0.07,0.24,0.74,1.84,3.01,2.83,1.95,,,,12.36,104.8,54.41
2013-04-11,0.07,0.24,0.74,1.82,3.01,2.84,1.96,,,,12.24,103.62,54.36
2013-04-12,0.06,0.22,0.7,1.75,2.92,2.82,1.95,,,,12.06,100.58,54.62
2013-04-15,0.06,0.22,0.69,1.72,2.88,2.82,1.95,,,,17.27,99.32,54.48
2013-04-16,0.06,0.24,0.71,1.75,2.91,2.81,1.95,,,,13.96,97.88,54.08
2013-04-17,0.06,0.24,0.71,1.73,2.89,2.81,1.95,,,,16.51,96.84,54.16
2013-04-18,0.05,0.24,0.71,1.72,2.87,2.8,1.93,,,,17.56,97.48,53.95
2013-04-19,0.05,0.24,0.72,1.73,2.88,2.81,1.97,,,,14.97,98.94,53.98
2013-04-22,0.05,0.24,0.7,1.72,2.88,2.82,1.98,,,,14.39,99.07,54.19
2013-04-23,0.05,0.23,0.71,1.74,2.9,2.8,1.96,,,,13.48,99.25,54.39
2013-04-24,0.06,0.23,0.7,1.73,2.89,2.8,1.97,,,,13.61,100.71,54.22
2013-04-25,0.05,0.23,0.71,1.74,2.91,2.81,1.98,,,,13.62,101.62,54.11
2013-04-26,0.05,0.22,0.68,1.7,2.87,2.81,1.97,,,,13.61,102.39,54.41
2013-04-29,0.05,0.2,0.68,1.7,2.88,2.82,1.99,,,,13.71,102.88,54.2
2013-04-30,0.05,0.22,0.68,1.7,2.88,2.83,2.0,,,,13.52,101.53,53.68
2013-05-01,0.06,0.2,0.65,1.66,2.83,2.82,1.99,,,,14.49,98.34,53.65
2013-05-02,0.05,0.2,0.65,1.66,2.82,2.81,1.98,,,,13.59,100.32,53.79
2013-05-03,0.05,0.22,0.73,1.78,2.96,2.82,1.99,,,,12.85,104.6,53.8
2013-05-06,0.04,0.22,0.74,1.8,2.98,2.83,1.98,,,,12.66,105.0,54.13
2013-05-07,0.04,0.22,0.75,1.82,3.0,2.82,1.97,,,,12.83,105.18,54.06
2013-05-08,0.04,0.22,0.75,1.81,2.99,2.8,1.97,,,,12.66,103.79,54.08
2013-05-09,0.04,0.22,0.75,1.81,3.01,2.82,1.99,,,,13.13,103.59,54.34
2013-05-10,0.04,0.26,0.82,1.9,3.1,2.82,1.99,,,,12.59,101.31,54.94
2013-05-13,0.05,0.24,0.83,1.92,3.13,2.81,1.98,,,,12.55,102.17,54.85
2013-05-14,0.05,0.26,0.85,1.96,3.17,2.81,1.97,,,,12.77,102.7,54.5
2013-05-15,0.04,0.26,0.84,1.94,3.16,2.82,1.99,,,,12.81,101.57,54.78
2013-05-16,0.03,0.23,0.79,1.87,3.09,2.81,1.98,,,,13.07,104.27,54.68
2013-05-17,0.04,0.26,0.84,1.95,3.17,2.81,1.99,,,,12.45,103.83,55.17
2013-05-20,0.05,0.26,0.85,1.97,3.18,2.8,1.97,,,,13.02,104.55,55.02
2013-05-21,0.04,0.26,0.84,1.94,3.14,2.81,1.98,,,,13.37,103.1,55.42
2013-05-22,0.04,0.26,0.91,2.03,3.21,2.78,1.95,,,,13.82,102.14,55.62
2013-05-23,0.05,0.26,0.91,2.02,3.2,2.77,1.95,,,,14.07,100.46,55.7
2013-05-24,0.04,0.26,0.9,2.01,3.18,2.75,1.93,,,,13.99,101.24,55.78
2013-05-27,,,,,,,,,,,,,
2013-05-28,0.05,0.29,1.02,2.15,3.31,2.73,1.91,,,,14.48,103.77,56.07
2013-05-29,0.05,0.3,1.02,2.13,3.27,2.75,1.91,,,,14.83,102.14,56.28
2013-05-30,0.04,0.31,1.01,2.13,3.28,2.77,1.93,,,,14.53,101.79,56.5
2013-05-31,0.04,0.3,1.05,2.16,3.3,2.79,1.93,,,,16.3,100.43,56.5
2013-06-03,0.05,0.3,1.03,2.13,3.27,2.82,1.93,,,,16.28,101.63,56.66
2013-06-04,0.04,0.32,1.05,2.14,3.3,2.86,1.96,,,,16.27,102.04,56.43
2013-06-05,0.05,0.3,1.02,2.1,3.25,2.89,1.97,,,,17.5,103.51,56.84
2013-06-06,0.05,0.3,1.01,2.08,3.23,2.88,2.02,,,,16.63,103.37,56.92
2013-06-07,0.04,0.32,1.1,2.17,3.33,2.89,2.02,,,,15.14,104.07,56.57
2013-06-10,0.05,0.32,1.13,2.22,3.36,2.89,2.02,,,,15.44,103.87,58.13
2013-06-11,0.05,0.34,1.12,2.2,3.33,2.91,2.04,,,,17.07,101.5,58.34
2013-06-12,0.05,0.34,1.15,2.25,3.37,2.91,2.03,,,,18.59,103.11,57.82
2013-06-13,0.05,0.32,1.11,2.19,3.33,2.92,2.04,,,,16.41,103.38,58.07
2013-06-14,0.05,0.29,1.04,2.14,3.28,2.93,2.05,,,,17.15,105.1,57.56
2013-06-17,0.05,0.27,1.06,2.19,3.35,2.93,2.05,,,,16.8,105.8,57.97
2013-06-18,0.05,0.27,1.07,2.2,3.34,2.92,2.03,,,,16.61,105.21,58.79
2013-06-19,0.05,0.31,1.24,2.33,3.41,2.87,1.97,,,,16.64,105.56,58.7
2013-06-20,0.05,0.33,1.31,2.41,3.49,2.93,2.03,,,,20.49,102.72,59.57
2013-06-21,0.05,0.38,1.42,2.52,3.56,2.87,1.91,,,,18.9,100.36,59.43
2013-06-24,0.06,0.42,1.48,2.57,3.56,2.86,1.89,,,,20.11,99.8,59.8
2013-06-25,0.06,0.43,1.49,2.6,3.6,2.88,1.86,,,,18.47,101.51,59.66
2013-06-26,0.06,0.39,1.45,2.55,3.58,2.89,1.88,,,,17.21,100.62,60.7
2013-06-27,0.06,0.36,1.38,2.49,3.54,2.92,1.89,,,,16.86,102.74,60.19
2013-06-28,0.04,0.36,1.41,2.52,3.52,2.83,1.8,,,,16.86,102.49,59.52
2013-07-01,0.04,0.34,1.39,2.5,3.48,2.83,1.8,,,,16.37,103.19,59.38
2013-07-02,0.03,0.34,1.38,2.48,3.47,2.81,1.8,,,,16.44,103.96,59.54
2013-07-03,0.05,0.36,1.42,2.52,3.49,2.8,1.76,,,,16.2,106.12,60.21
2013-07-04,,,,,,,,,,,,,
2013-07-05,0.04,0.4,1.6,2.73,3.68,2.77,1.72,,,,14.89,107.46,60.23
2013-07-08,0.05,0.37,1.51,2.65,3.63,2.79,1.71,,,,14.78,107.75,60.75
2013-07-09,0.04,0.37,1.5,2.65,3.64,2.78,1.72,,,,14.35,107.9,60.09
2013-07-10,0.04,0.38,1.54,2.7,3.68,2.75,1.72,,,,14.21,108.43,59.88
2013-07-11,0.04,0.34,1.4,2.6,3.64,2.77,1.74,,,,14.01,108.18,59.82
2013-07-12,0.04,0.37,1.43,2.61,3.64,2.77,1.76,,,,13.84,109.03,59.88
2013-07-15,0.04,0.34,1.4,2.57,3.61,2.76,1.76,,,,13.79,109.05,59.89
2013-07-16,0.03,0.34,1.38,2.55,3.58,2.74,1.75,,,,14.42,109.29,59.29
2013-07-17,0.03,0.32,1.33,2.52,3.57,2.74,1.77,,,,13.78,109.67,59.34
2013-07-18,0.03,0.32,1.35,2.56,3.63,2.75,1.79,,,,13.77,109.71,59.59
2013-07-19,0.03,0.32,1.31,2.5,3.56,2.74,1.8,,,,12.54,109.34,59.37
2013-07-22,0.04,0.32,1.32,2.5,3.55,2.71,1.79,,,,12.29,108.82,59.71
2013-07-23,0.02,0.33,1.33,2.53,3.58,2.7,1.78,,,,12.66,109.27,59.64
2013-07-24,0.03,0.34,1.4,2.61,3.65,2.67,1.76,,,,13.18,108.23,59.14
2013-07-25,0.02,0.32,1.38,2.61,3.65,2.69,1.77,,,,12.97,108.1,59.01
2013-07-26,0.03,0.31,1.36,2.58,3.61,2.67,1.75,,,,12.72,107.57,59.08
2013-07-29,0.03,0.33,1.37,2.61,3.66,2.69,1.76,,,,13.39,108.1,59.33
2013-07-30,0.04,0.33,1.39,2.63,3.67,2.68,1.77,,,,13.39,107.47,60.8
2013-07-31,0.04,0.31,1.38,2.6,3.64,2.68,1.78,,,,13.45,107.89,60.77
2013-08-01,0.04,0.35,1.49,2.74,3.77,2.66,1.77,,,,12.94,109.94,60.45
2013-08-02,0.04,0.3,1.36,2.63,3.69,2.68,1.79,,,,11.98,109.63,60.88
2013-08-05,0.05,0.32,1.39,2.67,3.73,2.7,1.79,,,,11.84,109.81,60.88
2013-08-06,0.04,0.32,1.39,2.67,3.73,2.69,1.8,,,,12.72,108.77,60.78
2013-08-07,0.05,0.32,1.38,2.61,3.68,2.72,1.81,,,,12.98,108.39,61.2
2013-08-08,0.05,0.3,1.36,2.58,3.65,2.73,1.83,,,,12.73,107.32,60.72
2013-08-09,0.05,0.32,1.36,2.57,3.63,2.74,1.84,,,,13.41,108.49,60.34
2013-08-12,0.06,0.32,1.39,2.61,3.67,2.72,1.84,,,,12.81,109.28,61.15
2013-08-13,0.06,0.34,1.49,2.71,3.75,2.72,1.83,,,,12.31,110.69,61.33
2013-08-14,0.05,0.34,1.48,2.71,3.75,2.72,1.82,,,,13.04,110.26,61.27
2013-08-15,0.05,0.36,1.54,2.77,3.81,2.7,1.83,,,,14.73,111.58,61.41
2013-08-16,0.05,0.36,1.6,2.84,3.86,2.7,1.82,,,,14.37,111.82,61.65
2013-08-19,0.06,0.36,1.63,2.88,3.89,2.7,1.83,,,,15.1,111.41,63.13
2013-08-20,0.04,0.36,1.57,2.82,3.86,2.72,1.84,,,,14.91,110.74,63.21
2013-08-21,0.04,0.38,1.64,2.87,3.9,2.71,1.82,,,,15.94,110.82,64.11
2013-08-22,0.03,0.42,1.71,2.9,3.88,2.68,1.79,,,,14.76,110.51,64.55
2013-08-23,0.03,0.4,1.66,2.82,3.8,2.67,1.78,,,,13.98,112.12,63.22
2013-08-26,0.04,0.41,1.61,2.79,3.77,2.67,1.81,,,,14.99,112.23,64.26
2013-08-27,0.05,0.38,1.56,2.72,3.7,2.66,1.79,,,,16.77,115.21,66.24
2013-08-28,0.03,0.4,1.62,2.78,3.75,2.65,1.8,,,,16.49,116.27,68.8
2013-08-29,0.02,0.39,1.6,2.75,3.7,2.62,1.77,,,,16.81,116.91,66.55
2013-08-30,0.03,0.39,1.62,2.78,3.7,2.56,1.71,,,,17.01,115.97,65.71
2013-09-02,,,,,,,,,,,,,
2013-09-03,0.02,0.43,1.68,2.86,3.79,2.58,1.75,,,,16.61,115.49,67.71
2013-09-04,0.02,0.46,1.74,2.9,3.8,2.55,1.73,,,,15.88,115.65,67.08
2013-09-05,0.02,0.52,1.85,2.98,3.88,2.55,1.74,,,,15.77,115.81,66.01
2013-09-06,0.02,0.46,1.77,2.94,3.87,2.59,1.78,,,,15.85,117.15,65.23
2013-09-09,0.02,0.45,1.71,2.9,3.84,2.6,1.78,,,,15.63,115.2,65.24
2013-09-10,0.02,0.5,1.78,2.96,3.88,2.61,1.77,,,,14.53,112.1,63.83
2013-09-11,0.02,0.47,1.72,2.93,3.85,2.61,1.78,,,,13.82,112.37,63.26
2013-09-12,0.01,0.45,1.72,2.92,3.85,2.61,1.77,,,,14.29,113.11,63.42
2013-09-13,0.01,0.45,1.71,2.9,3.84,2.64,1.79,,,,14.16,113.31,63.36
2013-09-16,0.02,0.41,1.65,2.88,3.87,2.68,1.84,,,,14.38,110.86,62.83
2013-09-17,0.01,0.39,1.62,2.86,3.84,2.67,1.85,,,,14.53,109.05,63.36
2013-09-18,0.01,0.34,1.43,2.69,3.75,2.75,1.94,,,,13.59,109.09,63.37
2013-09-19,0.01,0.34,1.49,2.76,3.8,2.72,1.9,,,,13.16,110.66,61.76
2013-09-20,0.01,0.34,1.5,2.75,3.77,2.68,1.87,,,,13.12,110.22,62.27
2013-09-23,0.02,0.35,1.48,2.72,3.73,2.7,1.88,,,,14.31,108.56,62.57
2013-09-24,0.02,0.35,1.44,2.67,3.67,2.68,1.86,,,,14.08,107.68,62.72
2013-09-25,0.02,0.36,1.41,2.63,3.65,2.7,1.87,,,,14.01,109.46,62.2
2013-09-26,0.0,0.34,1.43,2.66,3.69,2.72,1.89,,,,14.06,108.86,61.68
2013-09-27,0.02,0.34,1.4,2.64,3.68,2.73,1.9,,,,15.46,109.45,62.48
2013-09-30,0.02,0.33,1.39,2.64,3.69,2.75,1.92,,,,16.6,107.85,62.58
2013-10-01,0.02,0.33,1.42,2.66,3.72,2.76,1.93,,,,15.54,107.32,62.46
2013-10-02,0.02,0.31,1.38,2.63,3.7,2.77,1.95,,,,16.6,109.09,62.46
2013-10-03,0.03,0.33,1.36,2.62,3.71,2.78,1.95,,,,17.67,109.49,61.97
2013-10-04,0.03,0.33,1.41,2.66,3.73,2.76,1.94,,,,16.74,109.42,61.42
2013-10-07,0.03,0.37,1.41,2.65,3.7,2.74,1.92,,,,19.41,109.66,61.79
2013-10-08,0.05,0.4,1.43,2.66,3.7,2.71,1.9,,,,20.34,110.56,61.79
2013-10-09,0.05,0.37,1.43,2.68,3.73,2.71,1.91,,,,19.6,109.02,61.92
2013-10-10,0.05,0.35,1.44,2.71,3.75,2.68,1.88,,,,16.48,111.63,61.3
2013-10-11,0.08,0.35,1.42,2.7,3.74,2.68,1.88,,,,15.72,110.65,61.07
2013-10-14,,,,,,,,,,,16.07,110.13,
2013-10-15,0.14,0.37,1.45,2.75,3.78,2.66,1.87,,,,18.66,110.67,61.84
2013-10-16,0.1,0.34,1.41,2.69,3.72,2.66,1.88,,,,14.71,110.79,61.72
2013-10-17,0.05,0.33,1.35,2.61,3.66,2.66,1.89,,,,13.48,109.55,61.13
2013-10-18,0.04,0.33,1.35,2.6,3.65,2.66,1.9,,,,13.04,109.4,61.26
2013-10-21,0.04,0.33,1.38,2.63,3.68,2.65,1.9,,,,13.16,109.47,61.56
2013-10-22,0.04,0.31,1.3,2.54,3.61,2.66,1.91,,,,13.33,109.57,61.64
2013-10-23,0.04,0.31,1.3,2.51,3.59,2.67,1.92,,,,13.42,107.74,61.54
2013-10-24,0.03,0.33,1.32,2.53,3.61,2.68,1.93,,,,13.2,106.63,61.48
2013-10-25,0.04,0.32,1.3,2.53,3.6,2.66,1.91,,,,13.09,105.7,61.4
2013-10-28,0.04,0.32,1.31,2.54,3.61,2.66,1.91,,,,13.31,108.29,61.54
2013-10-29,0.04,0.31,1.29,2.53,3.62,2.69,1.94,,,,13.41,108.04,61.34
2013-10-30,0.04,0.33,1.3,2.55,3.63,2.68,1.93,,,,13.65,108.41,61.09
2013-10-31,0.04,0.31,1.31,2.57,3.63,2.65,1.91,,,,13.75,107.53,61.61
2013-11-01,0.04,0.33,1.37,2.65,3.69,2.64,1.89,,,,13.28,105.78,61.84
2013-11-04,0.05,0.32,1.36,2.63,3.7,2.66,1.91,,,,12.93,104.85,61.74
2013-11-05,0.05,0.32,1.39,2.69,3.76,2.66,1.91,,,,13.27,105.01,61.76
2013-11-06,0.05,0.3,1.34,2.67,3.77,2.7,1.94,,,,12.67,105.46,62.48
2013-11-07,0.05,0.29,1.31,2.63,3.71,2.7,1.94,,,,13.91,103.08,62.41
2013-11-08,0.06,0.32,1.42,2.77,3.84,2.69,1.92,,,,12.9,104.29,62.48
2013-11-11,,,,,,,,,,,12.53,105.76,
2013-11-12,0.08,0.34,1.47,2.8,3.86,2.67,1.9,,,,12.82,106.29,63.73
2013-11-13,0.08,0.32,1.41,2.75,3.83,2.69,1.92,,,,12.52,106.9,63.28
2013-11-14,0.08,0.29,1.34,2.69,3.79,2.72,1.96,,,,12.37,108.29,63.12
2013-11-15,0.08,0.31,1.36,2.71,3.8,2.7,1.94,,,,12.19,108.25,62.97
2013-11-18,0.09,0.31,1.33,2.67,3.76,2.66,1.91,,,,13.1,108.8,62.07
2013-11-19,0.08,0.29,1.37,2.71,3.8,2.66,1.91,,,,13.39,108.29,62.26
2013-11-20,0.08,0.28,1.39,2.8,3.9,2.67,1.92,,,,13.4,108.27,62.34
2013-11-21,0.07,0.29,1.38,2.79,3.89,2.65,1.91,,,,12.66,109.9,62.94
2013-11-22,0.07,0.31,1.37,2.75,3.84,2.65,1.9,,,,12.26,111.36,62.72
2013-11-25,0.08,0.3,1.37,2.74,3.83,2.65,1.91,,,,12.79,110.83,62.37
2013-11-26,0.07,0.29,1.34,2.71,3.8,2.63,1.88,,,,12.81,112.04,62.47
2013-11-27,0.07,0.28,1.36,2.74,3.81,2.63,1.88,,,,12.98,111.32,62.47
2013-11-28,,,,,,,,,,,,,
2013-11-29,0.06,0.28,1.37,2.75,3.82,2.61,1.87,,,,13.7,111.07,62.39
2013-12-02,0.05,0.3,1.43,2.81,3.86,2.6,1.86,,,,14.23,111.49,62.3
2013-12-03,0.06,0.28,1.4,2.79,3.84,2.6,1.86,,,,14.55,113.06,62.38
2013-12-04,0.06,0.3,1.45,2.84,3.9,2.62,1.87,,,,14.7,113.27,61.9
2013-12-05,0.06,0.3,1.49,2.88,3.92,2.59,1.84,,,,15.08,112.07,61.6
2013-12-06,0.06,0.3,1.51,2.88,3.9,2.58,1.84,,,,13.79,111.5,61.43
2013-12-09,0.07,0.3,1.5,2.86,3.88,2.57,1.84,,,,13.49,110.07,60.87
2013-12-10,0.07,0.3,1.46,2.81,3.83,2.56,1.83,,,,13.91,108.91,61.04
2013-12-11,0.07,0.31,1.5,2.86,3.87,2.55,1.8,,,,15.42,109.47,61.38
2013-12-12,0.07,0.34,1.55,2.89,3.91,2.53,1.77,,,,15.54,108.99,61.85
2013-12-13,0.07,0.34,1.55,2.88,3.88,2.5,1.75,,,,15.76,108.08,62.16
2013-12-16,0.07,0.34,1.55,2.89,3.9,2.5,1.76,,,,16.03,110.3,61.68
2013-12-17,0.07,0.34,1.52,2.85,3.88,2.5,1.78,,,,16.21,108.91,61.92
2013-12-18,0.07,0.32,1.55,2.89,3.9,2.5,1.74,,,,13.8,109.56,62.06
2013-12-19,0.06,0.35,1.63,2.94,3.91,2.42,1.63,,,,14.15,110.78,62.14
2013-12-20,0.07,0.37,1.66,2.89,3.82,2.38,1.6,,,,13.79,112.15,61.98
2013-12-23,0.07,0.38,1.68,2.94,3.85,2.35,1.57,,,,13.04,111.58,61.83
2013-12-24,0.07,0.38,1.73,2.99,3.9,2.36,1.58,,,,12.48,111.57,61.75
2013-12-25,,,,,,,,,,,,,
2013-12-26,0.07,0.42,1.74,3.0,3.92,2.37,1.59,,,,12.33,111.65,62.15
2013-12-27,0.07,0.4,1.74,3.02,3.94,2.37,1.55,,,,12.46,112.06,61.92
2013-12-30,0.07,0.39,1.71,2.99,3.9,2.35,1.54,,,,13.56,110.47,61.77
2013-12-31,0.07,0.38,1.75,3.04,3.96,2.33,1.53,,,,13.72,109.95,61.92
2014-01-01,,,,,,,,,,,,,
2014-01-02,0.07,0.39,1.72,3.0,3.92,2.34,1.55,,,,14.23,107.94,62.31
2014-01-03,0.07,0.41,1.73,3.01,3.93,2.34,1.55,,,,13.76,106.57,62.17
2014-01-06,0.05,0.4,1.7,2.98,3.9,2.32,1.55,,,,13.55,106.71,62.31
2014-01-07,0.04,0.4,1.69,2.96,3.88,2.32,1.55,,,,12.92,107.01,62.3
2014-01-08,0.05,0.43,1.77,3.01,3.9,2.31,1.52,,,,12.87,107.42,62.07
2014-01-09,0.04,0.44,1.75,2.97,3.88,2.31,1.59,,,,12.89,107.49,62.07
2014-01-10,0.05,0.39,1.64,2.88,3.8,2.32,1.62,,,,12.14,106.44,61.45
2014-01-13,0.03,0.39,1.6,2.84,3.77,2.34,1.63,,,,13.28,108.02,61.52
2014-01-14,0.04,0.39,1.65,2.88,3.8,2.34,1.62,,,,12.28,107.12,61.51
2014-01-15,0.04,0.41,1.68,2.9,3.81,2.32,1.6,,,,12.28,108.09,61.54
2014-01-16,0.04,0.41,1.66,2.86,3.77,2.32,1.62,,,,12.53,107.46,61.54
2014-01-17,0.05,0.4,1.64,2.84,3.75,2.33,1.63,,,,12.44,108.45,61.54
2014-01-20,,,,,,,,,,,,108.01,
2014-01-21,0.04,0.4,1.67,2.85,3.74,2.3,1.61,,,,12.87,109.17,61.94
2014-01-22,0.04,0.44,1.72,2.87,3.75,2.3,1.61,,,,12.84,109.69,61.86
2014-01-23,0.04,0.39,1.62,2.79,3.68,2.32,1.64,,,,13.77,109.69,62.11
2014-01-24,0.04,0.37,1.58,2.75,3.64,2.35,1.7,,,,18.14,109.14,62.68
2014-01-27,0.05,0.37,1.61,2.78,3.67,2.36,1.7,,,,17.42,108.72,63.09
2014-01-28,0.05,0.38,1.59,2.77,3.68,2.35,1.71,,,,15.8,109.1,62.56
2014-01-29,0.04,0.36,1.52,2.69,3.62,2.38,1.74,,,,17.35,108.83,62.46
2014-01-30,0.02,0.36,1.55,2.72,3.65,2.36,1.72,,,,17.29,109.36,62.56
2014-01-31,0.02,0.34,1.49,2.67,3.61,2.4,1.76,,,,18.41,108.16,62.63
2014-02-03,0.05,0.3,1.44,2.61,3.55,2.39,1.74,,,,21.44,106.55,62.63
2014-02-04,0.06,0.31,1.46,2.64,3.59,2.41,1.78,,,,19.11,107.04,62.27
2014-02-05,0.07,0.32,1.5,2.7,3.66,2.42,1.78,,,,19.95,106.81,62.57
2014-02-06,0.07,0.33,1.52,2.73,3.67,2.4,1.77,,,,17.23,108.15,62.14
2014-02-07,0.08,0.3,1.47,2.71,3.67,2.42,1.78,,,,15.29,110.12,62.09
2014-02-10,0.07,0.32,1.48,2.7,3.66,2.42,1.78,,,,15.26,110.18,62.44
2014-02-11,0.05,0.35,1.54,2.75,3.69,2.39,1.75,,,,14.51,109.21,62.15
2014-02-12,0.05,0.35,1.59,2.8,3.72,2.36,1.74,,,,14.3,108.62,61.84
2014-02-13,0.03,0.32,1.51,2.73,3.7,2.39,1.76,,,,14.14,108.98,62.23
2014-02-14,0.02,0.32,1.53,2.75,3.69,2.38,1.75,,,,13.57,108.63,61.87
2014-02-17,,,,,,,,,,,,,
2014-02-18,0.05,0.31,1.5,2.71,3.68,2.4,1.76,,,,13.87,110.14,62.2
2014-02-19,0.06,0.33,1.53,2.73,3.71,2.41,1.77,,,,15.5,110.37,62.32
2014-02-20,0.05,0.34,1.57,2.76,3.73,2.39,1.76,,,,14.79,109.42,62.21
2014-02-21,0.05,0.33,1.56,2.73,3.69,2.38,1.71,,,,14.68,109.03,62.13
2014-02-24,0.05,0.35,1.57,2.75,3.7,2.38,1.7,,,,14.23,109.76,62.07
2014-02-25,0.05,0.34,1.53,2.7,3.66,2.38,1.69,,,,13.67,109.19,61.96
2014-02-26,0.05,0.33,1.5,2.67,3.63,2.38,1.7,,,,14.35,109.39,62.11
2014-02-27,0.04,0.33,1.49,2.65,3.6,2.36,1.68,,,,14.04,108.54,62.11
2014-02-28,0.05,0.33,1.51,2.66,3.59,2.35,1.66,,,,14.0,108.98,61.78
2014-03-03,0.05,0.32,1.46,2.6,3.55,2.37,1.69,,,,16.0,111.26,62.17
2014-03-04,0.05,0.33,1.54,2.7,3.64,2.35,1.67,,,,14.1,109.17,61.91
2014-03-05,0.06,0.33,1.54,2.7,3.64,2.36,1.68,,,,13.89,108.15,61.75
2014-03-06,0.05,0.37,1.57,2.74,3.68,2.37,1.68,,,,14.21,107.99,60.89
2014-03-07,0.06,0.38,1.65,2.8,3.72,2.34,1.66,,,,14.11,109.14,61.24
2014-03-10,0.05,0.37,1.64,2.79,3.73,2.36,1.67,,,,14.2,108.27,60.84
2014-03-11,0.05,0.37,1.62,2.77,3.7,2.37,1.69,,,,14.8,108.35,61.01
2014-03-12,0.05,0.37,1.59,2.73,3.66,2.38,1.69,,,,14.47,107.88,61.01
2014-03-13,0.05,0.34,1.53,2.66,3.6,2.39,1.69,,,,16.22,107.48,61.2
2014-03-14,0.05,0.36,1.55,2.65,3.59,2.4,1.72,,,,17.82,108.08,61.19
2014-03-17,0.06,0.38,1.58,2.7,3.63,2.4,1.71,,,,15.64,106.99,61.08
2014-03-18,0.05,0.36,1.56,2.68,3.62,2.42,1.73,,,,14.52,106.79,61.1
2014-03-19,0.06,0.47,1.75,2.78,3.66,2.37,1.67,,,,15.12,105.95,60.95
2014-03-20,0.06,0.45,1.73,2.79,3.67,2.34,1.65,,,,14.52,105.73,61.33
2014-03-21,0.06,0.45,1.73,2.75,3.61,2.32,1.64,,,,15.0,107.2,60.9
2014-03-24,0.06,0.47,1.76,2.74,3.57,2.29,1.61,,,,15.09,106.59,60.78
2014-03-25,0.05,0.47,1.76,2.75,3.59,2.28,1.61,,,,14.02,107.01,60.27
2014-03-26,0.05,0.45,1.7,2.71,3.55,2.28,1.62,,,,14.93,105.9,60.13
2014-03-27,0.04,0.45,1.7,2.69,3.52,2.26,1.6,,,,14.62,106.58,60.26
2014-03-28,0.04,0.45,1.74,2.73,3.55,2.25,1.58,,,,14.41,106.64,59.89
2014-03-31,0.05,0.44,1.73,2.73,3.56,2.26,1.59,,,,13.88,105.95,60.0
2014-04-01,0.04,0.44,1.74,2.77,3.6,2.26,1.53,,,,13.1,105.7,59.86
2014-04-02,0.02,0.47,1.8,2.82,3.65,2.25,1.52,,,,13.09,103.37,59.9
2014-04-03,0.02,0.46,1.79,2.8,3.62,2.24,1.52,,,,13.37,104.88,60.35
2014-04-04,0.03,0.43,1.71,2.74,3.59,2.25,1.54,,,,13.96,106.41,60.08
2014-04-07,0.03,0.41,1.68,2.71,3.56,2.24,1.54,,,,15.57,104.89,60.11
2014-04-08,0.03,0.4,1.67,2.69,3.54,2.26,1.56,,,,14.89,105.83,60.08
2014-04-09,0.04,0.37,1.65,2.71,3.57,2.25,1.55,,,,13.82,107.39,60.09
2014-04-10,0.04,0.37,1.59,2.65,3.52,2.24,1.59,,,,15.89,107.1,60.07
2014-04-11,0.04,0.37,1.58,2.63,3.48,2.23,1.58,,,,17.03,107.34,60.18
2014-04-14,0.04,0.37,1.61,2.65,3.48,2.22,1.57,,,,16.11,107.68,60.32
2014-04-15,0.04,0.39,1.63,2.64,3.46,2.2,1.56,,,,15.61,109.1,60.34
2014-04-16,0.04,0.39,1.67,2.65,3.45,2.19,1.54,,,,14.18,109.71,60.22
2014-04-17,0.03,0.43,1.75,2.73,3.52,2.16,1.52,,,,13.36,109.79,60.29
2014-04-18,,,,,,,,,,,,,60.29
2014-04-21,0.04,0.42,1.74,2.73,3.52,2.18,1.53,,,,13.25,109.69,60.59
2014-04-22,0.03,0.45,1.76,2.73,3.5,2.15,1.51,,,,13.19,108.54,60.8
2014-04-23,0.02,0.43,1.73,2.7,3.47,2.15,1.51,,,,13.27,108.48,61.17
2014-04-24,0.01,0.43,1.74,2.7,3.46,2.14,1.5,,,,13.32,109.79,61.11
2014-04-25,0.03,0.43,1.72,2.68,3.45,2.13,1.5,,,,14.06,109.53,60.64
2014-04-28,0.03,0.44,1.73,2.7,3.47,2.13,1.5,,,,13.97,109.12,60.69
2014-04-29,0.02,0.44,1.74,2.71,3.49,2.15,1.53,,,,13.71,109.89,60.23
2014-04-30,0.03,0.42,1.69,2.67,3.47,2.16,1.54,,,,13.41,108.63,60.21
2014-05-01,0.03,0.41,1.66,2.63,3.41,2.14,1.53,,,,13.25,108.63,60.11
2014-05-02,0.02,0.42,1.67,2.6,3.37,2.14,1.52,,,,12.91,109.48,60.02
2014-05-05,0.03,0.43,1.68,2.63,3.41,2.15,1.53,,,,13.29,109.48,60.21
2014-05-06,0.03,0.43,1.68,2.61,3.38,2.15,1.52,,,,13.8,108.3,59.97
2014-05-07,0.03,0.41,1.65,2.62,3.4,2.16,1.54,,,,13.4,108.17,60.01
2014-05-08,0.03,0.4,1.63,2.61,3.45,2.18,1.56,,,,13.43,108.19,60.06
2014-05-09,0.03,0.4,1.63,2.62,3.47,2.21,1.59,,,,12.92,108.26,60.0
2014-05-12,0.03,0.41,1.67,2.66,3.49,2.2,1.58,,,,12.23,108.37,59.48
2014-05-13,0.03,0.39,1.62,2.61,3.45,2.21,1.59,,,,12.13,108.78,59.44
2014-05-14,0.03,0.39,1.57,2.54,3.37,2.2,1.58,,,,12.17,109.87,59.49
2014-05-15,0.03,0.38,1.55,2.5,3.33,2.22,1.58,,,,13.17,109.74,59.38
2014-05-16,0.03,0.38,1.56,2.52,3.34,2.2,1.57,,,,12.44,110.9,58.62
2014-05-19,0.03,0.36,1.56,2.54,3.39,2.22,1.61,,,,12.42,110.84,58.38
2014-05-20,0.03,0.35,1.53,2.52,3.38,2.23,1.63,,,,12.96,110.35,58.58
2014-05-21,0.04,0.37,1.55,2.54,3.42,2.26,1.65,,,,11.91,111.32,58.66
2014-05-22,0.03,0.37,1.57,2.56,3.43,2.25,1.67,,,,12.03,110.89,58.3
2014-05-23,0.04,0.37,1.55,2.54,3.4,2.24,1.65,,,,11.36,110.19,58.36
2014-05-26,,,,,,,,,,,,110.01,
2014-05-27,0.04,0.39,1.56,2.52,3.37,2.23,1.69,,,,11.51,109.81,58.9
2014-05-28,0.04,0.37,1.5,2.44,3.29,2.23,1.69,,,,11.68,109.09,58.94
2014-05-29,0.04,0.37,1.52,2.45,3.31,2.24,1.7,,,,11.57,109.98,58.9
2014-05-30,0.04,0.37,1.54,2.48,3.33,2.22,1.68,,,,11.4,109.21,59.16
2014-06-02,0.04,0.39,1.6,2.54,3.38,2.22,1.68,,,,11.58,109.34,59.15
2014-06-03,0.04,0.41,1.65,2.6,3.43,2.22,1.68,,,,11.87,108.87,59.32
2014-06-04,0.04,0.41,1.65,2.61,3.45,2.23,1.67,,,,12.08,109.07,59.34
2014-06-05,0.04,0.4,1.63,2.59,3.44,2.24,1.68,,,,11.68,108.43,59.24
2014-06-06,0.04,0.41,1.66,2.6,3.44,2.23,1.68,,,,10.73,109.21,59.17
2014-06-09,0.04,0.43,1.69,2.62,3.45,2.22,1.67,,,,11.15,110.55,59.18
2014-06-10,0.04,0.45,1.71,2.64,3.47,2.21,1.67,,,,10.99,109.18,59.18
2014-06-11,0.04,0.44,1.7,2.65,3.47,2.2,1.66,,,,11.6,109.83,59.32
2014-06-12,0.04,0.42,1.66,2.58,3.41,2.21,1.67,,,,12.56,112.18,59.19
2014-06-13,0.04,0.45,1.7,2.6,3.41,2.19,1.66,,,,12.18,113.15,59.64
2014-06-16,0.04,0.49,1.71,2.61,3.4,2.17,1.63,,,,12.65,113.42,60.16
2014-06-17,0.04,0.51,1.77,2.66,3.44,2.17,1.63,,,,12.06,114.02,60.32
2014-06-18,0.03,0.48,1.71,2.61,3.43,2.19,1.65,,,,10.61,114.25,60.28
2014-06-19,0.02,0.48,1.71,2.64,3.47,2.19,1.66,,,,10.62,115.19,60.09
2014-06-20,0.02,0.5,1.71,2.63,3.44,2.2,1.63,,,,10.85,114.55,60.23
2014-06-23,0.03,0.48,1.72,2.63,3.45,2.19,1.62,,,,10.98,113.62,60.14
2014-06-24,0.03,0.49,1.7,2.59,3.41,2.18,1.63,,,,12.13,113.74,60.14
2014-06-25,0.03,0.48,1.68,2.57,3.38,2.18,1.63,,,,11.59,112.84,60.11
2014-06-26,0.04,0.46,1.64,2.53,3.35,2.18,1.62,,,,11.63,112.61,60.17
2014-06-27,0.03,0.45,1.64,2.54,3.36,2.2,1.63,,,,11.26,112.62,60.04
2014-06-30,0.04,0.47,1.62,2.53,3.34,2.18,1.62,,,,11.57,111.03,60.06
2014-07-01,0.02,0.47,1.66,2.58,3.4,2.19,1.64,,,,11.15,110.84,60.05
2014-07-02,0.02,0.49,1.71,2.64,3.46,2.2,1.63,,,,10.82,110.18,59.69
2014-07-03,0.01,0.52,1.74,2.65,3.47,2.21,1.63,,,,10.32,108.98,59.74
2014-07-04,,,,,,,,,,,,,
2014-07-07,0.04,0.52,1.74,2.63,3.44,2.18,1.61,,,,11.33,108.7,60.013
2014-07-08,0.03,0.51,1.7,2.58,3.38,2.18,1.6,,,,11.98,107.65,59.78
2014-07-09,0.03,0.51,1.68,2.57,3.37,2.17,1.59,,,,11.65,106.84,59.75
2014-07-10,0.02,0.46,1.66,2.55,3.38,2.2,1.64,,,,12.59,106.2,60.19
2014-07-11,0.02,0.48,1.65,2.53,3.34,2.2,1.64,,,,12.08,105.77,60.08
2014-07-14,0.03,0.48,1.68,2.55,3.36,2.21,1.64,,,,11.82,104.73,60.11
2014-07-15,0.02,0.49,1.7,2.56,3.37,2.2,1.63,,,,11.96,104.73,60.15
2014-07-16,0.02,0.5,1.71,2.55,3.35,2.19,1.62,,,,11.0,105.41,60.12
2014-07-17,0.02,0.47,1.65,2.47,3.27,2.22,1.64,,,,14.54,106.04,60.35
2014-07-18,0.02,0.51,1.69,2.5,3.29,2.2,1.63,,,,12.06,106.03,60.33
2014-07-21,0.03,0.51,1.7,2.49,3.26,2.19,1.61,,,,12.81,105.71,60.24
2014-07-22,0.03,0.49,1.68,2.48,3.25,2.19,1.61,,,,12.24,106.48,60.16
2014-07-23,0.03,0.5,1.67,2.48,3.26,2.2,1.64,,,,11.52,106.85,60.0
2014-07-24,0.03,0.53,1.72,2.52,3.3,2.2,1.65,,,,11.84,105.78,60.11
2014-07-25,0.03,0.53,1.69,2.48,3.24,2.19,1.64,,,,12.69,106.89,60.04
2014-07-28,0.04,0.54,1.73,2.5,3.26,2.19,1.6,,,,12.56,106.7,60.13
2014-07-29,0.02,0.54,1.7,2.47,3.22,2.18,1.59,,,,13.28,106.98,60.12
2014-07-30,0.04,0.56,1.77,2.57,3.31,2.17,1.58,,,,13.33,106.47,60.4
2014-07-31,0.03,0.53,1.76,2.58,3.32,2.17,1.57,,,,16.95,104.94,60.55
2014-08-01,0.03,0.47,1.67,2.52,3.29,2.23,1.66,,,,17.03,103.45,61.2
2014-08-04,0.04,0.47,1.66,2.51,3.3,2.24,1.67,,,,15.12,103.63,60.94
2014-08-05,0.03,0.47,1.66,2.49,3.28,2.25,1.66,,,,16.87,102.82,61.05
2014-08-06,0.03,0.48,1.66,2.49,3.27,2.26,1.67,,,,16.37,104.17,61.25
2014-08-07,0.03,0.44,1.6,2.43,3.23,2.28,1.68,,,,16.66,104.02,61.2
2014-08-08,0.03,0.45,1.62,2.44,3.23,2.27,1.65,,,,15.77,103.36,61.18
2014-08-11,0.04,0.47,1.62,2.44,3.24,2.28,1.66,,,,14.23,103.47,61.17
2014-08-12,0.03,0.45,1.63,2.46,3.27,2.29,1.68,,,,14.13,101.68,61.09
2014-08-13,0.04,0.43,1.59,2.43,3.24,2.31,1.68,,,,12.9,102.27,61.22
2014-08-14,0.04,0.42,1.58,2.4,3.2,2.29,1.66,,,,12.42,101.15,60.77
2014-08-15,0.03,0.42,1.55,2.34,3.13,2.29,1.66,,,,13.15,101.13,60.77
2014-08-18,0.03,0.44,1.58,2.39,3.2,2.31,1.67,,,,12.32,99.37,60.77
2014-08-19,0.03,0.46,1.59,2.4,3.21,2.33,1.71,,,,12.21,99.74,60.67
2014-08-20,0.04,0.49,1.65,2.43,3.22,2.3,1.68,,,,11.78,99.92,60.58
2014-08-21,0.02,0.49,1.64,2.41,3.19,2.28,1.67,,,,11.76,100.28,60.56
2014-08-22,0.03,0.53,1.68,2.4,3.16,2.26,1.63,,,,11.47,100.09,60.47
2014-08-25,0.04,0.53,1.69,2.39,3.13,2.25,1.62,,,,11.7,100.49,60.56
2014-08-26,0.03,0.52,1.68,2.39,3.15,2.26,1.64,,,,11.63,100.5,60.43
2014-08-27,0.04,0.51,1.65,2.37,3.11,2.24,1.62,,,,11.78,100.4,60.45
2014-08-28,0.03,0.5,1.63,2.34,3.08,2.23,1.6,,,,12.05,100.71,60.51
2014-08-29,0.03,0.48,1.63,2.35,3.09,2.23,1.6,,,,11.98,101.12,61.51
2014-09-01,,,,,,,,,,,,,
2014-09-02,0.03,0.53,1.69,2.42,3.17,2.25,1.58,,,,12.25,100.21,60.69
2014-09-03,0.03,0.52,1.69,2.41,3.15,2.24,1.57,,,,12.36,100.88,60.41
2014-09-04,0.03,0.54,1.71,2.45,3.21,2.25,1.58,,,,12.64,101.21,60.38
2014-09-05,0.03,0.52,1.69,2.46,3.23,2.29,1.64,,,,12.09,99.51,60.26
2014-09-08,0.02,0.54,1.72,2.48,3.23,2.26,1.6,,,,12.66,99.53,60.29
2014-09-09,0.02,0.56,1.76,2.5,3.23,2.25,1.59,,,,13.5,98.08,60.6
2014-09-10,0.02,0.58,1.79,2.54,3.26,2.26,1.59,,,,12.88,96.26,60.95
2014-09-11,0.02,0.58,1.79,2.54,3.27,2.25,1.58,,,,12.8,96.42,60.93
2014-09-12,0.02,0.58,1.83,2.62,3.35,2.27,1.6,,,,13.31,96.31,60.95
2014-09-15,0.02,0.58,1.8,2.6,3.34,2.28,1.61,,,,14.12,96.43,61.03
2014-09-16,0.02,0.55,1.78,2.6,3.36,2.3,1.62,,,,12.73,97.39,61.06
2014-09-17,0.02,0.59,1.82,2.62,3.37,2.29,1.6,,,,12.65,97.7,60.9
2014-09-18,0.02,0.59,1.85,2.63,3.36,2.28,1.59,,,,12.03,96.82,60.78
2014-09-19,0.02,0.59,1.83,2.59,3.29,2.26,1.57,,,,12.11,96.75,60.8
2014-09-22,0.01,0.58,1.8,2.57,3.28,2.27,1.58,,,,13.69,95.37,60.93
2014-09-23,0.01,0.57,1.78,2.54,3.25,2.26,1.56,,,,14.93,94.87,61.04
2014-09-24,0.02,0.59,1.82,2.57,3.28,2.27,1.56,,,,13.27,94.53,60.93
2014-09-25,0.01,0.56,1.75,2.52,3.22,2.27,1.54,,,,15.64,95.2,61.33
2014-09-26,0.01,0.59,1.8,2.54,3.22,2.27,1.52,,,,14.85,95.08,61.14
2014-09-29,0.02,0.58,1.77,2.5,3.18,2.27,1.52,,,,15.98,95.7,61.53
2014-09-30,0.02,0.58,1.78,2.52,3.21,2.29,1.53,,,,16.31,94.67,61.92
2014-10-01,0.02,0.53,1.69,2.42,3.12,2.31,1.53,,,,16.71,94.57,61.71
2014-10-02,0.01,0.53,1.7,2.44,3.15,2.32,1.55,,,,16.16,91.29,61.61
2014-10-03,0.01,0.57,1.73,2.45,3.13,2.29,1.53,,,,14.55,90.8,61.81
2014-10-06,0.02,0.54,1.7,2.43,3.12,2.3,1.55,,,,15.46,90.65,61.68
2014-10-07,0.02,0.52,1.64,2.36,3.06,2.3,1.55,,,,17.2,90.9,61.28
2014-10-08,0.01,0.46,1.57,2.35,3.07,2.32,1.57,,,,15.11,90.25,61.38
2014-10-09,0.01,0.46,1.58,2.34,3.07,2.34,1.58,,,,18.76,90.47,60.92
2014-10-10,0.01,0.45,1.55,2.31,3.03,2.36,1.58,,,,21.24,88.66,61.27
2014-10-13,,,,,,,,,,,24.64,87.82,
2014-10-14,0.02,0.39,1.45,2.21,2.95,2.39,1.6,,,,22.79,,61.38
2014-10-15,0.02,0.34,1.37,2.15,2.92,2.44,1.63,,,,26.25,84.02,61.42
2014-10-16,0.03,0.35,1.39,2.17,2.94,2.47,1.67,,,,25.2,84.02,61.8
2014-10-17,0.02,0.39,1.44,2.22,2.98,2.44,1.65,,,,21.99,85.27,61.46
2014-10-20,0.02,0.37,1.41,2.2,2.96,2.45,1.69,,,,18.57,84.42,61.2
2014-10-21,0.02,0.38,1.44,2.23,3.0,2.43,1.69,,,,16.08,85.17,61.14
2014-10-22,0.02,0.41,1.46,2.25,3.01,2.42,1.68,,,,17.87,86.38,61.18
2014-10-23,0.01,0.41,1.52,2.29,3.05,2.42,1.67,,,,16.53,85.94,61.16
2014-10-24,0.01,0.41,1.52,2.29,3.05,2.43,1.68,,,,16.11,86.0,61.16
2014-10-27,0.02,0.41,1.51,2.27,3.04,2.44,1.68,,,,16.04,85.64,61.28
2014-10-28,0.02,0.42,1.53,2.3,3.06,2.43,1.66,,,,14.39,85.57,61.17
2014-10-29,0.03,0.48,1.61,2.34,3.06,2.36,1.59,,,,15.15,86.91,61.2
2014-10-30,0.01,0.48,1.58,2.32,3.04,2.39,1.56,,,,14.52,85.5,61.42
2014-10-31,0.01,0.5,1.62,2.35,3.07,2.39,1.55,,,,14.03,84.17,61.44
2014-11-03,0.02,0.52,1.63,2.36,3.07,2.39,1.54,,,,14.73,84.9,61.38
2014-11-04,0.03,0.52,1.63,2.35,3.05,2.39,1.54,,,,14.89,82.12,61.38
2014-11-05,0.03,0.52,1.63,2.36,3.06,2.39,1.54,,,,14.17,82.88,61.49
2014-11-06,0.03,0.54,1.67,2.39,3.09,2.4,1.54,,,,13.67,82.08,61.45
2014-11-07,0.03,0.51,1.6,2.32,3.04,2.43,1.56,,,,13.12,83.2,61.5
2014-11-10,0.02,0.55,1.65,2.38,3.09,2.41,1.54,,,,12.67,82.9,61.52
2014-11-11,,,,,,,,,,,12.92,80.94,
2014-11-12,0.02,0.55,1.65,2.37,3.09,2.43,1.58,,,,13.02,80.42,61.4
2014-11-13,0.02,0.53,1.64,2.35,3.08,2.47,1.62,,,,13.79,77.74,61.55
2014-11-14,0.02,0.54,1.62,2.32,3.04,2.48,1.62,,,,13.31,77.51,61.7
2014-11-17,0.03,0.54,1.64,2.34,3.06,2.49,1.61,,,,13.99,76.86,61.82
2014-11-18,0.02,0.53,1.63,2.32,3.05,2.52,1.64,,,,13.86,77.23,61.72
2014-11-19,0.01,0.54,1.66,2.36,3.08,2.51,1.62,,,,13.96,77.21,61.98
2014-11-20,0.02,0.53,1.64,2.34,3.05,2.52,1.63,,,,13.58,77.61,61.92
2014-11-21,0.01,0.53,1.63,2.31,3.02,2.49,1.63,,,,12.9,79.2,61.76
2014-11-24,0.02,0.53,1.62,2.3,3.01,2.5,1.64,,,,12.62,79.62,61.85
2014-11-25,0.02,0.51,1.58,2.27,2.97,2.46,1.61,,,,12.25,77.62,61.89
2014-11-26,0.02,0.53,1.56,2.24,2.95,2.47,1.62,,,,12.07,77.39,61.78
2014-11-27,,,,,,,,,,,,,
2014-11-28,0.02,0.47,1.49,2.18,2.89,2.52,1.65,,,,13.33,71.89,62.2
2014-12-01,0.03,0.49,1.52,2.22,2.95,2.54,1.64,,,,14.29,70.87,61.94
2014-12-02,0.03,0.55,1.59,2.28,3.0,2.54,1.65,,,,12.85,71.13,61.8
2014-12-03,0.01,0.57,1.61,2.29,2.99,2.52,1.63,,,,12.47,70.13,61.85
2014-12-04,0.02,0.55,1.59,2.25,2.94,2.53,1.64,,,,12.38,68.48,61.78
2014-12-05,0.02,0.65,1.69,2.31,2.97,2.48,1.59,,,,11.82,68.0,61.9
2014-12-08,0.03,0.64,1.67,2.26,2.9,2.48,1.56,,,,14.21,65.64,61.82
2014-12-09,0.04,0.64,1.63,2.22,2.87,2.51,1.57,,,,14.89,66.11,61.87
2014-12-10,0.03,0.59,1.58,2.18,2.83,2.53,1.57,,,,18.53,63.32,62.1
2014-12-11,0.03,0.62,1.62,2.19,2.84,2.53,1.55,,,,20.08,63.65,62.46
2014-12-12,0.02,0.56,1.53,2.1,2.75,2.58,1.57,,,,21.08,61.67,62.52
2014-12-15,0.04,0.6,1.58,2.12,2.74,2.56,1.58,,,,20.42,61.09,63.16
2014-12-16,0.03,0.58,1.53,2.07,2.69,2.6,1.63,,,,23.57,60.26,63.65
2014-12-17,0.03,0.62,1.61,2.14,2.74,2.6,1.61,,,,19.44,59.84,63.52
2014-12-18,0.04,0.67,1.68,2.22,2.82,2.56,1.58,,,,16.81,58.81,62.98
2014-12-19,0.04,0.67,1.66,2.17,2.77,2.56,1.6,,,,16.49,58.87,63.24
2014-12-22,0.05,0.71,1.67,2.17,2.75,2.53,1.56,,,,15.25,58.31,63.22
2014-12-23,0.03,0.73,1.76,2.26,2.85,2.53,1.57,,,,14.8,59.07,63.4
2014-12-24,0.01,0.73,1.76,2.27,2.83,2.5,1.54,,,,14.37,58.67,63.55
2014-12-25,,,,,,,,,,,,,
2014-12-26,0.01,0.73,1.75,2.25,2.81,2.5,1.54,,,,14.5,58.72,
2014-12-29,0.03,0.72,1.72,2.22,2.78,2.49,1.53,,,,15.06,57.86,63.67
2014-12-30,0.03,0.69,1.68,2.2,2.76,2.49,1.53,,,,15.92,55.6,63.38
2014-12-31,0.04,0.67,1.65,2.17,2.75,2.51,1.55,,,,19.2,55.27,63.04
2015-01-01,,,,,,,,,,,,,
2015-01-02,0.02,0.66,1.61,2.12,2.69,2.51,1.55,,,,17.79,55.38,63.27
2015-01-05,0.03,0.68,1.57,2.04,2.6,2.52,1.55,,,,19.92,51.08,63.34
2015-01-06,0.03,0.65,1.5,1.97,2.52,2.52,1.53,,,,21.12,50.12,63.57
2015-01-07,0.03,0.62,1.47,1.96,2.52,2.53,1.55,,,,19.31,49.06,63.27
2015-01-08,0.03,0.62,1.5,2.03,2.59,2.54,1.54,,,,17.01,49.43,62.67
2015-01-09,0.02,0.59,1.45,1.98,2.55,2.55,1.55,,,,17.55,47.64,62.34
2015-01-12,0.03,0.56,1.39,1.92,2.49,2.55,1.55,,,,19.6,46.9,62.09
2015-01-13,0.03,0.54,1.37,1.91,2.49,2.55,1.58,,,,20.56,45.13,61.97
2015-01-14,0.04,0.51,1.33,1.86,2.47,2.58,1.6,,,,21.48,45.82,62.09
2015-01-15,0.03,0.44,1.22,1.77,2.4,2.65,1.67,,,,22.39,47.66,62.06
2015-01-16,0.03,0.49,1.29,1.83,2.44,2.62,1.63,,,,20.95,47.38,61.87
2015-01-19,,,,,,,,,,,,,
2015-01-20,0.03,0.53,1.31,1.82,2.39,2.61,1.6,,,,19.89,46.49,61.64
2015-01-21,0.03,0.53,1.35,1.87,2.44,2.59,1.59,,,,18.85,46.5,61.55
2015-01-22,0.03,0.53,1.39,1.9,2.46,2.59,1.61,,,,16.4,46.09,61.32
2015-01-23,0.02,0.52,1.33,1.81,2.38,2.6,1.58,,,,16.66,46.69,61.46
2015-01-26,0.03,0.54,1.36,1.83,2.4,2.58,1.58,,,,15.52,46.07,61.46
2015-01-27,0.02,0.54,1.34,1.83,2.4,2.59,1.59,,,,17.22,46.55,61.34
2015-01-28,0.02,0.5,1.25,1.73,2.29,2.59,1.6,,,,20.44,47.07,61.34
2015-01-29,0.03,0.51,1.28,1.77,2.33,2.58,1.58,,,,18.76,46.61,61.94
2015-01-30,0.02,0.47,1.18,1.68,2.25,2.61,1.61,,,,20.97,47.52,62.01
2015-02-02,0.02,0.49,1.19,1.68,2.25,2.61,1.61,,,,19.43,51.74,61.68
2015-02-03,0.02,0.52,1.28,1.79,2.37,2.61,1.63,,,,17.33,54.41,61.67
2015-02-04,0.01,0.52,1.29,1.81,2.39,2.6,1.62,,,,18.33,55.07,61.73
2015-02-05,0.02,0.52,1.3,1.83,2.42,2.6,1.63,,,,16.85,55.98,61.73
2015-02-06,0.02,0.65,1.48,1.95,2.51,2.55,1.57,,,,17.29,55.88,61.7
2015-02-09,0.01,0.65,1.49,1.96,2.52,2.53,1.56,,,,18.55,57.0,62.1
2015-02-10,0.01,0.67,1.52,2.01,2.58,2.53,1.63,,,,17.23,55.79,62.33
2015-02-11,0.01,0.67,1.53,2.0,2.57,2.53,1.63,,,,16.96,53.48,62.41
2015-02-12,0.02,0.61,1.5,1.99,2.58,2.54,1.65,,,,15.34,56.23,62.3
2015-02-13,0.01,0.66,1.53,2.02,2.63,2.55,1.65,,,,14.69,60.33,62.04
2015-02-16,,,,,,,,,,,,61.57,
2015-02-17,0.02,0.7,1.62,2.14,2.73,2.53,1.64,,,,15.8,60.78,62.14
2015-02-18,0.02,0.62,1.52,2.07,2.7,2.53,1.66,,,,15.45,60.72,62.25
2015-02-19,0.02,0.67,1.58,2.11,2.73,2.53,1.66,,,,15.29,58.78,62.08
2015-02-20,0.02,0.67,1.61,2.13,2.73,2.5,1.65,,,,14.3,60.99,62.19
2015-02-23,0.02,0.64,1.56,2.06,2.66,2.48,1.64,,,,14.56,59.78,62.15
2015-02-24,0.02,0.6,1.47,1.99,2.6,2.49,1.66,,,,13.69,60.33,62.07
2015-02-25,0.02,0.61,1.47,1.96,2.56,2.49,1.65,,,,13.84,59.77,61.84
2015-02-26,0.03,0.66,1.54,2.03,2.63,2.44,1.61,,,,13.91,61.39,61.74
2015-02-27,0.02,0.63,1.5,2.0,2.6,2.46,1.64,,,,13.34,61.89,61.67
2015-03-02,0.02,0.66,1.57,2.08,2.68,2.48,1.62,,,,13.04,60.75,61.87
2015-03-03,0.02,0.68,1.61,2.12,2.71,2.46,1.61,,,,13.86,61.18,61.76
2015-03-04,0.01,0.66,1.6,2.12,2.72,2.46,1.61,,,,14.23,59.18,62.3
2015-03-05,0.02,0.65,1.57,2.11,2.71,2.47,1.6,,,,14.04,60.33,62.26
2015-03-06,0.01,0.73,1.7,2.24,2.83,2.45,1.57,,,,15.2,59.15,62.45
2015-03-09,0.02,0.7,1.66,2.2,2.8,2.46,1.58,,,,15.06,58.67,62.67
2015-03-10,0.02,0.7,1.62,2.14,2.73,2.45,1.56,,,,16.69,55.95,62.71
2015-03-11,0.03,0.7,1.6,2.11,2.69,2.45,1.56,,,,16.87,56.46,62.76
2015-03-12,0.03,0.67,1.59,2.1,2.69,2.46,1.57,,,,15.42,56.66,62.44
2015-03-13,0.03,0.68,1.6,2.13,2.7,2.47,1.57,,,,16.0,54.8,63.06
2015-03-16,0.05,0.66,1.57,2.1,2.67,2.48,1.6,,,,15.61,52.0,62.8
2015-03-17,0.05,0.7,1.56,2.06,2.61,2.49,1.61,,,,15.66,52.17,62.64
2015-03-18,0.03,0.57,1.41,1.93,2.51,2.55,1.67,,,,13.97,52.59,62.69
2015-03-19,0.03,0.63,1.48,1.98,2.54,2.5,1.6,,,,14.07,52.96,62.56
2015-03-20,0.01,0.6,1.42,1.93,2.5,2.51,1.62,,,,13.02,53.88,62.47
2015-03-23,0.03,0.6,1.41,1.92,2.51,2.54,1.62,,,,13.41,53.82,62.22
2015-03-24,0.02,0.58,1.37,1.88,2.46,2.53,1.62,,,,13.62,53.61,62.4
2015-03-25,0.04,0.59,1.41,1.93,2.5,2.53,1.59,,,,15.44,54.18,62.35
2015-03-26,0.03,0.61,1.47,2.01,2.6,2.55,1.6,,,,15.8,57.02,62.83
2015-03-27,0.04,0.58,1.42,1.95,2.53,2.53,1.58,,,,15.07,56.44,62.5
2015-03-30,0.04,0.58,1.41,1.96,2.55,2.55,1.59,,,,14.51,53.99,62.52
2015-03-31,0.03,0.56,1.37,1.94,2.54,2.55,1.58,,,,15.29,53.69,62.31
2015-04-01,0.03,0.55,1.32,1.87,2.47,2.55,1.58,,,,15.11,55.73,62.14
2015-04-02,0.02,0.55,1.35,1.92,2.53,2.55,1.57,,,,14.67,55.73,62.13
2015-04-03,0.02,0.49,1.26,1.85,2.49,2.58,1.58,,,,,,61.99
2015-04-06,0.03,0.51,1.31,1.92,2.57,2.58,1.59,,,,14.74,55.73,62.16
2015-04-07,0.02,0.52,1.32,1.89,2.52,2.56,1.58,,,,14.78,57.55,62.23
2015-04-08,0.03,0.54,1.35,1.92,2.53,2.51,1.53,,,,13.98,56.42,62.22
2015-04-09,0.03,0.56,1.4,1.97,2.61,2.53,1.56,,,,13.09,56.04,62.18
2015-04-10,0.02,0.57,1.41,1.96,2.58,2.53,1.57,,,,12.58,56.82,62.21
2015-04-13,0.03,0.54,1.38,1.94,2.58,2.54,1.58,,,,13.94,57.14,62.38
2015-04-14,0.02,0.53,1.34,1.9,2.54,2.54,1.57,,,,13.67,57.69,62.25
2015-04-15,0.02,0.51,1.33,1.91,2.55,2.54,1.57,,,,12.84,59.32,62.34
2015-04-16,0.02,0.5,1.31,1.9,2.56,2.55,1.57,,,,12.6,60.13,62.28
2015-04-17,0.01,0.51,1.31,1.87,2.51,2.53,1.56,,,,13.89,61.31,62.48
2015-04-20,0.03,0.55,1.33,1.9,2.56,2.55,1.6,,,,13.3,61.2,63.07
2015-04-21,0.03,0.55,1.35,1.92,2.58,2.54,1.59,,,,13.25,60.12,62.92
2015-04-22,0.03,0.57,1.41,1.99,2.66,2.53,1.59,,,,12.71,60.12,62.96
2015-04-23,0.03,0.55,1.37,1.96,2.63,2.54,1.6,,,,12.48,62.66,63.27
2015-04-24,0.03,0.54,1.34,1.93,2.62,2.56,1.62,,,,12.29,62.96,63.55
2015-04-27,0.02,0.54,1.36,1.94,2.61,2.54,1.6,,,,13.12,62.86,63.34
2015-04-28,0.02,0.56,1.39,2.0,2.68,2.55,1.6,,,,12.41,62.61,63.05
2015-04-29,0.01,0.56,1.43,2.06,2.76,2.58,1.63,,,,13.39,63.97,63.38
2015-04-30,0.01,0.58,1.43,2.05,2.75,2.6,1.69,,,,14.55,63.9,63.58
2015-05-01,0.01,0.6,1.5,2.12,2.82,2.61,1.7,,,,12.7,64.13,63.63
2015-05-04,0.02,0.6,1.51,2.16,2.88,2.61,1.7,,,,12.85,64.62,63.64
2015-05-05,0.01,0.62,1.54,2.19,2.9,2.62,1.71,,,,14.31,65.44,63.31
2015-05-06,0.02,0.65,1.58,2.25,2.98,2.64,1.73,,,,15.15,66.22,63.57
2015-05-07,0.01,0.63,1.55,2.18,2.9,2.64,1.74,,,,15.13,64.93,64.08
2015-05-08,0.01,0.59,1.5,2.16,2.9,2.65,1.75,,,,12.86,63.82,63.73
2015-05-11,0.02,0.62,1.59,2.28,3.03,2.66,1.75,,,,13.85,62.82,63.96
2015-05-12,0.03,0.61,1.58,2.28,3.02,2.65,1.73,,,,13.86,65.09,64.19
2015-05-13,0.02,0.59,1.57,2.27,3.07,2.71,1.78,,,,13.76,66.33,63.88
2015-05-14,0.01,0.56,1.51,2.23,3.03,2.74,1.81,,,,12.74,65.58,63.47
2015-05-15,0.02,0.55,1.46,2.14,2.93,2.72,1.81,,,,12.38,64.69,63.36
2015-05-18,0.02,0.58,1.54,2.23,3.02,2.73,1.82,,,,12.73,65.15,63.66
2015-05-19,0.02,0.63,1.6,2.27,3.05,2.71,1.8,,,,12.85,63.48,63.8
2015-05-20,0.02,0.6,1.57,2.26,3.06,2.73,1.83,,,,12.88,63.52,63.75
2015-05-21,0.02,0.6,1.53,2.19,2.98,2.75,1.87,,,,12.11,64.7,63.51
2015-05-22,0.02,0.64,1.57,2.21,2.99,2.74,1.86,,,,12.13,64.7,63.43
2015-05-25,,,,,,,,,,,,,
2015-05-26,0.02,0.64,1.54,2.14,2.89,2.73,1.84,,,,14.06,61.65,63.87
2015-05-27,0.01,0.64,1.53,2.14,2.88,2.71,1.8,,,,13.27,61.35,63.92
2015-05-28,0.01,0.62,1.51,2.13,2.89,2.75,1.82,,,,13.31,60.12,63.83
2015-05-29,0.01,0.61,1.49,2.12,2.88,2.72,1.82,,,,13.84,63.16,63.71
2015-06-01,0.02,0.64,1.55,2.19,2.94,2.75,1.86,,,,13.97,62.87,63.59
2015-06-02,0.01,0.64,1.61,2.27,3.02,2.75,1.84,,,,14.24,63.14,63.72
2015-06-03,0.02,0.69,1.69,2.38,3.11,2.72,1.81,,,,13.66,62.78,63.99
2015-06-04,0.02,0.66,1.65,2.31,3.03,2.72,1.81,,,,14.71,60.34,63.96
2015-06-05,0.03,0.73,1.75,2.41,3.11,2.69,1.78,,,,14.21,60.36,63.76
2015-06-08,0.02,0.7,1.72,2.39,3.11,2.7,1.8,,,,15.29,61.33,64.03
2015-06-09,0.02,0.72,1.74,2.42,3.15,2.73,1.81,,,,14.47,63.23,63.96
2015-06-10,0.02,0.75,1.8,2.5,3.22,2.7,1.76,,,,13.22,64.68,63.81
2015-06-11,0.01,0.73,1.74,2.39,3.11,2.71,1.78,,,,12.85,63.76,63.93
2015-06-12,0.02,0.74,1.75,2.39,3.1,2.7,1.77,,,,13.78,63.19,64.02
2015-06-15,0.02,0.72,1.71,2.36,3.09,2.73,1.83,,,,15.39,60.99,64.03
2015-06-16,0.01,0.71,1.68,2.32,3.06,2.74,1.83,,,,14.81,60.75,64.21
2015-06-17,0.01,0.67,1.63,2.32,3.09,2.76,1.83,,,,14.5,60.75,64.14
2015-06-18,0.01,0.66,1.65,2.35,3.14,2.82,1.87,,,,13.19,61.37,63.62
2015-06-19,0.01,0.65,1.59,2.26,3.05,2.82,1.88,,,,13.96,59.41,63.43
2015-06-22,0.01,0.68,1.68,2.37,3.16,2.81,1.87,,,,12.74,60.54,63.51
2015-06-23,0.01,0.7,1.71,2.42,3.2,2.82,1.86,,,,12.11,61.67,63.57
2015-06-24,0.01,0.68,1.69,2.38,3.16,2.81,1.84,,,,13.26,61.63,63.54
2015-06-25,0.01,0.68,1.7,2.4,3.16,2.8,1.83,,,,14.01,60.24,63.5
2015-06-26,0.01,0.72,1.75,2.49,3.25,2.81,1.84,,,,14.02,60.14,63.54
2015-06-29,0.02,0.64,1.62,2.33,3.09,2.84,1.86,,,,18.85,59.03,63.73
2015-06-30,0.01,0.64,1.63,2.35,3.11,2.83,1.84,,,,18.23,60.31,63.59
2015-07-01,0.01,0.69,1.7,2.43,3.2,2.83,1.83,,,,16.09,61.65,63.55
2015-07-02,0.01,0.64,1.64,2.4,3.19,2.86,1.86,,,,16.79,61.73,63.36
2015-07-03,,,,,,,,,,,,59.06,
2015-07-06,0.02,0.6,1.56,2.3,3.08,2.84,1.84,,,,17.01,57.19,63.24
2015-07-07,0.02,0.58,1.55,2.27,3.04,2.84,1.82,,,,16.09,54.72,63.51
2015-07-08,0.02,0.55,1.5,2.22,2.99,2.87,1.85,,,,19.66,55.7,63.47
2015-07-09,0.03,0.6,1.58,2.32,3.11,2.88,1.86,,,,19.97,57.83,63.31
2015-07-10,0.01,0.65,1.68,2.42,3.2,2.9,1.87,,,,16.83,57.72,63.33
2015-07-13,0.02,0.69,1.71,2.44,3.21,2.88,1.83,,,,13.9,57.63,63.43
2015-07-14,0.01,0.66,1.67,2.41,3.2,2.91,1.85,,,,13.37,57.2,63.27
2015-07-15,0.02,0.64,1.63,2.36,3.13,2.91,1.84,,,,13.23,57.34,63.48
2015-07-16,0.02,0.67,1.66,2.36,3.11,2.88,1.83,,,,12.11,57.31,63.43
2015-07-17,0.03,0.68,1.67,2.34,3.08,2.87,1.82,,,,11.95,56.38,63.45
2015-07-20,0.04,0.71,1.72,2.38,3.1,2.86,1.8,,,,12.25,56.42,63.61
2015-07-21,0.03,0.71,1.69,2.35,3.08,2.87,1.83,,,,12.22,55.94,63.57
2015-07-22,0.04,0.75,1.69,2.33,3.04,2.85,1.8,,,,12.12,56.36,63.6
2015-07-23,0.03,0.71,1.65,2.28,2.98,2.85,1.8,,,,12.64,55.76,63.86
2015-07-24,0.04,0.7,1.64,2.27,2.96,2.87,1.8,,,,13.74,54.29,64.04
2015-07-27,0.05,0.68,1.58,2.23,2.93,2.9,1.81,,,,15.6,54.07,64.24
2015-07-28,0.05,0.69,1.61,2.26,2.96,2.91,1.8,,,,13.44,54.3,63.76
2015-07-29,0.06,0.7,1.62,2.29,2.99,2.9,1.8,,,,12.5,54.73,63.83
2015-07-30,0.07,0.72,1.62,2.28,2.96,2.88,1.77,,,,12.13,54.29,64.09
2015-07-31,0.08,0.67,1.54,2.2,2.92,2.94,1.87,,,,12.12,53.29,63.87
2015-08-03,0.08,0.68,1.52,2.16,2.86,2.92,1.83,,,,12.56,49.49,63.99
2015-08-04,0.08,0.74,1.6,2.23,2.9,2.88,1.79,,,,13.0,49.08,63.71
2015-08-05,0.08,0.73,1.65,2.28,2.94,2.9,1.8,,,,12.51,49.04,63.73
2015-08-06,0.04,0.71,1.62,2.23,2.9,2.92,1.83,,,,13.77,47.8,63.67
2015-08-07,0.06,0.73,1.59,2.18,2.83,2.91,1.78,,,,13.39,47.54,63.74
2015-08-10,0.12,0.73,1.62,2.24,2.89,2.93,1.82,,,,12.23,48.3,63.77
2015-08-11,0.1,0.68,1.53,2.15,2.81,2.94,1.81,,,,13.71,47.33,64.33
2015-08-12,0.1,0.67,1.52,2.14,2.84,2.97,1.86,,,,13.61,48.29,64.8
2015-08-13,0.1,0.72,1.58,2.19,2.86,2.98,1.85,,,,13.49,48.01,65.27
2015-08-14,0.09,0.73,1.61,2.2,2.84,2.97,1.83,,,,12.83,47.79,65.02
2015-08-17,0.1,0.72,1.58,2.16,2.81,2.97,1.83,,,,13.02,47.77,65.39
2015-08-18,0.07,0.74,1.6,2.2,2.87,3.01,1.84,,,,13.79,47.0,65.44
2015-08-19,0.05,0.67,1.5,2.12,2.81,3.06,1.88,,,,15.25,45.75,65.17
2015-08-20,0.02,0.69,1.5,2.09,2.76,3.04,1.88,,,,19.14,45.63,65.49
2015-08-21,0.03,0.64,1.44,2.05,2.74,3.1,1.9,,,,28.03,43.84,66.02
2015-08-24,0.06,0.59,1.39,2.01,2.73,3.14,1.93,,,,40.74,41.59,66.8
2015-08-25,0.07,0.67,1.48,2.12,2.84,3.17,1.96,,,,36.02,41.86,66.07
2015-08-26,0.06,0.67,1.49,2.18,2.94,3.2,1.99,,,,30.32,41.76,66.11
2015-08-27,0.06,0.68,1.49,2.18,2.93,3.15,1.96,,,,26.1,44.46,65.99
2015-08-28,0.06,0.72,1.52,2.19,2.92,3.13,1.93,,,,26.05,47.97,66.14
2015-08-31,0.08,0.74,1.54,2.21,2.95,3.15,1.94,,,,28.43,,66.39
2015-09-01,0.03,0.7,1.49,2.17,2.93,3.18,1.98,,,,31.4,48.8,66.34
2015-09-02,0.03,0.72,1.52,2.2,2.97,3.17,1.96,,,,26.09,47.67,66.16
2015-09-03,0.02,0.71,1.49,2.18,2.95,3.17,1.95,,,,25.61,50.41,66.07
2015-09-04,0.02,0.71,1.47,2.13,2.89,3.15,1.9,,,,27.8,48.59,66.7
2015-09-07,,,,,,,,,,,,46.42,
2015-09-08,0.06,0.74,1.53,2.2,2.97,3.16,1.91,,,,24.9,48.88,66.36
2015-09-09,0.03,0.75,1.53,2.21,2.96,3.1,1.88,,,,26.23,48.04,66.47
2015-09-10,0.02,0.75,1.55,2.23,2.98,3.12,1.9,,,,24.37,47.77,66.46
2015-09-11,0.04,0.71,1.52,2.2,2.95,3.11,1.84,,,,23.2,46.87,66.39
2015-09-14,0.07,0.73,1.51,2.18,2.95,3.13,1.86,,,,24.25,45.87,66.32
2015-09-15,0.07,0.82,1.61,2.28,3.06,3.16,1.9,,,,22.54,45.91,66.36
2015-09-16,0.06,0.82,1.62,2.3,3.08,3.15,1.88,,,,21.35,49.35,66.45
2015-09-17,0.01,0.7,1.5,2.21,3.02,3.18,1.88,,,,21.14,48.27,66.12
2015-09-18,0.0,0.69,1.45,2.13,2.93,3.15,1.86,,,,22.28,47.28,65.7
2015-09-21,0.01,0.72,1.51,2.2,3.02,3.19,1.91,,,,20.14,47.64,65.66
2015-09-22,0.0,0.69,1.44,2.14,2.94,3.15,1.87,,,,22.44,46.69,65.85
2015-09-23,0.01,0.7,1.47,2.16,2.95,3.15,1.84,,,,22.13,48.0,66.05
2015-09-24,0.01,0.67,1.44,2.13,2.91,3.16,1.86,,,,23.47,47.06,66.32
2015-09-25,0.0,0.7,1.48,2.17,2.96,3.19,1.88,,,,23.62,47.28,66.12
2015-09-28,0.01,0.67,1.42,2.1,2.87,3.21,1.89,,,,27.63,46.04,66.2
2015-09-29,0.01,0.64,1.37,2.05,2.85,3.26,1.92,,,,26.83,47.58,65.9
2015-09-30,0.0,0.64,1.37,2.06,2.87,3.29,1.94,,,,24.5,47.29,65.5
2015-10-01,0.0,0.64,1.37,2.05,2.85,3.31,1.93,,,,22.55,47.48,65.57
2015-10-02,0.0,0.58,1.29,1.99,2.82,3.34,1.96,,,,20.94,46.55,65.35
2015-10-05,0.01,0.61,1.35,2.07,2.9,3.33,1.97,,,,19.54,49.45,65.12
2015-10-06,0.0,0.61,1.34,2.05,2.88,3.32,1.95,,,,19.4,51.34,65.18
2015-10-07,0.0,0.65,1.37,2.08,2.89,3.27,1.9,,,,18.4,51.66,64.86
2015-10-08,0.0,0.65,1.4,2.12,2.96,3.28,1.92,,,,17.42,52.13,64.97
2015-10-09,0.01,0.65,1.41,2.12,2.94,3.26,1.87,,,,17.08,52.08,64.76
2015-10-12,,,,,,,,,,,16.17,50.95,
2015-10-13,0.01,0.64,1.36,2.06,2.89,3.28,1.87,,,,17.67,48.94,65.06
2015-10-14,0.0,0.57,1.29,1.99,2.84,3.31,1.91,,,,18.03,48.25,64.87
2015-10-15,0.01,0.61,1.34,2.04,2.87,3.29,1.89,,,,16.05,47.87,64.77
2015-10-16,0.01,0.61,1.36,2.04,2.87,3.28,1.88,,,,15.05,48.96,64.7
2015-10-19,0.02,0.61,1.35,2.04,2.89,3.3,1.9,,,,14.98,47.51,64.9
2015-10-20,0.02,0.66,1.4,2.08,2.92,3.29,1.87,,,,15.75,46.93,64.97
2015-10-21,0.01,0.64,1.37,2.04,2.87,3.28,1.86,,,,16.7,46.72,65.19
2015-10-22,0.0,0.61,1.36,2.04,2.87,3.26,1.85,,,,14.45,46.59,64.91
2015-10-23,0.01,0.66,1.43,2.09,2.9,3.23,1.84,,,,14.46,46.3,64.87
2015-10-26,0.02,0.66,1.41,2.07,2.87,3.22,1.83,,,,15.29,46.57,64.83
2015-10-27,0.03,0.65,1.38,2.05,2.86,3.25,1.84,,,,15.43,45.54,65.03
2015-10-28,0.04,0.73,1.47,2.1,2.87,3.2,1.81,,,,14.33,47.6,64.89
2015-10-29,0.07,0.75,1.53,2.19,2.96,3.21,1.85,,,,14.61,48.04,65.35
2015-10-30,0.08,0.75,1.52,2.16,2.93,3.19,1.82,,,,15.07,48.0,65.4
2015-11-02,0.08,0.77,1.57,2.2,2.95,3.18,1.81,,,,14.15,47.91,65.58
2015-11-03,0.06,0.8,1.59,2.23,3.0,3.19,1.83,,,,14.54,48.0,65.57
2015-11-04,0.05,0.84,1.64,2.25,3.0,3.16,1.8,,,,15.51,46.96,65.46
2015-11-05,0.05,0.85,1.65,2.26,3.01,3.18,1.79,,,,15.05,47.19,65.85
2015-11-06,0.08,0.9,1.73,2.34,3.09,3.17,1.76,,,,14.33,46.09,66.13
2015-11-09,0.14,0.89,1.75,2.36,3.12,3.15,1.76,,,,16.52,45.38,66.38
2015-11-10,0.13,0.87,1.72,2.32,3.1,3.18,1.79,,,,15.29,46.44,66.19
2015-11-11,,,,,,,,,,,16.06,44.98,
2015-11-12,0.14,0.89,1.73,2.32,3.09,3.19,1.79,,,,18.37,44.98,66.04
2015-11-13,0.14,0.86,1.67,2.28,3.06,3.2,1.81,,,,20.08,41.98,66.12
2015-11-16,0.15,0.88,1.66,2.27,3.07,3.24,1.84,,,,18.16,40.28,66.01
2015-11-17,0.14,0.86,1.66,2.25,3.04,3.23,1.83,,,,18.84,41.28,65.96
2015-11-18,0.12,0.9,1.69,2.27,3.04,3.21,1.81,,,,16.85,41.45,66.16
2015-11-19,0.11,0.91,1.68,2.24,3.0,3.2,1.8,,,,16.99,42.22,66.05
2015-11-20,0.12,0.93,1.7,2.26,3.02,3.2,1.78,,,,15.47,42.49,66.06
2015-11-23,0.14,0.94,1.7,2.25,3.0,3.19,1.76,,,,15.62,43.7,66.37
2015-11-24,0.16,0.93,1.66,2.24,3.0,3.2,1.77,,,,15.93,44.38,66.32
2015-11-25,0.19,0.93,1.66,2.23,3.0,3.21,1.77,,,,15.19,43.56,66.36
2015-11-26,,,,,,,,,,,,43.55,
2015-11-27,0.18,0.92,1.64,2.22,3.0,3.22,1.78,,,,15.12,43.07,66.86
2015-11-30,0.22,0.94,1.65,2.21,2.98,3.2,1.78,,,,16.13,43.73,66.43
2015-12-01,0.21,0.91,1.59,2.15,2.91,3.21,1.77,,,,14.67,42.97,66.46
2015-12-02,0.21,0.94,1.63,2.18,2.91,3.17,1.71,,,,15.91,41.92,66.53
2015-12-03,0.21,0.96,1.74,2.33,3.07,3.18,1.73,,,,18.11,42.0,66.82
2015-12-04,0.23,0.96,1.71,2.28,3.01,3.15,1.71,,,,14.81,41.44,66.65
2015-12-07,0.29,0.94,1.67,2.23,2.95,3.15,1.72,,,,15.84,39.69,66.74
2015-12-08,0.27,0.94,1.68,2.24,2.97,3.19,1.71,,,,17.6,39.44,66.77
2015-12-09,0.26,0.93,1.64,2.22,2.97,3.18,1.74,,,,19.61,39.04,66.83
2015-12-10,0.24,0.95,1.68,2.24,2.98,3.19,1.72,,,,19.34,38.65,66.7
2015-12-11,0.23,0.88,1.56,2.13,2.87,3.24,1.78,,,,24.39,36.99,67.1
2015-12-14,0.26,0.97,1.66,2.23,2.96,3.23,1.78,,,,22.73,36.51,67.09
2015-12-15,0.25,0.98,1.71,2.28,3.0,3.21,1.72,,,,20.95,37.66,66.79
2015-12-16,0.27,1.02,1.75,2.3,3.02,3.21,1.71,,,,17.86,36.96,66.6
2015-12-17,0.23,1.0,1.73,2.24,2.94,3.21,1.7,,,,18.94,36.29,66.32
2015-12-18,0.19,0.97,1.67,2.19,2.9,3.25,1.72,,,,20.7,36.76,66.23
2015-12-21,0.24,0.96,1.67,2.2,2.92,3.27,1.73,,,,18.7,35.34,66.19
2015-12-22,0.21,0.99,1.71,2.24,2.96,3.26,1.73,,,,16.6,35.26,66.19
2015-12-23,0.2,1.01,1.74,2.27,3.0,3.26,1.72,,,,15.57,35.79,66.04
2015-12-24,0.2,1.03,1.73,2.25,2.96,3.22,1.71,,,,15.74,37.22,66.0
2015-12-25,,,,,,,,,,,,,
2015-12-28,0.23,1.05,1.73,2.24,2.95,3.21,1.69,,,,16.91,37.08,66.09
2015-12-29,0.23,1.09,1.81,2.32,3.04,3.22,1.72,,,,16.08,36.85,66.28
2015-12-30,0.21,1.08,1.8,2.31,3.04,3.23,1.72,,,,17.29,35.65,66.44
2015-12-31,0.16,1.06,1.76,2.27,3.01,3.23,1.77,,,,18.21,36.61,66.19
2016-01-01,,,,,,,,,,,,,
2016-01-04,0.22,1.02,1.73,2.24,2.98,3.24,1.79,,,,20.7,36.28,66.56
2016-01-05,0.2,1.04,1.73,2.25,3.01,3.25,1.77,,,,19.34,35.56,66.49
2016-01-06,0.21,0.99,1.65,2.18,2.94,3.26,1.76,,,,20.59,33.89,66.71
2016-01-07,0.2,0.96,1.61,2.16,2.92,3.28,1.79,,,,24.99,33.57,66.73
2016-01-08,0.2,0.94,1.57,2.13,2.91,3.31,1.82,,,,27.01,31.67,66.82
2016-01-11,0.21,0.94,1.58,2.17,2.96,3.3,1.82,,,,24.3,30.14,66.78
2016-01-12,0.21,0.93,1.55,2.12,2.89,3.29,1.8,,,,22.47,29.14,66.85
2016-01-13,0.22,0.91,1.51,2.08,2.85,3.28,1.81,,,,25.22,28.58,66.74
2016-01-14,0.25,0.9,1.52,2.1,2.9,3.36,1.86,,,,23.95,28.84,67.37
2016-01-15,0.24,0.85,1.46,2.03,2.81,3.38,1.96,,,,27.02,28.8,67.74
2016-01-18,,,,,,,,,,,,27.36,
2016-01-19,0.26,0.88,1.49,2.06,2.82,3.35,1.94,,,,26.05,27.36,67.68
2016-01-20,0.26,0.85,1.44,2.01,2.77,3.4,2.04,,,,27.59,26.01,68.05
2016-01-21,0.28,0.84,1.44,2.02,2.79,3.45,2.04,,,,26.69,27.59,67.87
2016-01-22,0.31,0.88,1.49,2.07,2.83,3.42,1.95,,,,22.34,30.46,67.55
2016-01-25,0.31,0.88,1.47,2.03,2.8,3.44,2.01,,,,24.15,29.82,67.71
2016-01-26,0.31,0.85,1.45,2.01,2.79,3.46,2.02,,,,22.5,30.94,67.75
2016-01-27,0.32,0.84,1.43,2.02,2.8,3.46,2.05,,,,23.11,31.83,67.98
2016-01-28,0.35,0.83,1.4,2.0,2.79,3.48,2.07,,,,22.42,33.01,68.08
2016-01-29,0.33,0.76,1.33,1.94,2.75,3.48,2.11,,,,20.2,33.14,67.87
2016-02-01,0.35,0.81,1.38,1.97,2.77,3.49,2.11,,,,19.98,32.45,67.92
2016-02-02,0.34,0.75,1.28,1.87,2.67,3.49,2.14,,,,21.98,30.98,67.92
2016-02-03,0.33,0.72,1.27,1.88,2.7,3.52,2.18,,,,21.65,32.38,67.92
2016-02-04,0.29,0.7,1.25,1.87,2.7,3.53,2.13,,,,21.84,32.76,67.57
2016-02-05,0.3,0.74,1.25,1.86,2.68,3.52,2.12,,,,23.38,32.35,67.78
2016-02-08,0.32,0.66,1.16,1.75,2.56,3.53,2.12,,,,26.0,31.64,67.98
2016-02-09,0.3,0.69,1.15,1.74,2.55,3.54,2.18,,,,26.54,30.15,67.92
2016-02-10,0.31,0.71,1.15,1.71,2.53,3.56,2.21,,,,26.29,29.64,67.85
2016-02-11,0.28,0.64,1.11,1.63,2.5,3.63,2.26,,,,28.14,28.82,68.44
2016-02-12,0.3,0.71,1.2,1.74,2.6,3.6,2.24,,,,25.4,31.8,68.12
2016-02-15,,,,,,,,,,,,,
2016-02-16,0.3,0.74,1.23,1.78,2.64,3.59,2.23,,,,24.11,31.09,68.48
2016-02-17,0.3,0.74,1.26,1.81,2.68,3.62,2.24,,,,22.31,33.21,68.33
2016-02-18,0.3,0.71,1.21,1.75,2.62,3.62,2.26,,,,21.64,33.2,68.54
2016-02-19,0.31,0.76,1.24,1.76,2.61,3.56,2.2,,,,20.53,31.66,68.54
2016-02-22,0.33,0.78,1.25,1.77,2.62,3.57,2.2,,,,19.38,33.59,68.53
2016-02-23,0.32,0.76,1.23,1.74,2.6,3.58,2.19,,,,20.98,31.9,68.55
2016-02-24,0.33,0.75,1.21,1.75,2.61,3.56,2.16,,,,20.72,31.5,68.53
2016-02-25,0.32,0.72,1.16,1.71,2.58,3.56,2.14,,,,19.11,32.83,68.84
2016-02-26,0.33,0.8,1.23,1.76,2.63,3.56,2.12,,,,19.81,35.76,68.82
2016-02-29,0.33,0.78,1.22,1.74,2.61,3.55,2.1,,,,20.55,35.92,68.21
2016-03-01,0.33,0.85,1.31,1.83,2.7,3.54,2.08,,,,17.7,35.73,67.75
2016-03-02,0.36,0.85,1.34,1.84,2.69,3.5,2.06,,,,17.09,36.38,67.4
2016-03-03,0.28,0.85,1.33,1.83,2.65,3.47,2.06,,,,16.7,35.75,67.15
2016-03-04,0.29,0.88,1.38,1.88,2.7,3.43,2.04,,,,16.86,37.61,66.9
2016-03-07,0.32,0.91,1.42,1.91,2.71,3.39,2.0,,,,17.35,39.02,66.97
2016-03-08,0.29,0.88,1.34,1.83,2.63,3.38,2.02,,,,18.67,39.16,67.3
2016-03-09,0.3,0.9,1.39,1.9,2.68,3.36,1.99,,,,18.34,40.26,67.07
2016-03-10,0.32,0.93,1.45,1.93,2.7,3.3,1.95,,,,18.05,38.63,67.2
2016-03-11,0.33,0.97,1.49,1.98,2.75,3.26,1.88,,,,16.5,39.41,66.93
2016-03-14,0.34,0.97,1.49,1.97,2.74,3.22,1.85,,,,16.92,38.06,67.15
2016-03-15,0.34,0.98,1.5,1.97,2.73,3.19,1.82,,,,16.84,37.49,67.33
2016-03-16,0.31,0.87,1.41,1.94,2.73,3.22,1.87,,,,14.99,38.38,67.24
2016-03-17,0.29,0.87,1.39,1.91,2.69,3.2,1.88,,,,14.44,39.29,66.61
2016-03-18,0.3,0.84,1.34,1.88,2.68,3.17,1.89,,,,14.02,39.26,66.34
2016-03-21,0.31,0.87,1.38,1.92,2.72,3.15,1.91,,,,13.79,39.91,66.45
2016-03-22,0.3,0.91,1.42,1.94,2.72,3.1,1.85,,,,14.17,40.54,66.58
2016-03-23,0.3,0.87,1.37,1.88,2.65,3.07,1.86,,,,14.94,38.84,66.82
2016-03-24,0.3,0.89,1.39,1.91,2.67,3.06,1.86,,,,14.74,38.33,66.82
2016-03-25,,,,,,,,,,,,,66.82
2016-03-28,0.29,0.89,1.37,1.89,2.66,3.05,1.85,,,,15.24,38.33,66.58
2016-03-29,0.23,0.78,1.29,1.81,2.6,3.09,1.9,,,,13.82,36.75,66.46
2016-03-30,0.2,0.76,1.26,1.83,2.65,3.11,1.93,,,,13.56,36.75,66.37
2016-03-31,0.21,0.73,1.21,1.78,2.61,3.12,1.94,,,,13.95,36.75,66.25
2016-04-01,0.23,0.76,1.24,1.79,2.62,3.1,1.93,,,,13.1,36.42,66.34
2016-04-04,0.23,0.75,1.22,1.78,2.6,3.1,1.93,,,,14.12,36.05,66.05
2016-04-05,0.23,0.72,1.17,1.73,2.54,3.08,1.9,,,,15.42,35.88,66.4
2016-04-06,0.23,0.73,1.2,1.76,2.58,3.08,1.88,,,,14.09,37.77,66.49
2016-04-07,0.23,0.7,1.14,1.7,2.52,3.06,1.88,,,,16.16,37.15,66.7
2016-04-08,0.23,0.7,1.16,1.72,2.55,3.07,1.89,,,,15.36,40.71,66.49
2016-04-11,0.23,0.7,1.16,1.73,2.56,3.05,1.88,,,,16.26,41.58,66.33
2016-04-12,0.22,0.74,1.22,1.79,2.61,3.03,1.86,,,,14.85,43.02,66.35
2016-04-13,0.23,0.75,1.22,1.77,2.58,3.01,1.83,,,,13.84,42.81,66.62
2016-04-14,0.22,0.77,1.26,1.8,2.61,2.99,1.82,,,,13.72,43.02,66.56
2016-04-15,0.22,0.74,1.22,1.76,2.56,2.99,1.83,,,,13.62,41.32,66.49
2016-04-18,0.22,0.75,1.24,1.78,2.58,2.99,1.83,,,,13.35,41.64,66.42
2016-04-19,0.21,0.77,1.26,1.79,2.6,2.96,1.73,,,,13.24,43.02,66.12
2016-04-20,0.23,0.8,1.32,1.85,2.66,2.93,1.72,,,,13.28,43.09,66.12
2016-04-21,0.23,0.82,1.35,1.88,2.69,2.91,1.69,,,,13.95,43.48,66.43
2016-04-22,0.23,0.84,1.37,1.89,2.7,2.89,1.7,,,,13.22,43.97,66.6
2016-04-25,0.25,0.85,1.38,1.91,2.72,2.88,1.71,,,,14.08,42.97,66.65
2016-04-26,0.24,0.86,1.4,1.94,2.76,2.85,1.71,,,,13.96,43.94,66.4
2016-04-27,0.24,0.83,1.33,1.87,2.71,2.86,1.72,,,,13.77,44.17,66.52
2016-04-28,0.22,0.78,1.28,1.84,2.68,2.89,1.79,,,,15.22,45.6,66.39
2016-04-29,0.22,0.77,1.28,1.83,2.66,2.86,1.8,,,,15.7,45.64,66.39
2016-05-02,0.22,0.8,1.32,1.88,2.71,2.86,1.8,,,,14.68,45.82,66.36
2016-05-03,0.21,0.75,1.25,1.81,2.66,2.85,1.84,,,,15.6,43.09,66.51
2016-05-04,0.19,0.75,1.23,1.79,2.64,2.85,1.87,,,,16.05,43.08,66.63
2016-05-05,0.2,0.72,1.2,1.76,2.6,2.86,1.87,,,,15.91,44.39,66.53
2016-05-06,0.19,0.74,1.23,1.79,2.62,2.87,1.88,,,,14.72,44.6,66.52
2016-05-09,0.24,0.72,1.2,1.77,2.61,2.89,1.89,,,,14.57,42.43,66.7
2016-05-10,0.24,0.72,1.2,1.77,2.61,2.89,1.88,,,,13.63,44.01,66.58
2016-05-11,0.26,0.74,1.2,1.73,2.58,2.9,1.88,,,,14.69,46.08,66.53
2016-05-12,0.27,0.76,1.24,1.75,2.6,2.91,1.89,,,,14.41,46.43,66.7
2016-05-13,0.29,0.76,1.22,1.71,2.55,2.9,1.86,,,,15.04,47.05,66.84
2016-05-16,0.28,0.79,1.26,1.75,2.59,2.9,1.87,,,,14.68,48.49,66.78
2016-05-17,0.28,0.82,1.29,1.76,2.59,2.89,1.85,,,,15.57,48.71,66.74
2016-05-18,0.3,0.9,1.41,1.87,2.67,2.87,1.84,,,,15.95,48.93,66.95
2016-05-19,0.31,0.89,1.38,1.85,2.64,2.85,1.81,,,,16.33,47.01,67.57
2016-05-20,0.33,0.89,1.38,1.85,2.63,2.86,1.82,,,,15.2,48.54,67.42
2016-05-23,0.35,0.91,1.38,1.84,2.63,2.86,1.84,,,,15.82,47.77,67.47
2016-05-24,0.35,0.92,1.41,1.86,2.65,2.85,1.82,,,,14.42,48.42,67.59
2016-05-25,0.33,0.92,1.4,1.87,2.67,2.87,1.82,,,,13.9,48.87,67.28
2016-05-26,0.31,0.87,1.35,1.83,2.64,2.86,1.8,,,,13.43,49.52,66.9
2016-05-27,0.32,0.9,1.39,1.85,2.65,2.85,1.8,,,,13.12,49.09,66.96
2016-05-30,,,,,,,,,,,,,
2016-05-31,0.34,0.87,1.37,1.84,2.64,2.84,1.79,,,,14.19,49.26,67.12
2016-06-01,0.3,0.91,1.39,1.85,2.63,2.82,1.78,,,,14.2,48.81,67.44
2016-06-02,0.29,0.89,1.36,1.81,2.58,2.83,1.78,,,,13.63,49.05,67.22
2016-06-03,0.3,0.78,1.23,1.71,2.52,2.86,1.8,,,,13.47,48.5,66.99
2016-06-06,0.28,0.8,1.25,1.73,2.55,2.86,1.81,,,,13.65,48.94,66.81
2016-06-07,0.28,0.78,1.23,1.72,2.54,2.86,1.81,,,,14.05,49.76,66.64
2016-06-08,0.24,0.78,1.23,1.71,2.51,2.85,1.81,,,,14.08,50.73,66.51
2016-06-09,0.26,0.77,1.22,1.68,2.48,2.85,1.81,,,,14.64,50.59,66.68
2016-06-10,0.26,0.73,1.17,1.64,2.44,2.86,1.84,,,,17.03,49.7,66.84
2016-06-13,0.27,0.73,1.14,1.62,2.43,2.86,1.85,,,,20.97,49.36,67.17
2016-06-14,0.27,0.74,1.15,1.62,2.43,2.88,1.83,,,,20.5,47.88,67.34
2016-06-15,0.26,0.69,1.1,1.6,2.43,2.9,1.83,,,,20.14,47.47,67.08
2016-06-16,0.27,0.7,1.1,1.57,2.39,2.9,1.86,,,,19.37,45.66,67.43
2016-06-17,0.27,0.7,1.13,1.62,2.43,2.89,1.85,,,,19.41,46.57,67.11
2016-06-20,0.28,0.74,1.17,1.67,2.47,2.87,1.83,,,,18.37,48.68,67.54
2016-06-21,0.27,0.76,1.22,1.71,2.5,2.86,1.86,,,,18.48,48.18,67.73
2016-06-22,0.27,0.75,1.2,1.69,2.5,2.86,1.87,,,,21.17,48.43,67.49
2016-06-23,0.31,0.78,1.25,1.74,2.55,2.86,1.88,,,,17.25,48.63,67.29
2016-06-24,0.27,0.64,1.08,1.57,2.42,2.98,1.98,,,,25.76,46.69,67.82
2016-06-27,0.27,0.61,1.0,1.46,2.28,2.96,1.96,,,,23.85,45.07,67.92
2016-06-28,0.26,0.61,1.0,1.46,2.27,2.95,1.96,,,,18.75,46.29,67.86
2016-06-29,0.26,0.62,1.03,1.5,2.3,2.9,1.87,,,,16.64,48.4,67.42
2016-06-30,0.26,0.58,1.01,1.49,2.3,2.92,1.9,,,,15.63,48.05,67.51
2016-07-01,0.28,0.59,1.0,1.46,2.24,2.86,1.88,,,,14.77,47.65,67.24
2016-07-04,,,,,,,,,,,,48.02,
2016-07-05,0.28,0.56,0.94,1.37,2.14,2.83,1.85,,,,15.58,45.64,67.4
2016-07-06,0.27,0.58,0.95,1.38,2.14,2.83,1.85,,,,14.96,45.7,67.45
2016-07-07,0.29,0.58,0.97,1.4,2.14,2.79,1.82,,,,14.76,45.93,67.49
2016-07-08,0.28,0.61,0.95,1.37,2.11,2.78,1.81,,,,13.2,44.53,67.13
2016-07-11,0.31,0.66,1.03,1.43,2.14,2.75,1.79,,,,13.54,44.04,67.11
2016-07-12,0.29,0.69,1.1,1.53,2.24,2.7,1.77,,,,13.55,46.72,67.05
2016-07-13,0.31,0.68,1.07,1.48,2.18,2.69,1.76,,,,13.04,44.67,66.99
2016-07-14,0.32,0.68,1.1,1.53,2.25,2.7,1.75,,,,12.82,46.01,66.81
2016-07-15,0.32,0.71,1.15,1.6,2.3,2.66,1.73,,,,12.67,46.25,67.07
2016-07-18,0.32,0.68,1.14,1.59,2.3,2.67,1.75,,,,12.44,45.35,67.14
2016-07-19,0.31,0.7,1.12,1.56,2.27,2.67,1.75,,,,11.97,45.7,67.14
2016-07-20,0.32,0.73,1.15,1.59,2.3,2.66,1.75,,,,11.77,45.82,67.18
2016-07-21,0.32,0.7,1.11,1.57,2.29,2.68,1.78,,,,12.74,44.99,67.15
2016-07-22,0.33,0.71,1.13,1.57,2.29,2.66,1.77,,,,12.02,44.24,67.19
2016-07-25,0.32,0.72,1.15,1.58,2.29,2.65,1.72,,,,12.87,43.76,67.41
2016-07-26,0.31,0.75,1.15,1.57,2.28,2.65,1.74,,,,13.05,43.56,67.34
2016-07-27,0.31,0.73,1.1,1.52,2.23,2.67,1.77,,,,12.83,42.78,67.14
2016-07-28,0.25,0.72,1.09,1.52,2.23,2.68,1.78,,,,12.72,41.87,66.96
2016-07-29,0.28,0.67,1.03,1.46,2.18,2.71,1.79,,,,11.87,40.76,66.77
2016-08-01,0.29,0.67,1.06,1.51,2.24,2.73,1.81,,,,12.44,40.17,66.63
2016-08-02,0.29,0.67,1.07,1.55,2.29,2.75,1.82,,,,13.37,40.0,66.65
2016-08-03,0.28,0.67,1.07,1.55,2.29,2.76,1.91,,,,12.86,40.45,66.8
2016-08-04,0.26,0.64,1.03,1.51,2.25,2.76,1.91,,,,12.42,41.33,66.76
2016-08-05,0.28,0.72,1.13,1.59,2.32,2.73,1.83,,,,11.39,42.47,66.84
2016-08-08,0.31,0.74,1.15,1.59,2.3,2.71,1.82,,,,11.5,43.24,66.82
2016-08-09,0.29,0.71,1.11,1.55,2.25,2.7,1.82,,,,11.66,43.37,66.76
2016-08-10,0.28,0.69,1.07,1.5,2.23,2.71,1.8,,,,12.05,42.19,66.72
2016-08-11,0.28,0.76,1.16,1.57,2.28,2.7,1.76,,,,11.68,44.23,66.75
2016-08-12,0.29,0.71,1.1,1.51,2.23,2.71,1.77,,,,11.55,45.12,66.82
2016-08-15,0.31,0.72,1.14,1.55,2.27,2.7,1.78,,,,11.81,47.31,66.85
2016-08-16,0.27,0.76,1.16,1.57,2.29,2.7,1.77,,,,12.64,48.27,66.83
2016-08-17,0.3,0.74,1.15,1.56,2.27,2.69,1.75,,,,12.19,48.58,66.96
2016-08-18,0.3,0.71,1.12,1.53,2.26,2.7,1.75,,,,11.43,49.46,66.83
2016-08-19,0.3,0.76,1.17,1.58,2.29,2.67,1.72,,,,11.34,49.39,67.13
2016-08-22,0.29,0.76,1.15,1.55,2.24,2.65,1.7,,,,12.27,48.1,67.18
2016-08-23,0.3,0.74,1.15,1.55,2.24,2.64,1.7,,,,12.38,48.7,67.09
2016-08-24,0.31,0.76,1.13,1.56,2.24,2.64,1.69,,,,13.45,47.56,67.14
2016-08-25,0.33,0.78,1.16,1.58,2.27,2.63,1.69,,,,13.63,49.25,67.01
2016-08-26,0.34,0.84,1.23,1.62,2.29,2.63,1.68,,,,13.65,49.66,66.98
2016-08-29,0.33,0.81,1.18,1.57,2.22,2.59,1.65,,,,12.94,49.66,67.15
2016-08-30,0.33,0.8,1.18,1.57,2.23,2.62,1.67,,,,13.12,47.94,67.14
2016-08-31,0.33,0.8,1.19,1.58,2.23,2.61,1.66,,,,13.42,47.94,66.94
2016-09-01,0.33,0.78,1.18,1.57,2.23,2.62,1.67,,,,13.48,45.05,66.85
2016-09-02,0.33,0.8,1.2,1.6,2.28,2.63,1.68,,,,11.98,45.96,66.6
2016-09-05,,,,,,,,,,,,46.72,
2016-09-06,0.32,0.74,1.13,1.55,2.24,2.64,1.7,,,,12.02,46.21,66.28
2016-09-07,0.34,0.74,1.12,1.54,2.23,2.65,1.74,,,,11.94,47.0,66.42
2016-09-08,0.35,0.78,1.19,1.61,2.32,2.67,1.75,,,,12.51,49.23,66.52
2016-09-09,0.35,0.79,1.23,1.67,2.39,2.67,1.76,,,,17.5,48.37,66.76
2016-09-12,0.37,0.79,1.21,1.68,2.4,2.68,1.75,,,,15.16,47.82,66.79
2016-09-13,0.36,0.8,1.26,1.73,2.47,2.7,1.78,,,,17.85,46.48,67.03
2016-09-14,0.33,0.77,1.21,1.7,2.44,2.7,1.8,,,,18.14,45.65,66.78
2016-09-15,0.29,0.74,1.2,1.71,2.48,2.72,1.81,,,,16.3,45.83,66.84
2016-09-16,0.3,0.77,1.21,1.7,2.44,2.71,1.81,,,,15.37,45.26,67.1
2016-09-19,0.3,0.79,1.22,1.7,2.45,2.7,1.8,,,,15.53,46.04,66.94
2016-09-20,0.3,0.79,1.2,1.69,2.43,2.7,1.81,,,,15.92,45.24,66.97
2016-09-21,0.22,0.79,1.2,1.66,2.39,2.7,1.81,,,,13.3,45.99,66.99
2016-09-22,0.18,0.79,1.18,1.63,2.34,2.69,1.81,,,,12.02,47.21,66.6
2016-09-23,0.18,0.77,1.16,1.62,2.34,2.68,1.82,,,,12.29,46.71,66.66
2016-09-26,0.25,0.76,1.13,1.59,2.32,2.7,1.84,,,,14.5,46.61,66.56
2016-09-27,0.26,0.75,1.12,1.56,2.28,2.69,1.83,,,,13.1,44.95,66.5
2016-09-28,0.27,0.75,1.13,1.57,2.29,2.69,1.82,,,,12.39,45.49,66.5
2016-09-29,0.26,0.73,1.12,1.56,2.28,2.67,1.81,,,,14.02,48.43,66.72
2016-09-30,0.29,0.77,1.14,1.6,2.32,2.69,1.84,,,,13.29,48.24,66.58
2016-10-03,0.32,0.8,1.18,1.63,2.34,2.66,1.8,,,,13.57,48.61,66.52
2016-10-04,0.33,0.82,1.22,1.69,2.4,2.66,1.8,,,,13.63,48.81,66.49
2016-10-05,0.32,0.85,1.26,1.72,2.44,2.64,1.79,,,,12.99,49.57,66.53
2016-10-06,0.33,0.86,1.28,1.75,2.46,2.61,1.78,,,,12.84,50.14,66.7
2016-10-07,0.33,0.83,1.26,1.73,2.46,2.63,1.77,,,,13.48,50.49,66.61
2016-10-10,,,,,,,,,,,13.38,51.54,
2016-10-11,0.35,0.87,1.3,1.77,2.5,2.6,1.75,,,,15.36,50.48,66.81
2016-10-12,0.37,0.87,1.31,1.79,2.51,2.6,1.72,,,,15.91,49.53,66.85
2016-10-13,0.3,0.85,1.27,1.75,2.48,2.59,1.73,,,,16.69,49.29,66.84
2016-10-14,0.32,0.84,1.28,1.8,2.55,2.63,1.76,,,,16.12,48.87,66.69
2016-10-17,0.34,0.81,1.26,1.77,2.52,2.62,1.75,,,,16.21,49.31,66.8
2016-10-18,0.34,0.82,1.24,1.75,2.51,2.62,1.73,,,,15.28,49.81,66.71
2016-10-19,0.35,0.81,1.24,1.76,2.51,2.62,1.71,,,,14.41,51.85,66.64
2016-10-20,0.35,0.84,1.26,1.76,2.5,2.59,1.7,,,,13.75,50.42,66.83
2016-10-21,0.34,0.84,1.25,1.74,2.48,2.6,1.71,,,,13.34,50.28,66.94
2016-10-24,0.33,0.84,1.27,1.77,2.52,2.59,1.71,,,,13.02,49.8,66.89
2016-10-25,0.34,0.86,1.29,1.77,2.5,2.58,1.7,,,,13.46,49.08,66.8
2016-10-26,0.33,0.86,1.3,1.79,2.53,2.6,1.73,,,,14.24,48.98,66.83
2016-10-27,0.3,0.87,1.33,1.85,2.6,2.59,1.74,,,,15.36,49.13,66.85
2016-10-28,0.3,0.86,1.33,1.86,2.62,2.6,1.78,,,,16.19,47.78,66.78
2016-10-31,0.34,0.86,1.31,1.84,2.58,2.61,1.77,,,,17.06,46.2,66.72
2016-11-01,0.35,0.83,1.3,1.83,2.58,2.61,1.77,,,,18.56,45.77,66.7
2016-11-02,0.37,0.81,1.26,1.81,2.56,2.63,1.8,,,,19.32,44.26,66.66
2016-11-03,0.38,0.81,1.26,1.82,2.6,2.67,1.83,,,,22.08,43.84,66.68
2016-11-04,0.38,0.8,1.24,1.79,2.56,2.67,1.83,,,,22.51,43.06,66.75
2016-11-07,0.41,0.82,1.29,1.83,2.6,2.66,1.84,,,,18.71,42.83,66.73
2016-11-08,0.43,0.87,1.34,1.88,2.63,2.62,1.82,,,,18.74,43.47,66.39
2016-11-09,0.45,0.9,1.49,2.07,2.88,2.66,1.78,,,,14.38,43.88,66.48
2016-11-10,0.48,0.92,1.56,2.15,2.94,2.6,1.72,,,,14.74,43.67,66.86
2016-11-11,,,,,,,,,,,14.17,41.61,
2016-11-14,0.55,1.0,1.66,2.23,2.99,2.6,1.74,,,,14.48,41.83,67.78
2016-11-15,0.51,1.02,1.68,2.23,2.97,2.59,1.68,,,,13.37,44.15,67.8
2016-11-16,0.47,1.0,1.68,2.22,2.92,2.55,1.64,,,,13.72,45.07,68.07
2016-11-17,0.44,1.04,1.73,2.29,3.01,2.54,1.67,,,,13.35,44.57,67.93
2016-11-18,0.44,1.07,1.8,2.34,3.01,2.52,1.65,,,,12.85,44.41,68.12
2016-11-21,0.46,1.08,1.79,2.33,3.0,2.52,1.67,,,,12.42,45.96,68.23
2016-11-22,0.49,1.07,1.77,2.31,3.0,2.53,1.7,,,,12.41,46.1,68.4
2016-11-23,0.51,1.12,1.83,2.36,3.02,2.49,1.66,,,,12.43,46.54,68.86
2016-11-24,,,,,,,,,,,,47.54,
2016-11-25,0.49,1.12,1.83,2.36,3.01,2.48,1.66,,,,12.34,46.32,68.59
2016-11-28,0.48,1.11,1.8,2.32,2.99,2.47,1.66,,,,13.15,46.64,68.56
2016-11-29,0.48,1.09,1.78,2.3,2.95,2.46,1.65,,,,12.9,44.68,68.64
2016-11-30,0.48,1.11,1.83,2.37,3.02,2.45,1.64,,,,13.33,47.95,68.56
2016-12-01,0.48,1.14,1.9,2.45,3.1,2.42,1.63,,,,14.07,52.28,68.29
2016-12-02,0.49,1.11,1.84,2.4,3.08,2.42,1.63,,,,14.12,52.35,68.04
2016-12-05,0.49,1.13,1.84,2.39,3.05,2.42,1.63,,,,12.14,53.3,68.06
2016-12-06,0.49,1.12,1.84,2.39,3.08,2.44,1.65,,,,11.79,52.31,67.72
2016-12-07,0.52,1.1,1.8,2.34,3.02,2.44,1.66,,,,12.22,51.9,67.5
2016-12-08,0.51,1.12,1.83,2.4,3.1,2.43,1.65,,,,12.64,51.6,67.42
2016-12-09,0.54,1.15,1.89,2.47,3.16,2.43,1.65,,,,11.75,52.19,67.51
2016-12-12,0.51,1.15,1.9,2.49,3.16,2.41,1.62,,,,12.64,53.99,67.38
2016-12-13,0.54,1.17,1.92,2.48,3.14,2.39,1.61,,,,12.72,53.28,67.47
2016-12-14,0.55,1.27,2.02,2.54,3.14,2.32,1.54,,,,13.19,53.15,67.43
2016-12-15,0.51,1.29,2.1,2.6,3.16,2.24,1.47,,,,12.79,51.72,67.91
2016-12-16,0.51,1.28,2.07,2.6,3.19,2.28,1.51,,,,12.2,54.15,67.82
2016-12-19,0.52,1.24,2.03,2.54,3.12,2.28,1.51,,,,11.71,53.53,67.83
2016-12-20,0.52,1.25,2.06,2.57,3.15,2.28,1.52,,,,11.45,54.56,67.97
2016-12-21,0.52,1.21,2.04,2.55,3.12,2.26,1.5,,,,11.27,53.01,67.82
2016-12-22,0.51,1.22,2.04,2.55,3.12,2.27,1.51,,,,11.43,54.04,67.86
2016-12-23,0.52,1.22,2.04,2.55,3.12,2.25,1.49,,,,11.44,53.93,67.84
2016-12-26,,,,,,,,,,,,,
2016-12-27,0.51,1.28,2.07,2.57,3.14,2.25,1.5,,,,11.99,,68.01
2016-12-28,0.53,1.26,2.02,2.51,3.09,2.26,1.5,,,,12.95,54.95,68.2
2016-12-29,0.47,1.22,1.96,2.49,3.08,2.27,1.52,,,,13.37,54.97,67.91
2016-12-30,0.51,1.2,1.93,2.45,3.06,2.28,1.53,,,,14.04,54.96,67.92
2017-01-02,,,,,,,,,,,,,
2017-01-03,0.53,1.22,1.94,2.45,3.04,2.27,1.49,,,,12.85,55.05,68.37
2017-01-04,0.53,1.24,1.94,2.46,3.05,2.25,1.47,,,,11.85,54.57,67.9
2017-01-05,0.52,1.17,1.86,2.37,2.96,2.25,1.48,,,,11.67,54.99,67.74
2017-01-06,0.53,1.22,1.92,2.42,3.0,2.24,1.49,,,,11.32,55.9,68.12
2017-01-09,0.5,1.21,1.89,2.38,2.97,2.24,1.5,,,,11.56,54.39,68.08
2017-01-10,0.52,1.19,1.89,2.38,2.97,2.24,1.49,,,,11.49,53.2,68.25
2017-01-11,0.52,1.2,1.89,2.38,2.96,2.22,1.46,,,,11.26,53.61,68.39
2017-01-12,0.52,1.18,1.87,2.36,3.01,2.25,1.5,,,,11.54,54.51,67.99
2017-01-13,0.53,1.21,1.9,2.4,2.99,2.23,1.5,,,,11.23,54.37,68.16
2017-01-16,,,,,,,,,,,,54.3,
2017-01-17,0.55,1.17,1.84,2.33,2.93,2.26,1.51,,,,11.87,54.68,67.9
2017-01-18,0.53,1.23,1.93,2.42,3.0,2.22,1.49,,,,12.48,53.77,68.12
2017-01-19,0.52,1.25,1.97,2.47,3.04,2.21,1.48,,,,12.78,53.18,68.1
2017-01-20,0.5,1.2,1.95,2.48,3.05,2.21,1.49,,,,11.54,55.04,
2017-01-23,0.51,1.16,1.88,2.41,2.99,2.21,1.5,,,,11.77,54.8,68.11
2017-01-24,0.51,1.21,1.94,2.47,3.05,2.22,1.49,,,,11.07,54.7,68.12
2017-01-25,0.5,1.23,1.99,2.53,3.1,2.21,1.49,,,,10.81,54.34,68.04
2017-01-26,0.51,1.21,1.95,2.51,3.08,2.2,1.49,,,,10.63,55.89,68.17
2017-01-27,0.52,1.22,1.94,2.49,3.06,2.19,1.46,,,,10.58,54.8,68.06
2017-01-30,0.51,1.22,1.94,2.49,3.08,2.21,1.46,,,,11.88,54.77,67.8
2017-01-31,0.52,1.19,1.9,2.45,3.05,2.23,1.54,,,,11.99,55.25,67.48
2017-02-01,0.51,1.22,1.93,2.48,3.08,2.23,1.53,,,,11.81,55.79,67.4
2017-02-02,0.52,1.21,1.92,2.48,3.09,2.23,1.52,,,,11.93,55.94,67.2
2017-02-03,0.51,1.21,1.93,2.49,3.11,2.24,1.55,,,,10.97,55.92,67.18
2017-02-06,0.53,1.16,1.86,2.42,3.05,2.25,1.55,,,,11.37,55.02,67.2
2017-02-07,0.53,1.16,1.85,2.4,3.02,2.24,1.56,,,,11.29,53.79,67.35
2017-02-08,0.54,1.15,1.81,2.34,2.96,2.25,1.57,,,,11.45,54.42,67.04
2017-02-09,0.54,1.2,1.88,2.4,3.02,2.24,1.54,,,,10.88,53.98,66.71
2017-02-10,0.55,1.2,1.89,2.41,3.01,2.23,1.56,,,,10.85,55.2,66.8
2017-02-13,0.52,1.2,1.92,2.43,3.03,2.23,1.55,,,,11.07,54.15,66.99
2017-02-14,0.54,1.25,1.98,2.47,3.07,2.21,1.53,,,,10.74,54.96,66.88
2017-02-15,0.54,1.27,2.01,2.51,3.09,2.19,1.5,,,,11.97,54.57,66.85
2017-02-16,0.53,1.22,1.95,2.45,3.05,2.2,1.53,,,,11.76,54.16,67.12
2017-02-17,0.53,1.21,1.92,2.42,3.03,2.21,1.53,,,,11.49,54.48,67.09
2017-02-20,,,,,,,,,,,,55.25,
2017-02-21,0.53,1.22,1.93,2.43,3.04,2.2,1.52,,,,11.57,56.34,67.0
2017-02-22,0.52,1.22,1.92,2.42,3.04,2.21,1.52,,,,11.74,54.9,66.95
2017-02-23,0.51,1.18,1.87,2.38,3.02,2.23,1.53,,,,11.71,55.82,66.68
2017-02-24,0.52,1.12,1.8,2.31,2.95,2.23,1.54,,,,11.47,54.69,66.68
2017-02-27,0.5,1.2,1.87,2.36,2.98,2.21,1.51,,,,12.09,54.65,66.69
2017-02-28,0.53,1.22,1.89,2.36,2.97,2.19,1.48,,,,12.92,53.36,66.67
2017-03-01,0.63,1.29,1.99,2.46,3.06,2.18,1.49,,,,12.54,55.72,66.83
2017-03-02,0.67,1.32,2.03,2.49,3.09,2.16,1.46,,,,11.81,54.16,66.75
2017-03-03,0.71,1.32,2.02,2.49,3.08,2.16,1.46,,,,10.96,54.12,66.76
2017-03-06,0.74,1.31,2.02,2.49,3.1,2.17,1.49,,,,11.24,54.73,66.64
2017-03-07,0.76,1.32,2.05,2.52,3.11,2.15,1.48,,,,11.45,54.61,66.62
2017-03-08,0.73,1.36,2.08,2.57,3.15,2.15,1.5,,,,11.86,53.3,66.76
2017-03-09,0.73,1.37,2.13,2.6,3.19,2.17,1.51,,,,12.3,50.65,66.64
2017-03-10,0.75,1.36,2.11,2.58,3.16,2.18,1.53,,,,11.66,50.63,66.6
2017-03-13,0.79,1.4,2.14,2.62,3.2,2.17,1.51,,,,11.35,50.1,66.15
2017-03-14,0.78,1.4,2.13,2.6,3.17,2.18,1.53,,,,12.3,49.6,65.76
2017-03-15,0.73,1.33,2.02,2.51,3.11,2.2,1.56,,,,11.63,50.63,65.62
2017-03-16,0.73,1.35,2.05,2.53,3.14,2.21,1.55,,,,11.21,50.56,65.4
2017-03-17,0.73,1.33,2.03,2.5,3.11,2.22,1.56,,,,11.28,50.58,65.38
2017-03-20,0.76,1.3,2.0,2.47,3.08,2.23,1.56,,,,11.34,50.67,65.3
2017-03-21,0.77,1.27,1.96,2.43,3.04,2.23,1.56,,,,12.47,50.14,65.31
2017-03-22,0.77,1.27,1.95,2.4,3.02,2.23,1.56,,,,12.81,49.56,65.45
2017-03-23,0.76,1.26,1.95,2.41,3.02,2.24,1.56,,,,13.12,50.17,65.41
2017-03-24,0.78,1.26,1.93,2.4,3.0,2.22,1.54,,,,12.96,49.97,65.4
2017-03-27,0.78,1.27,1.93,2.38,2.98,2.23,1.54,,,,12.5,50.12,65.05
2017-03-28,0.78,1.3,1.97,2.42,3.02,2.22,1.53,,,,11.53,50.72,65.02
2017-03-29,0.78,1.26,1.93,2.39,2.99,2.23,1.53,,,,11.42,51.36,64.87
2017-03-30,0.78,1.28,1.96,2.42,3.03,2.23,1.52,,,,11.54,52.25,64.85
2017-03-31,0.76,1.27,1.93,2.4,3.02,2.24,1.54,,,,12.37,52.2,64.85
2017-04-03,0.79,1.24,1.88,2.35,2.98,2.26,1.56,,,,12.38,52.04,65.03
2017-04-04,0.79,1.25,1.88,2.36,2.99,2.26,1.57,,,,11.79,53.08,65.1
2017-04-05,0.8,1.24,1.85,2.34,2.98,2.29,1.6,,,,12.89,53.41,64.87
2017-04-06,0.79,1.24,1.87,2.34,2.99,2.27,1.58,,,,12.39,53.62,64.58
2017-04-07,0.82,1.29,1.92,2.38,3.0,2.24,1.55,,,,12.87,54.24,64.26
2017-04-10,0.82,1.29,1.91,2.37,2.99,2.24,1.54,,,,14.05,54.79,64.55
2017-04-11,0.82,1.24,1.84,2.32,2.93,2.24,1.53,,,,15.07,54.73,64.55
2017-04-12,0.81,1.24,1.81,2.28,2.92,2.28,1.57,,,,15.77,54.75,64.68
2017-04-13,0.81,1.21,1.77,2.24,2.89,2.28,1.59,,,,15.96,55.05,64.42
2017-04-14,,,,,,,,,,,,,64.42
2017-04-17,0.83,1.21,1.79,2.26,2.92,2.29,1.6,,,,14.66,54.79,64.53
2017-04-18,0.82,1.18,1.71,2.18,2.84,2.29,1.59,,,,14.42,52.6,64.56
2017-04-19,0.81,1.19,1.74,2.21,2.87,2.29,1.59,,,,14.93,52.43,64.62
2017-04-20,0.79,1.21,1.78,2.24,2.89,2.28,1.58,,,,14.15,50.66,64.61
2017-04-21,0.79,1.2,1.77,2.24,2.89,2.29,1.59,,,,14.63,49.93,64.65
2017-04-24,0.81,1.25,1.81,2.28,2.93,2.28,1.57,,,,10.84,49.45,64.48
2017-04-25,0.82,1.29,1.87,2.35,2.99,2.26,1.54,,,,10.76,49.37,64.32
2017-04-26,0.83,1.28,1.84,2.32,2.97,2.27,1.56,,,,10.85,49.99,64.08
2017-04-27,0.81,1.25,1.81,2.3,2.96,2.28,1.57,,,,10.36,49.46,64.14
2017-04-28,0.8,1.28,1.81,2.29,2.96,2.28,1.56,,,,10.82,49.46,64.27
2017-05-01,0.83,1.28,1.84,2.33,3.0,2.29,1.59,,,,10.11,50.41,64.25
2017-05-02,0.82,1.27,1.81,2.29,2.97,2.3,1.59,,,,10.59,49.31,64.16
2017-05-03,0.85,1.3,1.86,2.33,2.97,2.23,1.52,,,,10.68,48.82,64.17
2017-05-04,0.86,1.32,1.88,2.36,3.0,2.25,1.53,,,,10.46,47.53,64.22
2017-05-05,0.9,1.32,1.89,2.36,2.99,2.24,1.54,,,,10.57,47.45,64.31
2017-05-08,0.91,1.33,1.91,2.39,3.02,2.23,1.53,,,,9.77,46.61,64.32
2017-05-09,0.91,1.37,1.94,2.42,3.04,2.22,1.52,,,,9.96,47.06,64.66
2017-05-10,0.9,1.35,1.94,2.41,3.03,2.22,1.53,,,,10.21,48.09,64.53
2017-05-11,0.89,1.35,1.93,2.39,3.03,2.24,1.53,,,,10.6,49.18,64.43
2017-05-12,0.88,1.29,1.85,2.33,2.98,2.25,1.53,,,,10.4,49.08,64.24
2017-05-15,0.9,1.31,1.86,2.34,3.0,2.25,1.53,,,,10.42,51.29,64.04
2017-05-16,0.9,1.29,1.86,2.33,2.99,2.24,1.52,,,,10.65,51.21,64.03
2017-05-17,0.9,1.26,1.76,2.22,2.91,2.26,1.55,,,,15.59,51.76,64.11
2017-05-18,0.93,1.27,1.78,2.23,2.9,2.26,1.55,,,,14.66,51.71,64.87
2017-05-19,0.92,1.28,1.79,2.23,2.9,2.26,1.57,,,,12.04,52.78,64.56
2017-05-22,0.93,1.29,1.8,2.25,2.91,2.24,1.56,,,,10.93,53.35,64.53
2017-05-23,0.92,1.31,1.84,2.29,2.95,2.22,1.55,,,,10.72,53.19,64.85
2017-05-24,0.93,1.29,1.79,2.26,2.92,2.25,1.57,,,,10.02,53.29,64.74
2017-05-25,0.94,1.3,1.78,2.25,2.92,2.24,1.57,,,,9.99,52.25,64.55
2017-05-26,0.94,1.3,1.79,2.25,2.92,2.24,1.56,,,,9.81,50.84,64.5
2017-05-29,,,,,,,,,,,,52.25,
2017-05-30,0.93,1.28,1.76,2.21,2.88,2.25,1.57,,,,10.38,50.65,64.66
2017-05-31,0.98,1.28,1.75,2.21,2.87,2.23,1.54,,,,10.41,49.4,64.5
2017-06-01,0.98,1.28,1.76,2.21,2.87,2.24,1.55,,,,9.89,50.41,64.39
2017-06-02,0.98,1.28,1.71,2.15,2.8,2.24,1.55,,,,9.75,48.46,64.41
2017-06-05,0.96,1.32,1.74,2.18,2.84,2.24,1.54,,,,10.07,48.25,64.34
2017-06-06,0.97,1.3,1.71,2.14,2.81,2.25,1.55,,,,10.45,48.11,64.42
2017-06-07,1.0,1.32,1.74,2.18,2.84,2.23,1.55,,,,10.39,47.08,64.39
2017-06-08,1.01,1.33,1.75,2.19,2.85,2.23,1.55,,,,10.16,46.3,64.24
2017-06-09,1.01,1.35,1.77,2.21,2.86,2.21,1.53,,,,10.7,46.64,64.24
2017-06-12,0.98,1.35,1.78,2.21,2.86,2.22,1.55,,,,11.46,47.18,64.48
2017-06-13,1.0,1.38,1.79,2.21,2.87,2.21,1.55,,,,10.42,46.95,64.33
2017-06-14,1.01,1.35,1.74,2.15,2.79,2.19,1.51,,,,10.64,45.47,64.23
2017-06-15,1.02,1.35,1.76,2.16,2.78,2.18,1.51,,,,10.9,45.61,64.58
2017-06-16,1.03,1.32,1.75,2.16,2.78,2.19,1.51,,,,10.38,45.7,64.5
2017-06-19,1.02,1.36,1.8,2.19,2.79,2.17,1.48,,,,10.37,45.93,64.45
2017-06-20,1.01,1.36,1.77,2.16,2.74,2.16,1.45,,,,10.86,43.98,64.54
2017-06-21,0.99,1.36,1.78,2.16,2.73,2.15,1.44,,,,10.75,44.62,64.52
2017-06-22,0.96,1.34,1.76,2.15,2.72,2.16,1.45,,,,10.48,44.46,64.6
2017-06-23,0.97,1.34,1.77,2.15,2.71,2.15,1.45,,,,10.02,44.14,64.47
2017-06-26,0.99,1.36,1.77,2.14,2.7,2.15,1.44,,,,9.9,44.09,64.43
2017-06-27,1.0,1.38,1.83,2.21,2.75,2.12,1.41,,,,11.06,46.17,64.47
2017-06-28,1.02,1.34,1.81,2.22,2.77,2.14,1.44,,,,10.03,46.45,64.55
2017-06-29,1.04,1.38,1.85,2.27,2.82,2.11,1.41,,,,11.44,47.02,64.66
2017-06-30,1.03,1.38,1.89,2.31,2.84,2.09,1.4,,,,11.18,47.08,64.62
2017-07-03,1.06,1.41,1.93,2.35,2.86,2.07,1.37,,,,11.22,49.13,64.84
2017-07-04,,,,,,,,,,,,49.15,
2017-07-05,1.05,1.41,1.92,2.33,2.85,2.08,1.39,,,,11.07,47.58,64.8
2017-07-06,1.04,1.4,1.94,2.37,2.9,2.07,1.38,,,,12.54,48.53,64.72
2017-07-07,1.05,1.4,1.95,2.39,2.93,2.08,1.4,,,,11.19,46.47,64.62
2017-07-10,1.04,1.4,1.93,2.38,2.93,2.08,1.4,,,,11.11,46.57,64.45
2017-07-11,1.05,1.37,1.92,2.37,2.92,2.08,1.37,,,,10.89,46.68,64.54
2017-07-12,1.05,1.35,1.88,2.33,2.89,2.09,1.39,,,,10.3,46.73,64.53
2017-07-13,1.05,1.37,1.89,2.35,2.92,2.09,1.4,,,,9.9,47.65,64.46
2017-07-14,1.04,1.35,1.87,2.33,2.91,2.09,1.38,,,,9.51,47.89,64.38
2017-07-17,1.07,1.36,1.86,2.31,2.89,2.09,1.38,,,,9.82,47.66,64.34
2017-07-18,1.07,1.36,1.82,2.27,2.85,2.08,1.38,,,,9.89,47.92,64.32
2017-07-19,1.11,1.37,1.83,2.27,2.85,2.07,1.38,,,,9.79,48.34,64.24
2017-07-20,1.15,1.37,1.82,2.27,2.83,2.05,1.36,,,,9.58,48.54,64.37
2017-07-21,1.16,1.36,1.81,2.24,2.81,2.05,1.37,,,,9.36,47.47,64.38
2017-07-24,1.17,1.37,1.83,2.26,2.83,2.06,1.35,,,,9.43,47.81,64.39
2017-07-25,1.18,1.4,1.9,2.33,2.91,2.05,1.36,,,,9.43,49.19,64.38
2017-07-26,1.13,1.36,1.83,2.29,2.89,2.07,1.39,,,,9.6,50.08,64.32
2017-07-27,1.11,1.36,1.84,2.32,2.93,2.07,1.39,,,,10.11,50.67,64.11
2017-07-28,1.08,1.34,1.83,2.3,2.89,2.05,1.38,,,,10.29,52.0,64.11
2017-07-31,1.07,1.34,1.84,2.3,2.89,2.06,1.38,,,,10.26,51.99,64.18
2017-08-01,1.08,1.34,1.8,2.26,2.86,2.06,1.38,,,,10.09,50.77,64.06
2017-08-02,1.08,1.36,1.82,2.27,2.85,2.05,1.36,,,,10.28,52.09,63.64
2017-08-03,1.08,1.34,1.79,2.24,2.81,2.05,1.36,,,,10.44,52.88,63.67
2017-08-04,1.08,1.36,1.82,2.27,2.84,2.05,1.38,,,,10.03,52.48,63.64
2017-08-07,1.02,1.36,1.81,2.26,2.84,2.06,1.39,,,,9.93,51.42,63.83
2017-08-08,1.06,1.36,1.84,2.29,2.86,2.07,1.39,,,,10.96,52.18,63.69
2017-08-09,1.06,1.33,1.81,2.24,2.82,2.09,1.39,,,,11.11,52.16,63.86
2017-08-10,1.05,1.33,1.78,2.2,2.79,2.11,1.42,,,,16.04,52.59,64.05
2017-08-11,1.03,1.3,1.74,2.19,2.79,2.12,1.44,,,,15.51,51.47,64.14
2017-08-14,1.02,1.33,1.77,2.22,2.81,2.11,1.43,,,,12.33,51.29,64.08
2017-08-15,1.04,1.35,1.83,2.27,2.84,2.09,1.41,,,,12.04,49.9,64.12
2017-08-16,1.02,1.33,1.79,2.23,2.81,2.09,1.41,,,,11.74,50.39,64.16
2017-08-17,1.0,1.32,1.76,2.19,2.78,2.11,1.45,,,,15.55,50.37,64.15
2017-08-18,1.02,1.33,1.77,2.19,2.78,2.12,1.45,,,,14.26,50.96,64.1
2017-08-21,1.0,1.32,1.76,2.18,2.77,2.12,1.44,,,,13.19,51.94,64.1
2017-08-22,1.0,1.33,1.8,2.22,2.79,2.1,1.44,,,,11.35,52.29,64.07
2017-08-23,1.0,1.32,1.76,2.17,2.75,2.12,1.45,,,,12.25,52.31,64.04
2017-08-24,1.02,1.33,1.78,2.19,2.77,2.12,1.45,,,,12.23,51.73,64.04
2017-08-25,1.03,1.35,1.77,2.17,2.75,2.12,1.45,,,,11.28,51.87,64.0
2017-08-28,0.98,1.33,1.74,2.16,2.76,2.13,1.46,,,,11.32,51.87,63.9
2017-08-29,1.03,1.33,1.7,2.13,2.74,2.15,1.49,,,,11.7,51.64,64.02
2017-08-30,1.03,1.33,1.72,2.15,2.75,2.14,1.47,,,,11.22,51.91,63.98
2017-08-31,1.01,1.33,1.7,2.12,2.73,2.14,1.47,,,,10.59,52.69,63.93
2017-09-01,1.02,1.35,1.73,2.16,2.77,2.15,1.48,,,,10.13,53.15,64.02
2017-09-04,,,,,,,,,,,,52.6,
2017-09-05,1.03,1.3,1.65,2.07,2.69,2.16,1.5,,,,12.23,53.63,64.12
2017-09-06,1.07,1.3,1.69,2.1,2.72,2.17,1.51,,,,11.63,54.48,64.06
2017-09-07,1.05,1.27,1.63,2.05,2.66,2.17,1.55,,,,11.55,54.16,64.01
2017-09-08,1.04,1.27,1.64,2.06,2.67,2.17,1.54,,,,12.12,54.55,63.78
2017-09-11,1.05,1.32,1.71,2.14,2.75,2.15,1.51,,,,10.73,54.2,63.93
2017-09-12,1.03,1.33,1.75,2.17,2.78,2.16,1.49,,,,10.58,55.06,64.03
2017-09-13,1.04,1.35,1.78,2.2,2.79,2.13,1.47,,,,10.5,55.52,64.0
2017-09-14,1.05,1.37,1.79,2.2,2.77,2.11,1.45,,,,10.44,56.76,64.12
2017-09-15,1.05,1.39,1.81,2.2,2.77,2.1,1.43,,,,10.17,56.18,64.1
2017-09-18,1.05,1.4,1.83,2.23,2.8,2.1,1.44,,,,10.15,55.5,64.15
2017-09-19,1.04,1.4,1.84,2.24,2.81,2.09,1.43,,,,10.18,56.58,64.3
2017-09-20,1.04,1.45,1.89,2.28,2.82,2.06,1.39,,,,9.78,57.2,64.29
2017-09-21,1.04,1.45,1.89,2.27,2.8,2.05,1.35,,,,9.67,57.73,64.8
2017-09-22,1.03,1.46,1.88,2.26,2.8,2.05,1.36,,,,9.59,58.16,64.79
2017-09-25,1.05,1.44,1.85,2.22,2.76,2.06,1.36,,,,10.21,59.42,65.12
2017-09-26,1.06,1.45,1.87,2.24,2.78,2.04,1.34,,,,10.17,59.77,65.46
2017-09-27,1.07,1.47,1.91,2.31,2.86,2.06,1.33,,,,9.87,58.74,65.71
2017-09-28,1.06,1.45,1.89,2.31,2.87,2.05,1.33,,,,9.55,58.8,65.46
2017-09-29,1.06,1.47,1.92,2.33,2.86,2.0,1.29,,,,9.51,57.02,65.3
2017-10-02,1.01,1.49,1.94,2.34,2.87,1.99,1.27,,,,9.45,55.67,65.28
2017-10-03,1.07,1.47,1.92,2.33,2.87,2.0,1.28,,,,9.51,56.12,65.48
2017-10-04,1.08,1.47,1.92,2.33,2.87,2.01,1.26,,,,9.63,56.0,65.02
2017-10-05,1.07,1.49,1.94,2.35,2.89,2.0,1.26,,,,9.19,57.09,65.14
2017-10-06,1.07,1.54,1.97,2.37,2.91,1.98,1.26,,,,9.65,55.5,65.39
2017-10-09,,,,,,,,,,,10.33,55.29,
2017-10-10,1.08,1.51,1.95,2.35,2.88,1.97,1.26,,,,10.08,56.62,65.24
2017-10-11,1.1,1.51,1.95,2.35,2.88,1.97,1.25,,,,9.85,56.13,65.15
2017-10-12,1.09,1.51,1.95,2.33,2.86,1.97,1.25,,,,9.91,56.13,65.05
2017-10-13,1.09,1.51,1.91,2.28,2.81,1.97,1.26,,,,9.61,56.86,64.7
2017-10-16,1.1,1.54,1.95,2.3,2.82,1.97,1.26,,,,9.91,57.49,64.7
2017-10-17,1.09,1.54,1.97,2.3,2.8,1.95,1.24,,,,10.31,57.63,65.02
2017-10-18,1.09,1.59,1.99,2.34,2.85,1.95,1.24,,,,10.07,58.05,65.06
2017-10-19,1.1,1.58,1.98,2.33,2.83,1.94,1.22,,,,10.05,57.82,64.99
2017-10-20,1.11,1.6,2.03,2.39,2.89,1.94,1.21,,,,9.97,57.89,65.03
2017-10-23,1.09,1.58,2.01,2.38,2.89,1.94,1.22,,,,11.07,57.69,65.02
2017-10-24,1.12,1.6,2.05,2.42,2.92,1.92,1.21,,,,11.16,57.84,65.1
2017-10-25,1.12,1.61,2.06,2.44,2.95,1.93,1.2,,,,11.23,58.45,64.92
2017-10-26,1.11,1.63,2.07,2.46,2.96,1.91,1.19,,,,11.3,58.75,64.84
2017-10-27,1.1,1.59,2.03,2.42,2.93,1.93,1.21,,,,9.8,60.15,65.04
2017-10-30,1.12,1.58,2.0,2.37,2.88,1.92,1.21,,,,10.5,60.65,64.83
2017-10-31,1.15,1.6,2.01,2.38,2.88,1.91,1.2,,,,10.18,61.35,64.75
2017-11-01,1.18,1.61,2.01,2.37,2.85,1.92,1.19,,,,10.2,60.98,64.56
2017-11-02,1.17,1.61,2.0,2.35,2.83,1.91,1.18,,,,9.93,60.79,64.57
2017-11-03,1.18,1.63,1.99,2.34,2.82,1.91,1.19,,,,9.14,61.42,64.56
2017-11-06,1.19,1.61,1.99,2.32,2.8,1.92,1.19,,,,9.4,64.27,64.62
2017-11-07,1.22,1.63,1.99,2.32,2.77,1.9,1.18,,,,9.89,64.36,65.03
2017-11-08,1.23,1.65,2.01,2.32,2.79,1.92,1.25,,,,9.78,63.96,64.94
2017-11-09,1.24,1.63,2.01,2.33,2.81,1.93,1.27,,,,10.5,64.49,64.96
2017-11-10,1.23,1.67,2.06,2.4,2.88,,,,,,11.29,64.35,
2017-11-13,1.24,1.7,2.08,2.4,2.87,1.93,1.29,,,,11.5,62.94,65.46
2017-11-14,1.26,1.68,2.06,2.38,2.84,1.93,1.28,,,,11.59,60.91,65.41
2017-11-15,1.25,1.68,2.04,2.33,2.77,1.95,1.27,,,,13.13,61.25,65.26
2017-11-16,1.27,1.72,2.07,2.37,2.81,1.92,1.25,,,,11.76,61.18,65.32
2017-11-17,1.29,1.73,2.06,2.35,2.78,1.93,1.26,,,,11.43,61.34,65.01
2017-11-20,1.3,1.77,2.09,2.37,2.78,1.91,1.23,,,,10.65,61.34,65.1
2017-11-21,1.3,1.77,2.11,2.36,2.76,1.88,1.2,,,,9.73,62.28,64.91
2017-11-22,1.29,1.74,2.05,2.32,2.75,1.91,1.2,,,,9.88,62.92,64.87
2017-11-23,,,,,,,,,,,,63.27,
2017-11-24,1.29,1.75,2.07,2.34,2.76,1.9,1.19,,,,9.67,63.58,64.67
2017-11-27,1.27,1.74,2.06,2.32,2.76,1.93,1.21,,,,9.87,63.25,64.47
2017-11-28,1.3,1.75,2.07,2.34,2.77,1.91,1.21,,,,10.03,63.56,64.4
2017-11-29,1.29,1.78,2.09,2.37,2.81,1.92,1.23,,,,10.7,63.74,64.29
2017-11-30,1.27,1.78,2.14,2.42,2.83,1.88,1.19,,,,11.28,63.53,64.46
2017-12-01,1.27,1.78,2.13,2.37,2.76,1.87,1.15,,,,11.43,64.57,64.5
2017-12-04,1.29,1.8,2.15,2.37,2.77,1.87,1.15,,,,11.68,63.45,64.36
2017-12-05,1.3,1.83,2.15,2.36,2.73,1.84,1.12,,,,11.33,63.45,64.38
2017-12-06,1.3,1.78,2.11,2.33,2.71,1.86,1.15,,,,11.02,62.25,64.53
2017-12-07,1.29,1.8,2.14,2.37,2.76,1.88,1.16,,,,10.16,62.37,64.57
2017-12-08,1.28,1.8,2.14,2.38,2.77,1.87,1.16,,,,9.58,63.86,64.43
2017-12-11,1.33,1.82,2.16,2.39,2.77,1.85,1.13,,,,9.34,65.62,64.35
2017-12-12,1.34,1.83,2.18,2.4,2.79,1.84,1.12,,,,9.92,64.96,64.39
2017-12-13,1.3,1.79,2.12,2.36,2.74,1.83,1.12,,,,10.18,63.66,64.45
2017-12-14,1.32,1.82,2.14,2.35,2.71,1.82,1.11,,,,10.49,63.72,64.36
2017-12-15,1.31,1.84,2.16,2.35,2.68,1.8,1.08,,,,9.42,63.81,64.04
2017-12-18,1.38,1.84,2.17,2.39,2.74,1.81,1.09,,,,9.53,64.45,64.23
2017-12-19,1.37,1.87,2.23,2.46,2.82,1.81,1.1,,,,10.03,63.69,64.02
2017-12-20,1.38,1.87,2.24,2.49,2.88,1.82,1.11,,,,9.72,64.43,64.11
2017-12-21,1.35,1.89,2.26,2.48,2.84,1.79,1.07,,,,9.62,64.64,64.02
2017-12-22,1.33,1.91,2.26,2.48,2.83,1.79,1.07,,,,9.9,64.61,64.02
2017-12-25,,,,,,,,,,,,,
2017-12-26,1.47,1.92,2.25,2.47,2.82,1.78,1.06,,,,10.25,,64.08
2017-12-27,1.44,1.89,2.22,2.42,2.75,1.76,1.05,,,,10.47,66.03,64.15
2017-12-28,1.39,1.91,2.23,2.43,2.75,1.76,1.05,,,,10.18,66.8,64.07
2017-12-29,1.39,1.89,2.2,2.4,2.74,1.77,1.05,,,,11.04,66.73,63.83
2018-01-01,,,,,,,,,,,,,
2018-01-02,1.44,1.92,2.25,2.46,2.81,1.78,1.06,,,,9.77,66.65,63.46
2018-01-03,1.41,1.94,2.25,2.44,2.78,1.77,1.06,,,,9.15,67.85,63.5
2018-01-04,1.41,1.96,2.27,2.46,2.79,1.75,1.01,,,,9.22,68.73,63.4
2018-01-05,1.39,1.96,2.29,2.47,2.81,1.76,1.03,,,,9.22,68.01,63.38
2018-01-08,1.45,1.96,2.29,2.49,2.81,1.74,1.01,,,,9.52,68.48,63.48
2018-01-09,1.44,1.98,2.33,2.55,2.88,1.74,1.02,,,,10.08,69.08,63.66
2018-01-10,1.42,1.98,2.32,2.55,2.88,1.73,1.03,,,,9.82,69.79,63.58
2018-01-11,1.43,1.98,2.32,2.54,2.91,1.69,0.99,,,,9.88,70.36,63.65
2018-01-12,1.43,1.99,2.35,2.55,2.85,1.68,0.95,,,,10.16,69.64,63.61
2018-01-15,,,,,,,,,,,,70.31,
2018-01-16,1.45,2.03,2.36,2.54,2.83,1.66,0.95,,,,11.66,69.4,64.01
2018-01-17,1.44,2.05,2.39,2.57,2.84,1.66,0.93,,,,11.91,69.19,63.88
2018-01-18,1.45,2.05,2.43,2.62,2.9,1.64,0.92,,,,12.22,69.48,63.87
2018-01-19,1.44,2.06,2.45,2.64,2.91,1.64,0.94,,,,11.27,68.56,63.84
2018-01-22,1.44,2.08,2.46,2.66,2.93,1.64,0.94,,,,11.03,69.32,63.88
2018-01-23,1.44,2.06,2.43,2.63,2.9,1.64,0.94,,,,11.1,69.81,63.76
2018-01-24,1.43,2.08,2.43,2.65,2.93,1.65,0.96,,,,11.47,69.91,63.69
2018-01-25,1.42,2.08,2.41,2.63,2.89,1.61,0.92,,,,11.58,71.08,63.52
2018-01-26,1.41,2.13,2.47,2.66,2.91,1.6,0.92,,,,11.08,70.08,63.58
2018-01-29,1.44,2.11,2.49,2.7,2.94,1.59,0.89,,,,13.84,68.41,63.57
2018-01-30,1.44,2.13,2.51,2.73,2.98,1.59,0.9,,,,14.79,67.78,63.65
2018-01-31,1.46,2.14,2.52,2.72,2.95,1.56,0.87,,,,13.54,67.78,63.58
2018-02-01,1.48,2.16,2.56,2.78,3.01,1.56,0.84,,,,13.47,68.6,63.97
2018-02-02,1.48,2.15,2.58,2.84,3.08,1.58,0.89,,,,17.31,67.45,64.11
2018-02-05,1.51,2.08,2.5,2.77,3.04,1.63,0.93,,,,37.32,67.69,64.06
2018-02-06,1.52,2.1,2.52,2.79,3.06,1.61,0.91,,,,29.98,66.75,64.23
2018-02-07,1.55,2.15,2.57,2.84,3.12,1.62,0.92,,,,27.73,65.74,64.23
2018-02-08,1.55,2.13,2.57,2.85,3.14,1.63,0.94,,,,33.46,64.26,64.27
2018-02-09,1.55,2.05,2.52,2.83,3.14,1.67,0.99,,,,29.06,63.04,64.37
2018-02-12,1.62,2.09,2.56,2.86,3.14,1.64,0.97,,,,25.61,62.2,64.29
2018-02-13,1.59,2.1,2.54,2.83,3.11,1.69,1.01,,,,24.97,61.94,64.27
2018-02-14,1.58,2.17,2.65,2.91,3.18,1.66,0.97,,,,19.26,62.29,64.1
2018-02-15,1.58,2.19,2.65,2.9,3.15,1.63,0.97,,,,19.13,62.86,63.93
2018-02-16,1.62,2.21,2.63,2.87,3.13,1.66,1.0,,,,19.46,64.3,64.21
2018-02-19,,,,,,,,,,,,64.95,
2018-02-20,1.66,2.25,2.65,2.88,3.15,1.67,1.01,,,,20.6,64.68,64.83
2018-02-21,1.64,2.26,2.69,2.94,3.22,1.67,1.01,,,,20.02,64.81,64.76
2018-02-22,1.63,2.25,2.66,2.92,3.21,1.68,0.98,,,,18.72,66.12,65.01
2018-02-23,1.64,2.25,2.62,2.88,3.16,1.68,1.01,,,,16.49,67.04,64.71
2018-02-26,1.66,2.22,2.6,2.86,3.15,1.7,1.02,,,,15.8,67.96,64.78
2018-02-27,1.66,2.27,2.67,2.9,3.17,1.69,1.0,,,,18.59,67.59,64.84
2018-02-28,1.65,2.25,2.65,2.87,3.13,1.68,0.97,,,,19.85,66.08,65.2
2018-03-01,1.63,2.22,2.58,2.81,3.09,1.72,1.01,,,,22.47,64.23,65.2
2018-03-02,1.65,2.25,2.63,2.86,3.14,1.72,1.04,,,,19.59,64.26,65.24
2018-03-05,1.7,2.24,2.65,2.88,3.16,1.72,1.03,,,,18.73,65.78,65.06
2018-03-06,1.68,2.25,2.65,2.88,3.14,1.75,1.0,,,,18.36,65.67,64.9
2018-03-07,1.68,2.25,2.65,2.89,3.15,1.77,1.01,,,,17.76,65.09,64.86
2018-03-08,1.67,2.25,2.63,2.86,3.13,1.78,1.02,,,,16.54,63.87,65.15
2018-03-09,1.67,2.27,2.65,2.9,3.16,1.77,1.0,,,,14.64,65.19,65.12
2018-03-12,1.71,2.27,2.64,2.87,3.13,1.79,1.0,,,,15.78,64.53,65.0
2018-03-13,1.73,2.26,2.62,2.84,3.1,1.8,1.02,,,,16.35,64.2,64.85
2018-03-14,1.76,2.26,2.61,2.81,3.05,1.8,1.04,,,,17.23,63.61,64.84
2018-03-15,1.77,2.29,2.62,2.82,3.05,1.81,1.04,,,,16.59,63.67,64.94
2018-03-16,1.78,2.31,2.65,2.85,3.08,1.79,1.02,,,,15.8,64.68,64.97
2018-03-19,1.8,2.31,2.65,2.85,3.09,1.8,1.0,,,,19.02,64.82,65.21
2018-03-20,1.81,2.34,2.69,2.89,3.12,1.79,0.98,,,,18.2,66.0,65.19
2018-03-21,1.74,2.31,2.69,2.89,3.12,1.82,1.02,,,,17.86,68.15,65.2
2018-03-22,1.72,2.29,2.63,2.83,3.06,1.84,1.03,,,,23.34,68.98,65.1
2018-03-23,1.74,2.28,2.61,2.82,3.06,1.87,1.06,,,,24.87,69.03,64.98
2018-03-26,1.79,2.33,2.64,2.85,3.08,1.84,1.04,,,,21.03,68.81,64.83
2018-03-27,1.77,2.26,2.58,2.78,3.03,1.86,1.05,,,,22.5,68.63,64.98
2018-03-28,1.73,2.28,2.59,2.77,3.01,1.86,1.05,,,,22.87,68.13,65.15
2018-03-29,1.73,2.27,2.56,2.74,2.97,1.85,1.03,,,,19.97,69.02,65.12
2018-03-30,,,,,,,,,,,,,65.11
2018-04-02,1.77,2.25,2.55,2.73,2.97,1.86,1.05,,,,23.62,,65.11
2018-04-03,1.75,2.28,2.6,2.79,3.02,1.84,1.02,,,,21.1,69.02,65.0
2018-04-04,1.71,2.28,2.61,2.79,3.03,1.85,1.02,,,,20.06,66.04,65.08
2018-04-05,1.72,2.3,2.64,2.83,3.07,1.84,1.0,,,,18.94,66.54,64.92
2018-04-06,1.73,2.27,2.58,2.77,3.01,1.84,1.01,,,,21.49,66.51,64.95
2018-04-09,1.76,2.29,2.6,2.78,3.02,1.83,0.98,,,,21.77,68.19,64.95
2018-04-10,1.74,2.32,2.62,2.8,3.02,1.8,0.97,,,,20.47,70.67,64.95
2018-04-11,1.73,2.32,2.62,2.79,2.99,1.8,0.96,,,,20.24,72.74,65.26
2018-04-12,1.75,2.34,2.67,2.83,3.05,1.79,0.96,,,,18.49,71.44,65.28
2018-04-13,1.76,2.37,2.67,2.82,3.03,1.79,0.97,,,,17.41,73.18,65.27
2018-04-16,1.79,2.39,2.69,2.83,3.03,1.77,0.96,,,,16.56,72.05,65.46
2018-04-17,1.8,2.41,2.68,2.82,3.0,1.76,0.94,,,,15.25,71.71,65.66
2018-04-18,1.81,2.42,2.73,2.87,3.06,1.76,0.94,,,,15.6,73.73,65.62
2018-04-19,1.82,2.44,2.77,2.92,3.11,1.77,0.97,,,,15.96,74.85,65.79
2018-04-20,1.81,2.46,2.8,2.96,3.14,1.78,0.94,,,,16.88,74.62,66.15
2018-04-23,1.87,2.49,2.83,2.98,3.15,1.76,0.96,,,,16.34,74.54,66.42
2018-04-24,1.87,2.48,2.83,3.0,3.18,1.77,0.94,,,,18.02,75.86,66.36
2018-04-25,1.85,2.49,2.84,3.03,3.21,1.8,0.96,,,,17.84,73.79,66.92
2018-04-26,1.82,2.49,2.82,3.0,3.18,1.8,0.99,,,,16.24,75.39,66.8
2018-04-27,1.82,2.49,2.8,2.96,3.13,1.8,0.98,,,,15.41,75.33,66.68
2018-04-30,1.87,2.49,2.79,2.95,3.11,1.79,1.0,,,,15.93,75.92,66.5
2018-05-01,1.85,2.5,2.82,2.97,3.13,1.82,1.02,,,,15.49,74.85,66.52
2018-05-02,1.84,2.49,2.8,2.97,3.14,1.83,1.02,,,,15.97,73.14,66.71
2018-05-03,1.84,2.49,2.78,2.94,3.12,1.86,1.06,,,,15.9,73.45,66.68
2018-05-04,1.84,2.51,2.78,2.95,3.12,1.86,1.06,,,,14.77,74.75,66.83
2018-05-07,1.86,2.49,2.78,2.95,3.12,1.87,1.06,,,,14.75,,67.13
2018-05-08,1.87,2.51,2.81,2.97,3.13,1.87,1.05,,,,14.71,74.16,67.12
2018-05-09,1.88,2.54,2.84,3.0,3.16,1.86,1.04,,,,13.42,77.6,67.25
2018-05-10,1.9,2.54,2.83,2.97,3.12,1.84,1.02,,,,13.23,77.59,67.24
2018-05-11,1.92,2.54,2.84,2.97,3.1,1.82,1.01,,,,12.65,77.37,67.28
2018-05-14,1.93,2.55,2.85,3.0,3.13,1.81,0.99,,,,12.93,78.17,67.55
2018-05-15,1.92,2.58,2.92,3.08,3.2,1.81,0.99,,,,14.63,78.94,68.07
2018-05-16,1.92,2.58,2.94,3.09,3.21,1.8,0.97,,,,13.42,78.19,67.77
2018-05-17,1.92,2.57,2.94,3.11,3.25,1.82,0.97,,,,13.43,80.09,67.76
2018-05-18,1.91,2.55,2.9,3.06,3.2,1.83,0.98,,,,13.42,78.38,68.04
2018-05-21,1.93,2.58,2.9,3.06,3.2,1.83,0.99,,,,13.08,78.34,68.11
2018-05-22,1.93,2.59,2.9,3.06,3.21,1.83,0.99,,,,13.22,80.42,68.04
2018-05-23,1.92,2.53,2.83,3.01,3.17,1.84,1.01,,,,12.58,78.69,68.38
2018-05-24,1.91,2.5,2.82,2.98,3.13,1.84,1.0,,,,12.53,78.9,68.32
2018-05-25,1.9,2.48,2.76,2.93,3.09,1.85,1.0,,,,13.22,76.6,67.78
2018-05-28,,,,,,,,,,,,,
2018-05-29,1.93,2.32,2.58,2.77,2.96,1.96,1.08,,,,17.02,74.51,67.78
2018-05-30,1.94,2.42,2.67,2.84,3.01,1.91,1.05,,,,14.94,75.89,67.46
2018-05-31,1.93,2.4,2.68,2.83,3.0,1.89,1.02,,,,15.43,76.45,67.4
2018-06-01,1.92,2.47,2.74,2.89,3.04,1.9,1.03,,,,13.46,74.54,66.99
2018-06-04,1.94,2.52,2.78,2.94,3.08,1.88,1.02,,,,12.74,73.41,67.05
2018-06-05,1.94,2.49,2.76,2.92,3.07,1.9,1.03,,,,12.4,72.91,67.12
2018-06-06,1.95,2.52,2.81,2.97,3.13,1.91,1.03,,,,11.64,73.23,66.87
2018-06-07,1.94,2.5,2.77,2.93,3.08,1.89,1.02,,,,12.13,75.23,67.2
2018-06-08,1.93,2.5,2.77,2.93,3.08,1.9,1.03,,,,12.18,75.11,67.56
2018-06-11,1.94,2.52,2.8,2.96,3.1,1.89,1.0,,,,12.35,74.58,67.46
2018-06-12,1.92,2.54,2.81,2.96,3.09,1.88,1.01,,,,12.34,74.86,67.48
2018-06-13,1.94,2.59,2.85,2.98,3.1,1.87,1.0,,,,12.94,75.07,67.6
2018-06-14,1.94,2.59,2.81,2.94,3.05,1.88,0.98,,,,12.12,74.77,67.62
2018-06-15,1.94,2.55,2.81,2.93,3.05,1.87,0.98,,,,11.98,72.02,68.06
2018-06-18,1.94,2.56,2.8,2.92,3.05,1.9,1.02,,,,12.31,74.87,68.1
2018-06-19,1.94,2.54,2.77,2.89,3.02,1.91,1.04,,,,13.35,74.92,68.3
2018-06-20,1.94,2.56,2.8,2.93,3.06,1.92,1.06,,,,12.79,74.25,68.06
2018-06-21,1.94,2.56,2.77,2.9,3.04,1.95,1.08,,,,14.64,72.87,67.94
2018-06-22,1.93,2.56,2.77,2.9,3.04,1.97,1.09,,,,13.77,73.67,67.88
2018-06-25,1.93,2.54,2.75,2.87,3.02,1.99,1.11,,,,17.33,72.82,68.09
2018-06-26,1.93,2.53,2.75,2.88,3.03,1.99,1.1,,,,15.92,73.58,68.31
2018-06-27,1.93,2.52,2.71,2.83,2.97,1.98,1.1,,,,17.91,76.09,68.63
2018-06-28,1.93,2.52,2.73,2.84,2.97,2.0,1.09,,,,16.85,76.26,68.81
2018-06-29,1.93,2.52,2.73,2.85,2.98,1.99,1.08,,,,16.09,77.44,68.46
2018-07-02,1.98,2.57,2.75,2.87,2.99,1.97,1.06,,,,15.6,76.71,68.78
2018-07-03,1.98,2.53,2.72,2.83,2.96,1.99,1.07,,,,16.14,75.87,68.58
2018-07-04,,,,,,,,,,,,76.99,
2018-07-05,1.96,2.55,2.74,2.84,2.95,1.95,1.05,,,,14.97,77.09,68.89
2018-07-06,1.97,2.53,2.71,2.82,2.94,1.96,1.06,,,,13.37,74.98,68.8
2018-07-09,1.98,2.57,2.75,2.86,2.96,1.93,0.99,,,,12.69,77.08,68.66
2018-07-10,1.99,2.59,2.77,2.87,2.97,1.91,0.98,,,,12.64,77.8,68.76
2018-07-11,1.97,2.58,2.74,2.85,2.95,1.91,0.97,,,,13.63,75.35,68.7
2018-07-12,1.98,2.6,2.75,2.85,2.95,1.9,0.96,,,,12.58,72.11,68.52
2018-07-13,1.98,2.59,2.73,2.83,2.94,1.9,0.97,,,,12.18,74.11,68.44
2018-07-16,2.01,2.59,2.75,2.85,2.96,1.91,0.97,,,,12.83,71.03,68.6
2018-07-17,2.02,2.62,2.76,2.86,2.97,1.9,0.98,,,,12.06,70.87,68.42
2018-07-18,2.0,2.6,2.77,2.88,2.99,1.89,0.97,,,,12.1,70.52,68.62
2018-07-19,2.0,2.6,2.74,2.84,2.96,1.9,0.99,,,,12.87,71.94,69.01
2018-07-20,1.99,2.6,2.77,2.89,3.03,1.91,1.01,,,,12.86,71.99,68.74
2018-07-23,1.99,2.64,2.83,2.96,3.1,1.91,1.0,,,,12.62,73.45,68.84
2018-07-24,2.02,2.63,2.83,2.95,3.08,1.88,0.96,,,,12.41,73.53,68.94
2018-07-25,2.01,2.66,2.82,2.94,3.06,1.87,0.96,,,,12.29,73.67,68.72
2018-07-26,1.99,2.69,2.86,2.98,3.1,1.85,0.94,,,,12.14,74.51,68.66
2018-07-27,2.0,2.67,2.84,2.96,3.09,1.84,0.94,,,,13.03,74.84,68.6
2018-07-30,2.04,2.66,2.85,2.98,3.11,1.84,0.93,,,,14.26,74.99,68.6
2018-07-31,2.03,2.67,2.85,2.96,3.08,1.83,0.93,,,,12.83,74.16,68.54
2018-08-01,2.03,2.67,2.87,3.0,3.13,1.83,0.94,,,,13.15,72.28,68.37
2018-08-02,2.02,2.66,2.85,2.98,3.12,1.84,0.93,,,,12.19,72.95,68.63
2018-08-03,2.01,2.63,2.82,2.95,3.09,1.84,0.94,,,,11.64,72.48,68.54
2018-08-06,2.05,2.64,2.8,2.94,3.08,1.82,0.93,,,,11.27,72.51,68.82
2018-08-07,2.06,2.68,2.84,2.98,3.12,1.82,0.92,,,,10.93,72.31,68.62
2018-08-08,2.06,2.68,2.83,2.96,3.12,1.84,0.98,,,,10.85,70.71,68.65
2018-08-09,2.06,2.64,2.8,2.93,3.08,1.85,0.99,,,,11.27,70.55,68.74
2018-08-10,2.05,2.61,2.75,2.87,3.03,1.87,0.99,,,,13.16,71.0,68.88
2018-08-13,2.06,2.61,2.75,2.88,3.05,1.91,1.04,,,,14.78,70.62,70.02
2018-08-14,2.08,2.63,2.77,2.89,3.06,1.9,1.03,,,,13.31,70.77,69.95
2018-08-15,2.07,2.61,2.73,2.86,3.03,1.9,1.02,,,,14.64,68.38,69.92
2018-08-16,2.07,2.63,2.75,2.87,3.03,1.89,1.02,,,,13.45,69.21,70.19
2018-08-17,2.05,2.61,2.75,2.87,3.03,1.89,1.0,,,,12.64,70.14,70.09
2018-08-20,2.06,2.6,2.7,2.82,2.99,1.89,1.01,,,,12.49,71.11,69.84
2018-08-21,2.08,2.61,2.73,2.85,3.0,1.88,1.0,,,,12.86,71.65,69.85
2018-08-22,2.09,2.6,2.7,2.82,2.99,1.91,1.02,,,,12.25,72.96,69.85
2018-08-23,2.08,2.61,2.72,2.82,2.97,1.9,1.02,,,,12.41,73.73,70.09
2018-08-24,2.09,2.63,2.72,2.82,2.97,1.9,1.01,,,,11.99,74.41,69.96
2018-08-27,2.12,2.67,2.74,2.85,3.0,1.89,1.01,,,,12.16,74.41,70.16
2018-08-28,2.13,2.67,2.77,2.88,3.03,1.9,1.02,,,,12.5,75.91,70.09
2018-08-29,2.13,2.67,2.78,2.89,3.02,1.88,0.99,,,,12.25,76.07,70.53
2018-08-30,2.11,2.64,2.75,2.86,3.0,1.9,1.04,,,,13.53,77.05,70.74
2018-08-31,2.11,2.62,2.74,2.86,3.02,1.92,1.05,,,,12.86,76.94,71.0
2018-09-03,,,,,,,,,,,,77.81,
2018-09-04,2.13,2.66,2.78,2.9,3.07,1.94,1.08,,,,13.16,77.51,71.58
2018-09-05,2.14,2.66,2.77,2.9,3.08,1.95,1.07,,,,13.91,76.68,71.75
2018-09-06,2.13,2.64,2.76,2.88,3.06,1.93,1.06,,,,14.65,75.67,71.94
2018-09-07,2.14,2.71,2.82,2.94,3.11,1.93,1.05,,,,14.88,75.55,71.78
2018-09-10,2.14,2.73,2.83,2.94,3.09,1.92,1.01,,,,14.16,76.77,72.45
2018-09-11,2.15,2.76,2.87,2.98,3.13,1.9,0.99,,,,13.22,78.22,72.69
2018-09-12,2.16,2.74,2.87,2.97,3.11,1.89,0.97,,,,13.14,80.02,72.15
2018-09-13,2.15,2.76,2.87,2.97,3.11,1.87,0.95,,,,12.37,77.66,72.02
2018-09-14,2.16,2.78,2.9,2.99,3.13,1.88,0.95,,,,12.07,77.87,71.87
2018-09-17,2.16,2.78,2.89,2.99,3.13,1.88,0.95,,,,13.68,78.22,72.51
2018-09-18,2.17,2.81,2.94,3.05,3.2,1.88,0.97,,,,12.79,79.25,72.98
2018-09-19,2.16,2.81,2.96,3.08,3.23,1.88,0.96,,,,11.75,79.43,72.35
2018-09-20,2.17,2.81,2.96,3.07,3.21,1.85,0.92,,,,11.8,79.03,72.01
2018-09-21,2.18,2.81,2.95,3.07,3.2,1.83,0.92,,,,11.68,78.9,72.18
2018-09-24,2.22,2.83,2.96,3.08,3.21,1.84,0.92,,,,12.2,80.89,72.66
2018-09-25,2.21,2.83,2.99,3.1,3.23,1.83,0.92,,,,12.42,82.21,72.68
2018-09-26,2.2,2.83,2.96,3.06,3.19,1.84,0.93,,,,12.89,81.87,72.59
2018-09-27,2.18,2.83,2.96,3.06,3.19,1.83,0.92,,,,12.41,81.54,72.55
2018-09-28,2.19,2.81,2.94,3.05,3.19,1.84,0.94,,,,12.12,82.72,72.54
2018-10-01,2.23,2.82,2.96,3.09,3.24,1.83,0.93,,,,12.0,84.94,72.92
2018-10-02,2.23,2.82,2.94,3.05,3.2,1.84,0.93,,,,12.05,85.63,72.91
2018-10-03,2.23,2.85,3.02,3.15,3.3,1.83,0.91,,,,11.61,85.45,73.34
2018-10-04,2.22,2.87,3.05,3.19,3.35,1.84,0.92,,,,14.22,86.07,73.62
2018-10-05,2.23,2.88,3.07,3.23,3.4,1.85,0.94,,,,14.82,85.12,73.76
2018-10-08,,,,,,,,,,,15.69,84.22,
2018-10-09,2.25,2.88,3.05,3.21,3.37,1.84,0.93,,,,15.95,85.16,74.33
2018-10-10,2.27,2.88,3.05,3.22,3.39,1.86,0.94,,,,22.96,83.82,74.25
2018-10-11,2.27,2.85,3.0,3.14,3.32,1.88,0.95,,,,24.98,81.35,74.04
2018-10-12,2.28,2.85,3.0,3.15,3.32,1.88,0.97,,,,21.31,80.71,73.6
2018-10-15,2.31,2.85,3.01,3.16,3.34,1.89,0.98,,,,21.3,80.91,73.76
2018-10-16,2.3,2.87,3.02,3.16,3.32,1.88,0.93,,,,17.62,80.53,73.46
2018-10-17,2.31,2.89,3.04,3.19,3.35,1.88,0.94,,,,17.4,79.91,73.52
2018-10-18,2.32,2.87,3.03,3.17,3.36,1.92,0.99,,,,20.06,80.3,73.52
2018-10-19,2.31,2.92,3.05,3.2,3.38,1.92,0.98,,,,19.89,80.38,73.37
2018-10-22,2.34,2.92,3.05,3.2,3.38,1.92,0.99,,,,19.64,80.45,73.56
2018-10-23,2.33,2.89,3.01,3.17,3.37,1.96,1.02,,,,20.71,78.67,73.54
2018-10-24,2.34,2.84,2.94,3.1,3.33,1.99,1.06,,,,25.23,77.34,73.18
2018-10-25,2.34,2.86,2.98,3.14,3.35,1.98,1.06,,,,24.22,77.3,73.21
2018-10-26,2.33,2.81,2.91,3.08,3.32,2.02,1.1,,,,24.16,77.4,73.46
2018-10-29,2.34,2.81,2.91,3.08,3.33,2.02,1.1,,,,24.7,77.56,73.42
2018-10-30,2.33,2.84,2.94,3.12,3.36,2.03,1.11,,,,23.35,75.68,73.62
2018-10-31,2.34,2.87,2.98,3.15,3.39,2.03,1.12,,,,21.23,74.84,73.95
2018-11-01,2.32,2.84,2.96,3.14,3.38,2.04,1.14,,,,19.34,71.25,73.45
2018-11-02,2.33,2.91,3.04,3.22,3.46,2.02,1.05,,,,19.51,71.11,72.44
2018-11-05,2.36,2.91,3.03,3.2,3.43,2.02,1.05,,,,19.96,72.68,73.08
2018-11-06,2.35,2.93,3.05,3.22,3.43,1.98,1.02,,,,19.91,70.64,72.95
2018-11-07,2.37,2.96,3.07,3.22,3.43,1.96,1.01,,,,16.36,70.1,72.44
2018-11-08,2.35,2.98,3.09,3.24,3.43,1.96,0.96,,,,16.72,69.29,72.37
2018-11-09,2.36,2.94,3.05,3.19,3.4,1.98,0.97,,,,17.36,69.01,72.48
2018-11-12,,,,,,,,,,,20.45,69.81,
2018-11-13,2.38,2.89,2.99,3.14,3.36,2.04,1.07,,,,20.02,65.45,72.61
2018-11-14,2.38,2.86,2.95,3.12,3.35,2.09,1.09,,,,21.25,64.88,72.3
2018-11-15,2.37,2.86,2.94,3.11,3.36,2.13,1.14,,,,19.98,65.61,71.97
2018-11-16,2.36,2.81,2.9,3.08,3.33,2.13,1.13,,,,18.14,65.29,71.98
2018-11-19,2.38,2.79,2.87,3.06,3.32,2.16,1.15,,,,20.1,64.14,71.6
2018-11-20,2.39,2.79,2.88,3.06,3.31,2.17,1.16,,,,22.48,61.5,71.49
2018-11-21,2.41,2.81,2.89,3.06,3.31,2.17,1.13,,,,20.8,61.65,71.3
2018-11-22,,,,,,,,,,,,61.11,
2018-11-23,2.41,2.81,2.88,3.05,3.31,2.18,1.13,,,,21.52,57.69,70.65
2018-11-26,2.41,2.84,2.9,3.07,3.32,2.16,1.11,,,,18.9,59.7,70.81
2018-11-27,2.41,2.83,2.89,3.06,3.32,2.2,1.12,,,,19.02,59.58,70.8
2018-11-28,2.4,2.81,2.87,3.06,3.34,2.22,1.17,,,,18.49,57.97,70.63
2018-11-29,2.37,2.81,2.85,3.03,3.33,2.26,1.18,,,,18.79,58.29,69.79
2018-11-30,2.37,2.8,2.84,3.01,3.3,2.27,1.21,,,,18.07,57.71,69.62
2018-12-03,2.38,2.83,2.83,2.98,3.27,2.26,1.19,,,,16.44,60.17,70.4
2018-12-04,2.42,2.8,2.79,2.91,3.16,2.25,1.18,,,,20.74,61.22,70.52
2018-12-05,,,,,,,,,,,,61.4,
2018-12-06,2.41,2.75,2.75,2.87,3.14,2.29,1.21,,,,21.19,57.83,70.84
2018-12-07,2.4,2.72,2.7,2.85,3.14,2.31,1.21,,,,23.23,61.71,70.85
2018-12-10,2.41,2.72,2.71,2.85,3.13,2.31,1.23,,,,22.64,60.29,72.436
2018-12-11,2.41,2.78,2.75,2.89,3.13,2.26,1.14,,,,21.76,59.73,72.27
2018-12-12,2.43,2.77,2.77,2.91,3.15,2.24,1.1,,,,21.46,59.94,71.79
2018-12-13,2.43,2.75,2.75,2.91,3.16,2.25,1.1,,,,20.65,59.03,71.52
2018-12-14,2.42,2.73,2.73,2.89,3.14,2.25,1.13,,,,21.63,58.56,71.94
2018-12-17,2.4,2.7,2.69,2.86,3.11,2.25,1.13,,,,24.52,57.59,71.6
2018-12-18,2.39,2.65,2.65,2.82,3.07,2.26,1.13,,,,25.58,55.26,70.61
2018-12-19,2.4,2.63,2.62,2.77,3.0,2.27,1.12,,,,25.58,55.6,70.26
2018-12-20,2.39,2.67,2.65,2.79,3.02,2.28,1.16,,,,28.38,52.84,69.96
2018-12-21,2.39,2.63,2.64,2.79,3.03,2.31,1.18,,,,30.11,51.93,70.09
2018-12-24,2.45,2.55,2.58,2.74,3.0,2.35,1.22,,,,36.07,,
2018-12-25,,,,,,,,,,,,,
2018-12-26,2.44,2.61,2.67,2.81,3.06,2.33,1.2,,,,30.41,,70.07
2018-12-27,2.41,2.56,2.6,2.77,3.05,2.36,1.24,,,,29.96,51.49,70.34
2018-12-28,2.4,2.52,2.56,2.72,3.04,2.44,1.3,,,,28.34,50.57,69.92
2018-12-31,2.45,2.48,2.51,2.69,3.02,2.45,1.3,,,,25.42,,69.58
2019-01-01,,,,,,,,,,,,,
2019-01-02,2.42,2.5,2.49,2.66,2.97,2.45,1.29,,,,23.22,54.06,70.02
2019-01-03,2.41,2.39,2.37,2.56,2.92,2.48,1.35,,,,25.45,53.23,70.12
2019-01-04,2.42,2.5,2.49,2.67,2.98,2.45,1.31,,,,21.38,55.64,69.63
2019-01-07,2.45,2.53,2.53,2.7,2.99,2.42,1.26,,,,21.4,57.1,69.78
2019-01-08,2.46,2.58,2.58,2.73,3.0,2.39,1.24,,,,20.47,56.91,70.11
2019-01-09,2.45,2.56,2.57,2.74,3.03,2.39,1.22,,,,19.98,59.46,70.42
2019-01-10,2.43,2.56,2.56,2.74,3.06,2.42,1.24,,,,19.5,60.47,70.43
2019-01-11,2.43,2.55,2.52,2.71,3.04,2.42,1.25,,,,18.19,59.24,70.38
2019-01-14,2.45,2.53,2.53,2.71,3.06,2.46,1.29,,,,19.07,58.8,
2019-01-15,2.45,2.53,2.53,2.72,3.08,2.46,1.27,,,,18.6,58.65,71.0
2019-01-16,2.43,2.55,2.54,2.73,3.07,2.45,1.27,,,,19.04,59.81,70.97
2019-01-17,2.42,2.56,2.58,2.75,3.07,2.43,1.25,,,,18.06,59.85,71.09
2019-01-18,2.41,2.62,2.62,2.79,3.09,2.38,1.17,,,,17.8,62.04,71.21
2019-01-21,,,,,,,,,,,,62.18,
2019-01-22,2.43,2.58,2.57,2.74,3.06,2.38,1.18,,,,20.8,60.9,71.23
2019-01-23,2.41,2.58,2.59,2.76,3.07,2.37,1.13,,,,19.52,61.05,71.21
2019-01-24,2.37,2.56,2.55,2.72,3.04,2.37,1.14,,,,18.89,61.09,71.02
2019-01-25,2.39,2.6,2.59,2.76,3.06,2.34,1.1,,,,17.42,61.49,70.94
2019-01-28,2.42,2.6,2.58,2.75,3.06,2.36,1.12,,,,18.87,59.71,71.06
2019-01-29,2.42,2.56,2.55,2.72,3.04,2.36,1.13,,,,19.13,60.98,71.4
2019-01-30,2.42,2.52,2.49,2.7,3.06,2.37,1.15,,,,17.66,61.89,71.24
2019-01-31,2.41,2.45,2.43,2.63,2.99,2.38,1.16,,,,16.57,62.46,70.94
2019-02-01,2.4,2.52,2.51,2.7,3.03,2.31,1.11,,,,16.14,61.86,71.41
2019-02-04,2.42,2.53,2.53,2.73,3.06,2.3,1.1,,,,15.73,62.26,71.66
2019-02-05,2.42,2.53,2.51,2.71,3.03,2.27,1.08,,,,15.57,61.67,71.52
2019-02-06,2.42,2.52,2.5,2.7,3.03,2.28,1.08,,,,15.38,62.22,71.55
2019-02-07,2.42,2.48,2.46,2.65,3.0,2.31,1.1,,,,16.37,61.01,71.3
2019-02-08,2.43,2.45,2.44,2.63,2.97,2.3,1.14,,,,15.72,61.37,71.23
2019-02-11,2.45,2.48,2.47,2.65,3.0,2.3,1.11,,,,15.97,61.3,71.15
2019-02-12,2.43,2.5,2.49,2.68,3.02,2.3,1.12,,,,15.43,62.58,70.56
2019-02-13,2.44,2.53,2.53,2.71,3.04,2.27,1.07,,,,15.65,63.27,70.86
2019-02-14,2.43,2.5,2.48,2.66,3.01,2.3,1.11,,,,16.22,64.0,71.18
2019-02-15,2.43,2.52,2.49,2.66,3.0,2.28,1.1,,,,14.91,65.65,71.36
2019-02-18,,,,,,,,,,,,66.41,
2019-02-19,2.45,2.5,2.47,2.65,2.99,2.28,1.09,,,,14.88,65.86,71.31
2019-02-20,2.45,2.5,2.47,2.65,3.0,2.23,1.11,,,,14.02,66.82,
2019-02-21,2.45,2.53,2.51,2.69,3.05,2.23,1.12,,,,14.46,66.91,71.15
2019-02-22,2.46,2.48,2.47,2.65,3.02,2.25,1.16,,,,13.51,66.91,71.07
2019-02-25,2.47,2.51,2.48,2.67,3.03,2.23,1.13,,,,14.85,64.02,70.82
2019-02-26,2.45,2.48,2.45,2.64,3.01,2.24,1.14,,,,15.17,64.51,71.02
2019-02-27,2.45,2.5,2.49,2.69,3.07,2.25,1.16,,,,14.7,65.55,71.15
2019-02-28,2.45,2.52,2.52,2.73,3.09,2.22,1.13,,,,14.78,65.03,70.83
2019-03-01,2.44,2.55,2.56,2.76,3.13,2.22,1.14,,,,13.57,63.71,70.9
2019-03-04,2.46,2.55,2.53,2.72,3.09,2.22,1.15,,,,14.63,64.44,70.91
2019-03-05,2.46,2.55,2.53,2.72,3.08,2.22,1.15,,,,14.74,64.24,70.55
2019-03-06,2.47,2.52,2.49,2.69,3.06,2.25,1.17,,,,15.74,64.51,70.02
2019-03-07,2.45,2.47,2.44,2.64,3.03,2.25,1.18,,,,16.59,64.82,70.09
2019-03-08,2.46,2.45,2.42,2.62,3.0,2.27,1.2,,,,16.05,65.66,70.0
2019-03-11,2.46,2.47,2.44,2.64,3.03,2.27,1.21,,,,14.33,65.06,69.82
2019-03-12,2.46,2.45,2.41,2.61,3.0,2.25,1.19,,,,13.77,65.33,69.62
2019-03-13,2.45,2.45,2.42,2.61,3.02,2.26,1.19,,,,13.41,65.89,69.52
2019-03-14,2.45,2.46,2.43,2.63,3.04,2.27,1.21,,,,13.5,66.18,69.33
2019-03-15,2.45,2.43,2.4,2.59,3.02,2.28,1.23,,,,12.88,66.11,68.94
2019-03-18,2.44,2.45,2.42,2.6,3.01,2.27,1.22,,,,13.1,66.65,68.6
2019-03-19,2.46,2.46,2.42,2.61,3.02,2.27,1.21,,,,13.56,67.13,69.02
2019-03-20,2.48,2.4,2.34,2.54,2.98,2.29,1.24,,,,13.91,68.35,68.85
2019-03-21,2.49,2.41,2.34,2.54,2.96,2.28,1.21,,,,13.63,68.3,68.72
2019-03-22,2.46,2.31,2.24,2.44,2.88,2.3,1.23,,,,16.48,66.29,69.01
2019-03-25,2.46,2.26,2.21,2.43,2.87,2.28,1.24,,,,16.33,67.37,68.88
2019-03-26,2.46,2.24,2.18,2.41,2.86,2.3,1.23,,,,14.68,67.51,68.98
2019-03-27,2.44,2.22,2.18,2.39,2.83,2.28,1.23,,,,15.15,67.35,69.13
2019-03-28,2.43,2.23,2.2,2.39,2.81,2.27,1.22,,,,14.43,66.08,69.23
2019-03-29,2.4,2.27,2.23,2.41,2.81,2.26,1.21,,,,13.71,67.93,69.16
2019-04-01,2.43,2.33,2.31,2.49,2.89,2.24,1.19,,,,13.4,69.08,69.18
2019-04-02,2.42,2.3,2.28,2.48,2.88,2.24,1.18,,,,13.36,69.68,68.91
2019-04-03,2.44,2.33,2.32,2.52,2.93,2.23,1.17,,,,13.74,69.21,68.58
2019-04-04,2.44,2.33,2.32,2.51,2.92,2.22,1.19,,,,13.58,69.8,69.03
2019-04-05,2.44,2.35,2.31,2.5,2.91,2.22,1.17,,,,12.82,69.93,69.11
2019-04-08,2.43,2.36,2.33,2.52,2.93,2.21,1.17,,,,13.18,71.12,69.56
2019-04-09,2.42,2.35,2.31,2.51,2.92,2.19,1.16,,,,14.28,71.02,69.28
2019-04-10,2.43,2.31,2.28,2.48,2.9,2.21,1.17,,,,13.3,71.63,69.12
2019-04-11,2.43,2.35,2.31,2.51,2.94,2.2,1.17,,,,13.02,71.3,68.97
2019-04-12,2.44,2.4,2.38,2.56,2.97,2.15,1.15,,,,12.01,71.57,69.21
2019-04-15,2.43,2.4,2.37,2.55,2.96,2.15,1.13,,,,12.32,70.9,69.38
2019-04-16,2.43,2.41,2.41,2.6,2.99,2.12,1.13,,,,12.18,70.74,69.51
2019-04-17,2.44,2.4,2.4,2.59,2.99,2.13,1.13,,,,12.6,71.14,69.43
2019-04-18,2.42,2.38,2.38,2.57,2.96,2.12,1.12,,,,12.09,70.71,69.42
2019-04-19,,,,,,,,,,,,,69.37
2019-04-22,2.44,2.38,2.39,2.59,2.99,2.14,1.16,,,,12.42,70.71,69.64
2019-04-23,2.45,2.36,2.36,2.57,2.98,2.14,1.16,,,,12.28,74.39,69.78
2019-04-24,2.44,2.32,2.32,2.53,2.94,2.14,1.16,,,,13.14,73.59,69.91
2019-04-25,2.43,2.33,2.33,2.54,2.94,2.14,1.15,,,,13.25,74.94,70.19
2019-04-26,2.42,2.28,2.29,2.51,2.92,2.13,1.18,,,,12.73,71.03,69.93
2019-04-29,2.44,2.3,2.32,2.54,2.96,2.13,1.17,,,,13.11,71.22,69.8
2019-04-30,2.43,2.27,2.28,2.51,2.93,2.14,1.2,,,,13.12,72.19,69.64
2019-05-01,2.43,2.31,2.31,2.52,2.92,2.11,1.16,,,,14.8,72.01,69.52
2019-05-02,2.47,2.35,2.34,2.55,2.94,2.12,1.21,,,,14.42,70.56,69.4
2019-05-03,2.43,2.33,2.33,2.54,2.93,2.11,1.19,,,,12.87,71.95,69.08
2019-05-06,2.44,2.31,2.3,2.51,2.91,2.14,1.21,,,,15.44,71.95,69.4
2019-05-07,2.43,2.28,2.25,2.45,2.86,2.17,1.25,,,,19.32,70.98,69.62
2019-05-08,2.43,2.3,2.28,2.49,2.89,2.17,1.21,,,,19.4,71.09,69.73
2019-05-09,2.43,2.26,2.25,2.45,2.87,2.21,1.28,,,,19.1,70.61,70.21
2019-05-10,2.43,2.26,2.26,2.47,2.89,2.2,1.25,,,,16.04,71.63,70.02
2019-05-13,2.41,2.18,2.18,2.4,2.83,2.25,1.31,,,,20.55,72.35,70.62
2019-05-14,2.41,2.2,2.2,2.42,2.86,2.24,1.29,,,,18.06,72.53,70.3
2019-05-15,2.42,2.16,2.15,2.37,2.82,2.26,1.32,,,,16.44,73.09,70.22
2019-05-16,2.4,2.2,2.18,2.4,2.84,2.24,1.28,,,,15.29,74.7,70.08
2019-05-17,2.39,2.2,2.17,2.39,2.82,2.24,1.29,,,,15.96,73.94,70.28
2019-05-20,2.39,2.21,2.21,2.41,2.83,2.24,1.29,,,,16.31,73.21,69.59
2019-05-21,2.39,2.26,2.23,2.43,2.84,2.23,1.27,,,,14.95,72.94,69.61
2019-05-22,2.38,2.23,2.19,2.39,2.82,2.26,1.29,,,,14.75,71.94,69.71
2019-05-23,2.37,2.12,2.11,2.31,2.75,2.28,1.33,,,,16.92,68.37,69.66
2019-05-24,2.35,2.16,2.12,2.32,2.75,2.31,1.32,,,,15.85,67.98,69.37
2019-05-27,,,,,,,,,,,,,
2019-05-28,2.37,2.12,2.06,2.26,2.7,2.32,1.35,,,,17.5,70.19,69.56
2019-05-29,2.37,2.09,2.05,2.25,2.69,2.33,1.34,,,,17.9,70.64,69.8
2019-05-30,2.38,2.06,2.03,2.22,2.65,2.33,1.33,,,,17.3,69.55,69.81
2019-05-31,2.35,1.95,1.93,2.14,2.58,2.37,1.37,,,,18.71,66.78,69.63
2019-06-03,2.35,1.82,1.83,2.07,2.53,2.42,1.43,,,,18.86,63.16,69.15
2019-06-04,2.35,1.88,1.89,2.12,2.6,2.42,1.4,,,,16.97,63.56,69.28
2019-06-05,2.35,1.83,1.86,2.12,2.63,2.45,1.42,,,,16.09,62.14,69.41
2019-06-06,2.33,1.88,1.88,2.12,2.62,2.44,1.41,,,,15.93,62.77,69.21
2019-06-07,2.28,1.85,1.85,2.09,2.57,2.42,1.39,,,,16.3,64.1,69.32
2019-06-10,2.29,1.9,1.91,2.15,2.62,2.39,1.34,,,,15.94,64.31,69.49
2019-06-11,2.27,1.93,1.92,2.15,2.62,2.38,1.34,,,,15.99,63.56,69.42
2019-06-12,2.24,1.88,1.88,2.13,2.62,2.41,1.38,,,,15.91,61.66,69.35
2019-06-13,2.19,1.83,1.84,2.1,2.61,2.42,1.38,,,,15.82,63.28,69.53
2019-06-14,2.2,1.84,1.85,2.09,2.59,2.42,1.4,,,,15.28,63.13,69.81
2019-06-17,2.23,1.86,1.85,2.09,2.58,2.41,1.36,,,,15.35,62.56,69.83
2019-06-18,2.22,1.86,1.83,2.06,2.55,2.4,1.34,,,,15.15,63.35,69.6
2019-06-19,2.18,1.74,1.77,2.03,2.54,2.41,1.36,,,,14.33,62.85,69.64
2019-06-20,2.14,1.72,1.74,2.01,2.53,2.38,1.32,,,,14.75,65.44,69.44
2019-06-21,2.11,1.77,1.8,2.07,2.59,2.35,1.29,,,,15.4,65.99,69.59
2019-06-24,2.13,1.72,1.75,2.02,2.55,2.33,1.28,,,,15.26,65.16,69.32
2019-06-25,2.12,1.71,1.73,2.0,2.53,2.34,1.32,,,,16.28,66.24,69.26
2019-06-26,2.15,1.77,1.8,2.05,2.57,2.32,1.27,,,,16.21,66.85,69.18
2019-06-27,2.14,1.74,1.76,2.01,2.52,2.31,1.26,,,,15.82,66.78,69.01
2019-06-28,2.12,1.75,1.76,2.0,2.52,2.31,1.25,,,,15.08,67.52,68.92
2019-07-01,2.21,1.78,1.79,2.03,2.55,2.29,1.24,,,,14.06,65.1,68.87
2019-07-02,2.2,1.77,1.75,1.98,2.51,2.29,1.25,,,,12.93,62.72,68.87
2019-07-03,2.21,1.77,1.74,1.96,2.47,2.26,1.22,,,,12.57,63.53,68.79
2019-07-04,,,,,,,,,,,,63.62,
2019-07-05,2.23,1.87,1.84,2.04,2.54,2.26,1.22,,,,13.28,64.23,68.48
2019-07-08,2.26,1.88,1.86,2.05,2.53,2.23,1.19,,,,13.96,64.89,68.55
2019-07-09,2.26,1.92,1.88,2.07,2.54,2.22,1.19,,,,14.09,64.3,68.54
2019-07-10,2.2,1.82,1.82,2.07,2.57,2.25,1.23,,,,13.03,66.41,68.4
2019-07-11,2.17,1.85,1.88,2.13,2.65,2.25,1.24,,,,12.93,67.64,68.4
2019-07-12,2.14,1.84,1.86,2.12,2.64,2.25,1.22,,,,12.39,66.65,68.57
2019-07-15,2.16,1.83,1.84,2.09,2.61,2.25,1.26,,,,12.68,66.86,68.52
2019-07-16,2.15,1.87,1.88,2.13,2.63,2.23,1.24,,,,12.86,65.87,68.66
2019-07-17,2.14,1.83,1.83,2.06,2.57,2.24,1.24,,,,13.97,63.67,68.84
2019-07-18,2.05,1.77,1.78,2.04,2.56,2.27,1.27,,,,13.53,60.7,68.85
2019-07-19,2.06,1.8,1.8,2.05,2.57,2.26,1.26,,,,14.45,61.04,68.82
2019-07-22,2.09,1.8,1.8,2.05,2.58,2.24,1.25,,,,13.53,61.96,68.89
2019-07-23,2.06,1.83,1.83,2.08,2.61,2.23,1.23,,,,12.61,62.28,68.99
2019-07-24,2.1,1.83,1.82,2.05,2.58,2.15,1.24,,,,12.07,63.83,68.94
2019-07-25,2.1,1.86,1.85,2.08,2.6,2.14,1.23,,,,12.74,63.47,69.03
2019-07-26,2.12,1.86,1.85,2.08,2.59,2.13,1.23,,,,12.16,62.46,68.89
2019-07-29,2.12,1.85,1.84,2.06,2.59,2.13,1.23,,,,12.83,62.29,68.73
2019-07-30,2.08,1.85,1.84,2.06,2.58,2.14,1.23,,,,13.94,62.55,68.82
2019-07-31,2.08,1.89,1.84,2.02,2.53,2.13,1.24,,,,16.12,64.07,68.81
2019-08-01,2.07,1.73,1.68,1.9,2.44,2.17,1.29,,,,17.87,62.9,69.0
2019-08-02,2.06,1.72,1.66,1.86,2.39,2.18,1.31,,,,17.61,61.12,69.65
2019-08-05,2.05,1.59,1.55,1.75,2.3,2.24,1.4,,,,24.59,59.32,70.8
2019-08-06,2.05,1.6,1.53,1.73,2.25,2.25,1.42,,,,20.17,58.63,70.9
2019-08-07,2.02,1.59,1.52,1.71,2.22,2.23,1.38,,,,19.49,55.03,71.18
2019-08-08,2.02,1.62,1.54,1.72,2.25,2.25,1.37,,,,16.91,56.29,70.62
2019-08-09,2.0,1.63,1.57,1.74,2.26,2.23,1.35,,,,17.97,57.37,70.91
2019-08-12,2.0,1.58,1.49,1.65,2.14,2.23,1.36,,,,21.09,57.13,71.27
2019-08-13,2.0,1.66,1.57,1.68,2.15,2.22,1.33,,,,17.52,59.9,71.41
2019-08-14,1.96,1.58,1.51,1.59,2.03,2.23,1.36,,,,22.1,57.86,71.27
2019-08-15,1.91,1.48,1.42,1.52,1.98,2.27,1.38,,,,21.18,57.37,71.79
2019-08-16,1.87,1.48,1.42,1.55,2.01,2.26,1.36,,,,18.47,59.0,71.15
2019-08-19,1.94,1.53,1.47,1.6,2.08,2.29,1.35,,,,16.88,59.79,71.44
2019-08-20,1.94,1.5,1.42,1.55,2.04,2.3,1.34,,,,17.5,59.03,71.54
2019-08-21,1.97,1.56,1.47,1.59,2.07,2.25,1.3,,,,15.8,60.6,71.43
2019-08-22,2.0,1.61,1.5,1.62,2.11,2.25,1.31,,,,16.68,59.81,71.9
2019-08-23,1.97,1.51,1.4,1.52,2.02,2.27,1.36,,,,19.87,58.64,71.49
2019-08-26,2.01,1.54,1.43,1.54,2.04,2.27,1.36,,,,19.32,58.64,72.02
2019-08-27,1.98,1.53,1.4,1.49,1.97,2.26,1.34,,,,20.31,58.44,71.52
2019-08-28,1.99,1.5,1.37,1.47,1.94,2.26,1.34,,,,19.35,60.42,71.75
2019-08-29,1.99,1.53,1.4,1.5,1.97,2.27,1.36,,,,17.88,60.59,71.67
2019-08-30,1.99,1.5,1.39,1.5,1.96,2.26,1.35,,,,18.98,61.04,71.45
2019-09-02,,,,,,,,,,,,58.55,
2019-09-03,1.98,1.47,1.35,1.47,1.95,2.28,1.39,,,,19.66,57.93,72.2
2019-09-04,1.97,1.43,1.32,1.47,1.97,2.29,1.39,,,,17.33,60.68,72.11
2019-09-05,1.97,1.55,1.43,1.57,2.06,2.28,1.37,,,,16.27,62.7,71.84
2019-09-06,1.96,1.53,1.42,1.55,2.02,2.26,1.36,,,,15.0,61.28,71.68
2019-09-09,1.96,1.58,1.49,1.63,2.11,2.23,1.36,,,,15.27,63.99,71.66
2019-09-10,1.95,1.67,1.58,1.72,2.19,2.22,1.35,,,,15.2,64.67,71.89
2019-09-11,1.96,1.68,1.6,1.75,2.22,2.22,1.34,,,,14.61,63.02,71.62
2019-09-12,1.95,1.72,1.65,1.79,2.22,2.22,1.35,,,,14.22,60.76,70.91
2019-09-13,1.96,1.79,1.75,1.9,2.37,2.21,1.35,,,,13.74,61.25,71.0
2019-09-16,1.99,1.74,1.69,1.84,2.31,2.2,1.34,,,,14.67,68.42,71.53
2019-09-17,1.99,1.72,1.66,1.81,2.27,2.21,1.33,,,,14.44,65.59,71.47
2019-09-18,1.95,1.77,1.68,1.8,2.25,2.18,1.3,,,,13.95,64.29,71.16
2019-09-19,1.93,1.74,1.66,1.79,2.22,2.17,1.28,,,,14.05,64.25,71.31
2019-09-20,1.91,1.69,1.61,1.74,2.17,2.19,1.29,,,,15.32,65.23,71.05
2019-09-23,1.94,1.68,1.59,1.72,2.16,2.17,1.3,,,,14.91,64.66,70.79
2019-09-24,1.92,1.6,1.52,1.64,2.09,2.2,1.3,,,,17.05,64.13,70.94
2019-09-25,1.89,1.68,1.6,1.73,2.18,2.2,1.32,,,,15.96,62.41,71.0
2019-09-26,1.83,1.66,1.59,1.7,2.15,2.18,1.29,,,,16.07,62.08,70.93
2019-09-27,1.8,1.63,1.56,1.69,2.13,2.19,1.31,,,,17.22,62.48,70.49
2019-09-30,1.88,1.63,1.55,1.68,2.12,2.2,1.33,,,,16.24,60.99,70.64
2019-10-01,1.82,1.56,1.51,1.65,2.11,2.22,1.32,,,,18.56,60.06,71.11
2019-10-02,1.79,1.48,1.43,1.6,2.09,2.26,1.39,,,,20.56,57.92,71.17
2019-10-03,1.7,1.39,1.34,1.54,2.04,2.29,1.4,,,,19.12,58.01,71.03
2019-10-04,1.71,1.4,1.34,1.52,2.01,2.29,1.36,,,,17.04,59.13,70.86
2019-10-07,1.75,1.46,1.38,1.56,2.05,2.28,1.36,,,,17.86,59.46,70.97
2019-10-08,1.72,1.42,1.36,1.54,2.04,2.3,1.41,,,,20.28,58.14,71.21
2019-10-09,1.69,1.47,1.4,1.59,2.08,2.29,1.36,,,,18.64,59.7,71.09
2019-10-10,1.68,1.53,1.48,1.67,2.16,2.27,1.35,,,,17.57,59.08,70.98
2019-10-11,1.68,1.63,1.59,1.76,2.22,2.22,1.3,,,,15.58,60.59,70.91
2019-10-14,,,,,,,,,,,14.57,58.81,
2019-10-15,1.67,1.61,1.59,1.77,2.23,2.21,1.29,,,,13.54,59.19,71.48
2019-10-16,1.66,1.58,1.57,1.75,2.23,2.22,1.3,,,,13.68,59.3,71.37
2019-10-17,1.66,1.6,1.57,1.76,2.24,2.21,1.28,,,,13.79,59.35,71.09
2019-10-18,1.66,1.58,1.56,1.76,2.25,2.21,1.27,,,,14.25,59.96,71.07
2019-10-21,1.67,1.62,1.61,1.8,2.28,2.19,1.24,,,,14.0,58.95,70.9
2019-10-22,1.65,1.6,1.6,1.78,2.26,2.17,1.24,,,,14.46,60.5,70.81
2019-10-23,1.65,1.58,1.58,1.77,2.25,2.18,1.24,,,,14.01,60.52,70.81
2019-10-24,1.67,1.58,1.58,1.77,2.26,2.17,1.23,,,,13.71,61.71,71.01
2019-10-25,1.66,1.63,1.62,1.8,2.29,2.16,1.24,,,,12.65,62.06,70.78
2019-10-28,1.65,1.64,1.66,1.85,2.34,2.16,1.23,,,,13.11,60.39,70.71
2019-10-29,1.63,1.64,1.66,1.84,2.33,2.15,1.23,,,,13.2,61.05,70.86
2019-10-30,1.62,1.61,1.61,1.78,2.26,2.17,1.29,,,,12.33,60.22,70.96
2019-10-31,1.54,1.52,1.51,1.69,2.17,2.18,1.3,,,,13.22,59.3,71.01
2019-11-01,1.52,1.56,1.55,1.73,2.21,2.16,1.29,,,,12.3,60.17,70.76
2019-11-04,1.53,1.6,1.6,1.79,2.27,2.16,1.28,,,,12.83,62.52,70.79
2019-11-05,1.56,1.63,1.66,1.86,2.34,2.15,1.25,,,,13.1,62.72,70.81
2019-11-06,1.56,1.61,1.63,1.81,2.3,2.14,1.25,,,,12.62,62.11,70.96
2019-11-07,1.56,1.68,1.74,1.92,2.4,2.13,1.23,,,,12.73,62.6,71.04
2019-11-08,1.55,1.68,1.74,1.94,2.43,2.11,1.23,,,,12.07,62.0,71.35
2019-11-11,,,,,,,,,,,12.69,62.58,
2019-11-12,1.59,1.66,1.73,1.92,2.39,2.1,1.22,,,,12.68,62.19,71.75
2019-11-13,1.57,1.63,1.69,1.88,2.36,2.11,1.26,,,,13.0,62.27,72.12
2019-11-14,1.57,1.58,1.63,1.82,2.31,2.13,1.26,,,,13.05,62.46,71.99
2019-11-15,1.57,1.61,1.65,1.84,2.31,2.13,1.26,,,,12.05,63.32,71.6
2019-11-18,1.57,1.6,1.63,1.81,2.3,2.14,1.27,,,,12.46,62.82,71.9
2019-11-19,1.57,1.6,1.63,1.79,2.26,2.13,1.25,,,,12.86,62.37,71.86
2019-11-20,1.57,1.56,1.58,1.73,2.2,2.16,1.3,,,,12.78,63.8,71.74
2019-11-21,1.58,1.6,1.62,1.77,2.24,2.15,1.27,,,,13.13,64.99,71.75
2019-11-22,1.58,1.61,1.62,1.77,2.22,2.14,1.26,,,,12.34,64.83,71.76
2019-11-25,1.61,1.61,1.62,1.76,2.21,2.13,1.23,,,,11.87,64.67,71.69
2019-11-26,1.6,1.58,1.58,1.74,2.18,2.11,1.21,,,,11.54,64.82,71.51
2019-11-27,1.62,1.63,1.63,1.77,2.19,2.09,1.17,,,,11.75,65.03,71.26
2019-11-28,,,,,,,,,,,,64.68,
2019-11-29,1.59,1.61,1.62,1.78,2.21,2.08,1.17,,,,12.62,64.5,71.75
2019-12-02,1.6,1.61,1.65,1.83,2.28,2.11,1.2,,,,14.91,63.2,71.65
2019-12-03,1.57,1.53,1.54,1.72,2.17,2.11,1.24,,,,15.96,62.95,71.7
2019-12-04,1.55,1.58,1.6,1.77,2.22,2.11,1.25,,,,14.8,65.25,71.47
2019-12-05,1.54,1.58,1.62,1.8,2.24,2.09,1.21,,,,14.52,65.67,71.26
2019-12-06,1.53,1.61,1.67,1.84,2.29,2.07,1.19,,,,13.62,66.5,71.26
2019-12-09,1.54,1.63,1.67,1.83,2.27,2.05,1.17,,,,15.86,66.44,71.02
2019-12-10,1.56,1.65,1.68,1.85,2.26,2.01,1.15,,,,15.68,66.57,70.84
2019-12-11,1.57,1.61,1.64,1.79,2.23,2.04,1.18,,,,14.99,65.37,70.73
2019-12-12,1.56,1.66,1.73,1.9,2.32,2.02,1.15,,,,13.94,66.67,70.62
2019-12-13,1.57,1.61,1.66,1.82,2.26,2.02,1.15,,,,12.63,67.44,70.8
2019-12-16,1.57,1.65,1.72,1.89,2.3,2.0,1.13,,,,12.14,68.04,70.89
2019-12-17,1.56,1.63,1.71,1.89,2.31,1.99,1.1,,,,12.29,68.99,71.04
2019-12-18,1.56,1.63,1.74,1.92,2.35,1.98,1.11,,,,12.58,69.12,70.97
2019-12-19,1.57,1.62,1.73,1.92,2.35,1.96,1.09,,,,12.5,69.7,71.11
2019-12-20,1.58,1.63,1.73,1.92,2.34,1.96,1.09,,,,12.51,68.66,71.07
2019-12-23,1.59,1.64,1.75,1.93,2.35,1.96,1.09,,,,12.61,67.49,71.24
2019-12-24,1.58,1.62,1.72,1.9,2.33,1.97,1.09,,,,12.67,69.26,71.23
2019-12-25,,,,,,,,,,,,,
2019-12-26,1.58,1.64,1.72,1.9,2.33,1.97,1.1,,,,12.65,69.26,71.28
2019-12-27,1.57,1.59,1.68,1.88,2.32,1.96,1.1,,,,13.43,68.91,71.45
2019-12-30,1.57,1.58,1.68,1.9,2.34,1.97,1.12,,,,14.82,68.3,71.3
2019-12-31,1.55,1.58,1.69,1.92,2.39,1.98,1.12,,,,13.78,67.77,71.36
2020-01-01,,,,,,,,,,,,,
2020-01-02,1.54,1.58,1.67,1.88,2.33,1.98,1.12,,,,12.47,67.05,71.34
2020-01-03,1.52,1.53,1.59,1.8,2.26,1.99,1.14,,,,14.02,69.08,71.76
2020-01-06,1.56,1.54,1.61,1.81,2.28,2.02,1.2,,,,13.85,70.25,71.86
2020-01-07,1.54,1.54,1.62,1.83,2.31,2.03,1.19,,,,13.79,68.74,71.84
2020-01-08,1.54,1.58,1.67,1.87,2.35,2.05,1.23,,,,13.45,67.31,71.51
2020-01-09,1.54,1.58,1.65,1.85,2.38,2.03,1.19,,,,12.54,66.58,71.16
2020-01-10,1.54,1.56,1.63,1.83,2.28,1.99,1.16,,,,12.56,66.77,70.94
2020-01-13,1.57,1.58,1.65,1.85,2.3,1.99,1.15,,,,12.32,64.14,70.74
2020-01-14,1.57,1.58,1.63,1.82,2.27,1.99,1.18,,,,12.39,64.45,70.85
2020-01-15,1.57,1.56,1.6,1.79,2.23,2.01,1.18,,,,12.42,63.29,70.69
2020-01-16,1.55,1.58,1.63,1.81,2.26,2.0,1.18,,,,12.32,64.63,70.95
2020-01-17,1.56,1.58,1.63,1.84,2.29,1.98,1.17,,,,12.1,64.05,71.08
2020-01-20,,,,,,,,,,,,64.63,
2020-01-21,1.56,1.53,1.57,1.78,2.23,1.97,1.17,,,,12.85,63.66,71.17
2020-01-22,1.55,1.53,1.57,1.77,2.22,1.97,1.16,,,,12.91,62.11,71.07
2020-01-23,1.55,1.51,1.55,1.74,2.18,1.98,1.14,,,,12.98,61.26,71.45
2020-01-24,1.54,1.49,1.51,1.7,2.14,1.98,1.12,,,,14.56,59.34,71.31
2020-01-27,1.55,1.44,1.44,1.61,2.05,2.04,1.18,,,,18.23,58.54,71.45
2020-01-28,1.57,1.45,1.47,1.65,2.1,2.04,1.22,,,,16.28,59.37,71.24
2020-01-29,1.56,1.42,1.41,1.6,2.05,2.05,1.21,,,,16.39,59.46,71.35
2020-01-30,1.57,1.41,1.39,1.57,2.04,2.08,1.25,,,,15.49,57.72,71.57
2020-01-31,1.55,1.33,1.32,1.51,1.99,2.13,1.31,,,,18.84,57.77,71.53
2020-02-03,1.57,1.36,1.35,1.54,2.01,2.1,1.26,,,,17.97,54.0,71.32
2020-02-04,1.57,1.41,1.42,1.61,2.08,2.09,1.25,,,,16.05,53.9,71.11
2020-02-05,1.57,1.44,1.46,1.66,2.14,2.07,1.24,,,,15.15,55.36,71.19
2020-02-06,1.57,1.44,1.45,1.65,2.11,2.05,1.21,,,,14.96,55.18,71.19
2020-02-07,1.56,1.41,1.41,1.59,2.05,2.05,1.18,,,,15.47,54.53,71.47
2020-02-10,1.58,1.37,1.38,1.56,2.03,2.06,1.21,,,,15.04,53.39,71.28
2020-02-11,1.57,1.41,1.4,1.59,2.05,2.05,1.21,,,,15.18,54.0,71.25
2020-02-12,1.58,1.44,1.45,1.62,2.09,2.06,1.22,,,,13.74,55.54,71.29
2020-02-13,1.59,1.44,1.43,1.61,2.07,2.05,1.22,,,,14.15,56.34,71.27
2020-02-14,1.58,1.42,1.42,1.59,2.04,2.04,1.2,,,,13.68,57.37,71.52
2020-02-17,,,,,,,,,,,,57.83,
2020-02-18,1.58,1.41,1.39,1.55,2.0,2.05,1.21,,,,14.83,57.35,71.56
2020-02-19,1.58,1.42,1.41,1.56,2.01,2.05,1.23,,,,14.38,59.72,71.55
2020-02-20,1.58,1.39,1.37,1.52,1.97,2.05,1.25,,,,15.56,59.57,71.67
2020-02-21,1.56,1.34,1.3,1.46,1.9,2.09,1.28,,,,17.08,58.6,71.9
2020-02-24,1.53,1.26,1.21,1.38,1.84,2.13,1.34,,,,25.03,56.71,71.92
2020-02-25,1.53,1.2,1.16,1.33,1.8,2.19,1.38,,,,27.85,55.29,71.81
2020-02-26,1.53,1.16,1.14,1.33,1.81,2.2,1.36,,,,27.56,54.96,71.58
2020-02-27,1.45,1.11,1.11,1.3,1.79,2.27,1.4,,,,39.16,52.19,71.65
2020-02-28,1.27,0.86,0.89,1.13,1.65,2.38,1.57,,,,40.11,51.31,72.53
2020-03-02,1.13,0.84,0.88,1.1,1.66,2.44,1.51,,,,33.42,52.52,72.88
2020-03-03,0.95,0.71,0.77,1.02,1.64,2.48,1.58,,,,36.82,52.24,73.03
2020-03-04,0.72,0.67,0.75,1.02,1.67,2.47,1.53,,,,31.99,51.86,73.49
2020-03-05,0.62,0.59,0.67,0.92,1.56,2.52,1.6,,,,39.62,51.29,73.5
2020-03-06,0.45,0.49,0.58,0.74,1.25,2.55,1.62,,,,41.94,45.6,74.0
2020-03-09,0.33,0.38,0.46,0.54,0.99,2.93,1.92,,,,54.46,35.33,74.21
2020-03-10,0.44,0.5,0.63,0.76,1.28,2.93,1.91,,,,47.3,35.57,74.15
2020-03-11,0.42,0.5,0.66,0.82,1.3,2.99,1.85,,,,53.9,34.45,73.68
2020-03-12,0.33,0.5,0.66,0.88,1.49,3.2,2.06,,,,75.47,31.02,74.25
2020-03-13,0.28,0.49,0.7,0.94,1.56,3.3,2.09,,,,57.83,32.25,73.86
2020-03-16,0.24,0.36,0.49,0.73,1.34,3.38,2.15,,,,82.69,27.98,74.01
2020-03-17,0.19,0.47,0.66,1.02,1.63,3.49,2.38,,,,75.91,27.97,74.26
2020-03-18,0.02,0.54,0.79,1.18,1.77,3.81,2.74,,,,76.45,22.79,74.55
2020-03-19,0.04,0.44,0.66,1.12,1.78,4.01,2.74,,,,72.0,23.98,74.78
2020-03-20,0.05,0.37,0.52,0.92,1.55,4.23,3.2,,,,66.04,25.55,75.31
2020-03-23,0.02,0.28,0.38,0.76,1.33,4.31,2.81,,,,61.59,23.75,76.29
2020-03-24,0.01,0.38,0.52,0.84,1.39,4.19,2.6,,,,61.67,24.5,76.37
2020-03-25,0.0,0.34,0.56,0.88,1.45,4.13,2.46,,,,63.95,25.62,76.36
2020-03-26,0.0,0.3,0.51,0.83,1.42,4.04,2.24,,,,61.0,23.55,74.89
2020-03-27,0.03,0.25,0.41,0.72,1.29,3.98,2.23,,,,65.54,22.39,75.47
2020-03-30,0.12,0.23,0.39,0.7,1.31,3.89,2.01,,,,57.08,19.19,75.33
2020-03-31,0.11,0.23,0.37,0.7,1.35,3.93,2.03,,,,53.54,14.85,75.39
2020-04-01,0.09,0.23,0.37,0.62,1.27,3.97,2.14,,,,57.06,14.97,76.4
2020-04-02,0.09,0.23,0.39,0.63,1.26,3.92,2.01,,,,50.91,20.24,76.34
2020-04-03,0.1,0.23,0.39,0.62,1.24,3.92,2.01,,,,46.8,24.33,76.24
2020-04-06,0.15,0.27,0.44,0.67,1.27,3.91,1.96,,,,45.24,22.58,75.95
2020-04-07,0.14,0.28,0.48,0.75,1.32,3.79,1.8,,,,46.7,22.1,75.64
2020-04-08,0.22,0.27,0.47,0.77,1.37,3.75,1.79,,,,43.35,25.22,75.96
2020-04-09,0.25,0.23,0.41,0.73,1.35,3.61,1.73,,,,41.67,20.23,76.3
2020-04-10,,,,,,,,,,,,,75.87
2020-04-13,0.26,0.25,0.44,0.76,1.39,3.41,1.59,,,,41.17,,76.25
2020-04-14,0.2,0.23,0.42,0.76,1.41,3.36,1.47,,,,37.76,21.74,76.11
2020-04-15,0.14,0.2,0.34,0.63,1.27,3.33,1.74,,,,40.84,19.8,76.56
2020-04-16,0.14,0.2,0.35,0.61,1.21,3.28,1.7,,,,40.11,18.69,76.75
2020-04-17,0.12,0.2,0.36,0.65,1.27,3.27,1.76,,,,38.15,19.75,76.56
2020-04-20,0.12,0.2,0.35,0.63,1.23,3.28,1.73,,,,43.83,17.36,76.56
2020-04-21,0.11,0.2,0.34,0.58,1.17,3.29,1.75,,,,45.41,9.12,76.95
2020-04-22,0.12,0.22,0.37,0.63,1.22,3.3,1.73,,,,41.98,13.77,76.44
2020-04-23,0.11,0.22,0.37,0.61,1.18,3.26,1.64,,,,41.38,15.06,75.84
2020-04-24,0.12,0.22,0.36,0.6,1.17,3.25,1.7,,,,35.93,15.87,76.26
2020-04-27,0.12,0.24,0.41,0.67,1.25,3.24,1.72,,,,33.29,15.17,76.23
2020-04-28,0.11,0.2,0.37,0.62,1.2,3.25,1.73,,,,33.57,15.6,75.96
2020-04-29,0.1,0.2,0.36,0.63,1.24,3.24,1.75,,,,31.23,17.86,75.45
2020-04-30,0.09,0.2,0.36,0.64,1.28,3.23,1.74,,,,34.15,18.11,75.08
2020-05-01,0.12,0.2,0.36,0.64,1.27,3.25,1.78,,,,37.19,18.49,75.75
2020-05-04,0.13,0.19,0.36,0.64,1.29,3.28,1.75,,,,35.97,20.4,75.64
2020-05-05,0.13,0.19,0.36,0.66,1.32,3.28,1.75,,,,33.61,25.46,75.72
2020-05-06,0.12,0.17,0.37,0.72,1.41,3.31,1.89,,,,34.12,24.2,76.08
2020-05-07,0.11,0.13,0.29,0.63,1.31,3.34,1.89,,,,31.44,24.23,75.78
2020-05-08,0.12,0.16,0.33,0.69,1.39,3.37,1.85,,,,27.98,,75.58
2020-05-11,0.12,0.17,0.36,0.73,1.43,3.41,1.96,,,,27.57,25.53,75.87
2020-05-12,0.13,0.17,0.34,0.69,1.38,3.4,1.97,,,,33.04,26.67,75.03
2020-05-13,0.13,0.16,0.31,0.64,1.35,3.43,1.9,,,,35.28,27.89,75.33
2020-05-14,0.12,0.16,0.31,0.63,1.3,3.41,1.88,,,,32.61,29.87,75.48
2020-05-15,0.12,0.16,0.31,0.64,1.32,3.41,1.87,,,,31.89,30.95,75.82
2020-05-18,0.13,0.18,0.38,0.73,1.44,3.38,1.83,,,,29.3,33.3,75.74
2020-05-19,0.13,0.17,0.35,0.7,1.43,3.3,1.8,,,,30.53,33.06,75.67
2020-05-20,0.12,0.16,0.34,0.68,1.4,3.24,1.8,,,,27.99,34.76,75.47
2020-05-21,0.12,0.17,0.35,0.68,1.4,3.18,1.77,,,,29.53,34.78,75.63
2020-05-22,0.12,0.17,0.34,0.66,1.37,3.18,1.75,,,,28.16,33.8,75.99
2020-05-25,,,,,,,,,,,,,
2020-05-26,0.14,0.18,0.35,0.69,1.43,3.14,1.8,,,,28.01,33.95,75.43
2020-05-27,0.15,0.19,0.34,0.68,1.44,3.11,1.79,,,,27.62,32.73,75.88
2020-05-28,0.15,0.17,0.34,0.7,1.47,3.1,1.76,,,,28.59,33.98,75.67
2020-05-29,0.14,0.16,0.3,0.65,1.41,3.08,1.78,,,,27.51,34.15,75.59
2020-06-01,0.14,0.14,0.31,0.66,1.46,3.1,1.79,,,,28.23,36.74,75.56
2020-06-02,0.15,0.17,0.32,0.68,1.48,3.08,1.77,,,,26.84,37.72,75.03
2020-06-03,0.16,0.19,0.38,0.77,1.56,3.02,1.76,,,,25.66,37.98,75.32
2020-06-04,0.15,0.19,0.4,0.82,1.61,2.99,1.77,,,,25.81,38.41,75.43
2020-06-05,0.15,0.22,0.47,0.91,1.68,2.86,1.63,,,,24.52,41.0,75.61
2020-06-08,0.17,0.22,0.45,0.88,1.65,2.81,1.6,,,,25.81,39.66,75.44
2020-06-09,0.19,0.2,0.4,0.84,1.59,2.8,1.63,,,,27.57,40.45,75.44
2020-06-10,0.17,0.17,0.33,0.75,1.53,2.86,1.72,,,,27.57,41.18,75.65
2020-06-11,0.17,0.19,0.32,0.66,1.41,2.91,1.74,,,,40.79,37.76,75.97
2020-06-12,0.16,0.19,0.33,0.71,1.45,2.91,1.71,,,,36.09,38.54,76.03
2020-06-15,0.18,0.19,0.33,0.71,1.45,2.93,1.8,,,,34.4,39.44,75.97
2020-06-16,0.17,0.21,0.34,0.75,1.54,2.89,1.62,,,,33.67,40.75,76.19
2020-06-17,0.17,0.19,0.34,0.74,1.52,2.87,1.69,,,,33.47,40.47,76.25
2020-06-18,0.16,0.19,0.34,0.71,1.47,2.86,1.66,,,,32.94,41.75,76.32
2020-06-19,0.15,0.19,0.33,0.7,1.47,2.87,1.73,,,,35.12,42.33,76.21
2020-06-22,0.16,0.19,0.34,0.71,1.46,2.86,1.69,,,,31.77,43.2,75.76
2020-06-23,0.16,0.18,0.33,0.72,1.49,2.87,1.71,,,,31.37,42.72,75.48
2020-06-24,0.15,0.19,0.33,0.69,1.44,2.89,1.71,,,,33.84,40.4,75.65
2020-06-25,0.16,0.17,0.32,0.68,1.43,2.92,1.72,,,,32.22,41.18,75.58
2020-06-26,0.14,0.17,0.3,0.64,1.37,2.92,1.71,,,,34.73,40.97,75.63
2020-06-29,0.14,0.16,0.28,0.64,1.39,2.94,1.74,,,,31.78,41.58,75.52
2020-06-30,0.16,0.16,0.29,0.66,1.41,2.93,1.68,,,,30.43,41.64,75.53
2020-07-01,0.14,0.17,0.31,0.69,1.43,2.89,1.71,,,,28.62,42.18,75.5
2020-07-02,0.14,0.16,0.29,0.68,1.43,2.87,1.69,,,,27.68,43.19,74.78
2020-07-03,,,,,,,,,,,,42.92,
2020-07-06,0.15,0.16,0.31,0.69,1.45,2.83,1.64,,,,27.94,42.73,74.62
2020-07-07,0.15,0.16,0.29,0.65,1.38,2.81,1.62,,,,29.43,43.28,74.81
2020-07-08,0.15,0.16,0.3,0.67,1.39,2.77,1.57,,,,28.08,43.67,74.94
2020-07-09,0.13,0.16,0.28,0.62,1.32,2.73,1.54,,,,29.26,42.35,75.12
2020-07-10,0.13,0.16,0.3,0.65,1.33,2.74,1.54,,,,27.29,43.27,75.14
2020-07-13,0.14,0.16,0.3,0.64,1.33,2.74,1.54,,,,32.19,42.85,75.16
2020-07-14,0.15,0.14,0.28,0.63,1.3,2.71,1.5,,,,29.52,42.97,75.38
2020-07-15,0.16,0.16,0.28,0.64,1.33,2.71,1.51,,,,27.76,43.96,75.11
2020-07-16,0.11,0.16,0.28,0.62,1.31,2.69,1.52,,,,28.0,43.71,75.11
2020-07-17,0.11,0.14,0.29,0.64,1.33,2.68,1.49,,,,25.68,43.53,74.93
2020-07-20,0.13,0.16,0.29,0.62,1.32,2.66,1.48,,,,24.46,43.3,74.77
2020-07-21,0.13,0.14,0.27,0.61,1.31,2.63,1.47,,,,24.84,44.31,74.54
2020-07-22,0.13,0.14,0.27,0.6,1.29,2.61,1.48,,,,24.32,43.98,74.56
2020-07-23,0.12,0.16,0.27,0.59,1.24,2.58,1.46,,,,26.08,42.96,74.81
2020-07-24,0.11,0.14,0.27,0.59,1.23,2.58,1.42,,,,25.84,43.29,74.77
2020-07-27,0.11,0.15,0.3,0.62,1.25,2.56,1.41,,,,24.74,43.39,74.77
2020-07-28,0.11,0.14,0.26,0.59,1.22,2.57,1.43,,,,25.44,43.11,74.91
2020-07-29,0.11,0.12,0.25,0.58,1.24,2.61,1.48,,,,24.1,43.51,74.92
2020-07-30,0.09,0.11,0.23,0.55,1.2,2.6,1.48,,,,24.76,42.98,74.88
2020-07-31,0.09,0.11,0.21,0.55,1.2,2.6,1.48,,,,24.46,43.13,74.9
2020-08-03,0.1,0.11,0.22,0.56,1.23,2.63,1.53,,,,24.28,43.76,75.2
2020-08-04,0.09,0.11,0.19,0.52,1.19,2.62,1.56,,,,23.76,43.99,75.06
2020-08-05,0.1,0.11,0.22,0.55,1.22,2.59,1.48,,,,22.99,44.92,74.8
2020-08-06,0.1,0.11,0.21,0.55,1.2,2.57,1.49,,,,22.65,45.04,74.87
2020-08-07,0.1,0.13,0.23,0.57,1.23,2.57,1.46,,,,22.21,44.07,75.04
2020-08-10,0.11,0.14,0.24,0.59,1.25,2.56,1.47,,,,22.13,44.19,74.91
2020-08-11,0.11,0.16,0.27,0.64,1.32,2.59,1.51,,,,24.03,43.68,74.61
2020-08-12,0.11,0.16,0.3,0.69,1.37,2.55,1.48,,,,22.28,45.09,74.73
2020-08-13,0.1,0.16,0.32,0.71,1.42,2.59,1.58,,,,22.13,44.87,74.81
2020-08-14,0.1,0.14,0.29,0.71,1.45,2.61,1.59,,,,22.05,44.86,74.87
2020-08-17,0.1,0.14,0.29,0.69,1.43,2.64,1.63,,,,21.35,44.91,74.74
2020-08-18,0.09,0.14,0.27,0.67,1.4,2.64,1.63,,,,21.51,45.34,74.62
2020-08-19,0.11,0.14,0.29,0.68,1.42,2.65,1.65,,,,22.54,45.21,74.85
2020-08-20,0.11,0.13,0.26,0.65,1.38,2.65,1.68,,,,22.72,44.56,75.01
2020-08-21,0.1,0.16,0.27,0.64,1.35,2.64,1.66,,,,22.54,43.94,74.92
2020-08-24,0.12,0.14,0.28,0.65,1.35,2.63,1.66,,,,22.37,44.43,74.17
2020-08-25,0.11,0.15,0.3,0.69,1.39,2.63,1.67,,,,22.03,46.01,74.2
2020-08-26,0.11,0.16,0.28,0.69,1.41,2.66,1.71,,,,23.27,45.79,74.22
2020-08-27,0.11,0.16,0.31,0.74,1.5,2.71,1.72,,,,24.47,44.84,73.89
2020-08-28,0.1,0.14,0.28,0.74,1.52,2.71,1.66,,,,22.96,45.22,73.11
2020-08-31,0.11,0.14,0.28,0.72,1.49,2.67,1.7,,,,26.41,,73.25
2020-09-01,0.12,0.13,0.26,0.68,1.43,2.67,1.66,,,,26.12,45.72,73.0
2020-09-02,0.12,0.14,0.26,0.66,1.38,2.64,1.6,,,,26.57,42.7,73.27
2020-09-03,0.11,0.13,0.24,0.63,1.34,2.64,1.59,,,,33.6,42.72,73.39
2020-09-04,0.11,0.14,0.3,0.72,1.46,2.68,1.62,,,,30.75,41.1,73.29
2020-09-07,,,,,,,,,,,,40.67,
2020-09-08,0.13,0.14,0.28,0.69,1.43,2.67,1.6,,,,31.46,38.53,73.78
2020-09-09,0.12,0.14,0.28,0.71,1.45,2.69,1.68,,,,28.81,39.98,73.38
2020-09-10,0.12,0.14,0.26,0.68,1.43,2.69,1.66,,,,29.71,39.27,73.43
2020-09-11,0.11,0.13,0.26,0.67,1.42,2.69,1.65,,,,26.87,38.8,73.45
2020-09-14,0.11,0.14,0.27,0.68,1.42,2.66,1.64,,,,25.85,38.57,73.42
2020-09-15,0.11,0.14,0.27,0.68,1.43,2.68,1.65,,,,25.59,39.54,73.57
2020-09-16,0.12,0.14,0.28,0.69,1.45,2.67,1.62,,,,26.04,41.23,73.54
2020-09-17,0.09,0.13,0.28,0.69,1.43,2.65,1.61,,,,26.46,42.35,73.6
2020-09-18,0.1,0.14,0.29,0.7,1.45,2.66,1.6,,,,25.83,42.16,73.54
2020-09-21,0.1,0.14,0.27,0.68,1.43,2.66,1.6,,,,27.78,40.37,73.58
2020-09-22,0.1,0.13,0.27,0.68,1.42,2.66,1.59,,,,26.86,40.84,73.5
2020-09-23,0.11,0.14,0.28,0.68,1.42,2.68,1.63,,,,28.58,41.09,73.53
2020-09-24,0.1,0.14,0.27,0.67,1.4,2.7,1.66,,,,28.51,41.24,73.9
2020-09-25,0.1,0.12,0.26,0.66,1.4,2.74,1.65,,,,26.38,40.91,73.71
2020-09-28,0.11,0.14,0.26,0.67,1.42,2.76,1.69,,,,26.19,41.59,73.79
2020-09-29,0.09,0.11,0.24,0.66,1.41,2.74,1.68,,,,26.27,40.33,73.78
2020-09-30,0.1,0.13,0.28,0.69,1.46,2.75,1.63,,,,26.37,40.3,73.54
2020-10-01,0.09,0.14,0.27,0.68,1.45,2.75,1.65,,,,26.7,39.75,73.18
2020-10-02,0.09,0.13,0.28,0.7,1.48,2.76,1.67,,,,27.63,38.0,73.35
2020-10-05,0.1,0.14,0.33,0.78,1.57,2.74,1.67,,,,27.96,39.78,73.09
2020-10-06,0.1,0.14,0.32,0.76,1.56,2.7,1.63,,,,29.48,41.27,73.4
2020-10-07,0.1,0.16,0.35,0.81,1.6,2.69,1.57,,,,28.06,40.62,73.28
2020-10-08,0.09,0.13,0.33,0.78,1.57,2.68,1.55,,,,26.36,42.0,73.33
2020-10-09,0.1,0.16,0.34,0.79,1.58,2.67,1.55,,,,25.0,41.63,72.98
2020-10-12,,,,,,,,,,,25.07,40.5,
2020-10-13,0.11,0.16,0.31,0.74,1.52,2.65,1.55,,,,26.07,41.34,73.45
2020-10-14,0.12,0.14,0.3,0.73,1.5,2.64,1.54,,,,26.4,41.81,73.24
2020-10-15,0.11,0.14,0.32,0.74,1.52,2.65,1.54,,,,26.97,41.61,73.48
2020-10-16,0.11,0.14,0.32,0.76,1.52,2.64,1.53,,,,27.41,41.34,73.42
2020-10-19,0.11,0.16,0.34,0.78,1.55,2.61,1.51,,,,29.18,41.29,73.31
2020-10-20,0.1,0.14,0.34,0.81,1.6,2.64,1.55,,,,29.35,41.62,73.47
2020-10-21,0.1,0.14,0.36,0.83,1.62,2.63,1.57,,,,28.65,40.09,73.62
2020-10-22,0.09,0.16,0.38,0.87,1.67,2.61,1.56,,,,28.11,41.28,73.65
2020-10-23,0.1,0.18,0.37,0.85,1.64,2.6,1.56,,,,27.55,40.71,73.86
2020-10-26,0.11,0.16,0.35,0.81,1.59,2.6,1.55,,,,32.46,39.06,73.93
2020-10-27,0.1,0.16,0.34,0.79,1.57,2.6,1.56,,,,33.35,39.72,73.62
2020-10-28,0.1,0.16,0.34,0.79,1.56,2.62,1.54,,,,40.28,37.86,74.19
2020-10-29,0.09,0.16,0.38,0.85,1.62,2.61,1.55,,,,37.59,36.56,74.42
2020-10-30,0.09,0.14,0.38,0.88,1.65,2.61,1.51,,,,38.02,36.33,74.59
2020-11-02,0.09,0.16,0.38,0.87,1.63,2.6,1.5,,,,37.13,37.78,74.51
2020-11-03,0.1,0.17,0.39,0.9,1.66,2.58,1.51,,,,35.55,38.17,74.61
2020-11-04,0.1,0.14,0.33,0.78,1.55,2.58,1.51,,,,29.57,39.68,74.36
2020-11-05,0.1,0.14,0.33,0.79,1.54,2.52,1.45,,,,27.58,39.47,73.93
2020-11-06,0.1,0.16,0.36,0.83,1.6,2.51,1.48,,,,24.86,38.08,73.96
2020-11-09,0.11,0.17,0.44,0.96,1.73,2.47,1.43,,,,25.75,40.93,74.03
2020-11-10,0.1,0.19,0.46,0.98,1.75,2.44,1.44,,,,24.8,42.25,74.31
2020-11-11,,,,,,,,,,,23.45,42.5,
2020-11-12,0.1,0.17,0.4,0.88,1.64,2.45,1.48,,,,25.35,42.16,74.63
2020-11-13,0.09,0.17,0.41,0.89,1.65,2.44,1.46,,,,23.1,41.51,74.56
2020-11-16,0.09,0.19,0.41,0.91,1.66,2.42,1.44,,,,22.45,42.71,74.41
2020-11-17,0.09,0.18,0.39,0.87,1.62,2.42,1.44,,,,22.71,42.54,74.42
2020-11-18,0.09,0.16,0.4,0.88,1.62,2.39,1.38,,,,23.84,42.91,74.1
2020-11-19,0.07,0.18,0.39,0.86,1.58,2.35,1.42,,,,23.11,43.09,74.16
2020-11-20,0.07,0.16,0.38,0.83,1.53,2.35,1.41,,,,23.7,43.79,74.12
2020-11-23,0.08,0.16,0.39,0.86,1.56,2.33,1.38,,,,22.66,45.0,74.21
2020-11-24,0.09,0.16,0.39,0.88,1.6,2.31,1.38,,,,21.64,46.63,74.08
2020-11-25,0.09,0.17,0.39,0.88,1.62,2.32,1.38,,,,21.25,47.3,73.75
2020-11-26,,,,,,,,,,,,46.32,
2020-11-27,0.09,0.16,0.37,0.84,1.57,2.32,1.36,,,,20.84,46.88,
2020-11-30,0.08,0.16,0.36,0.84,1.58,2.29,1.36,,,,20.57,46.84,74.01
2020-12-01,0.09,0.17,0.42,0.92,1.66,2.28,1.31,,,,20.77,47.03,73.51
2020-12-02,0.09,0.16,0.42,0.95,1.7,2.24,1.3,,,,21.17,47.8,73.72
2020-12-03,0.08,0.16,0.4,0.92,1.67,2.23,1.29,,,,21.28,48.37,73.8
2020-12-04,0.09,0.16,0.42,0.97,1.73,2.23,1.29,,,,20.79,49.1,73.78
2020-12-07,0.08,0.14,0.4,0.94,1.69,2.22,1.32,,,,21.3,48.63,73.83
2020-12-08,0.09,0.14,0.39,0.92,1.67,2.22,1.33,,,,20.68,48.84,73.68
2020-12-09,0.08,0.16,0.41,0.95,1.69,2.24,1.34,,,,22.27,48.81,73.71
2020-12-10,0.08,0.14,0.39,0.92,1.65,2.22,1.37,,,,22.52,50.33,73.72
2020-12-11,0.08,0.11,0.37,0.9,1.63,2.23,1.37,,,,23.31,50.01,73.73
2020-12-14,0.09,0.13,0.37,0.9,1.63,2.24,1.35,,,,24.72,50.27,73.64
2020-12-15,0.08,0.11,0.37,0.92,1.65,2.26,1.39,,,,22.89,50.77,73.56
2020-12-16,0.09,0.13,0.37,0.92,1.66,2.25,1.35,,,,22.5,50.83,73.65
2020-12-17,0.08,0.13,0.38,0.94,1.68,2.23,1.34,,,,21.93,51.2,73.53
2020-12-18,0.08,0.13,0.39,0.95,1.7,2.24,1.37,,,,21.57,52.17,73.53
2020-12-21,0.09,0.13,0.39,0.95,1.68,2.23,1.33,,,,25.16,50.61,74.03
2020-12-22,0.09,0.13,0.37,0.93,1.65,2.22,1.3,,,,24.23,49.88,73.85
2020-12-23,0.09,0.13,0.38,0.96,1.7,2.24,1.32,,,,23.31,51.05,73.77
2020-12-24,0.09,0.13,0.37,0.94,1.66,2.23,1.32,,,,21.53,50.88,
2020-12-25,,,,,,,,,,,,,
2020-12-28,0.11,0.13,0.38,0.94,1.67,2.22,1.31,,,,21.7,50.88,73.5
2020-12-29,0.1,0.12,0.37,0.94,1.67,2.22,1.31,,,,23.08,50.44,73.33
2020-12-30,0.08,0.12,0.37,0.93,1.66,2.2,1.29,,,,22.77,50.74,73.13
2020-12-31,0.09,0.13,0.36,0.93,1.65,2.18,1.3,,,,22.75,51.22,73.01
2021-01-01,,,,,,,,,,,,,
2021-01-04,0.09,0.11,0.36,0.93,1.66,2.19,1.35,,,,26.97,50.37,73.08
2021-01-05,0.09,0.13,0.38,0.96,1.7,2.23,1.32,,,,25.34,53.16,73.15
2021-01-06,0.09,0.14,0.43,1.04,1.81,2.27,1.32,,,,25.07,53.8,73.15
2021-01-07,0.09,0.14,0.46,1.08,1.85,2.23,1.38,,,,22.37,53.7,73.43
2021-01-08,0.08,0.14,0.49,1.13,1.87,2.19,1.35,,,,21.56,55.51,73.31
2021-01-11,0.08,0.14,0.5,1.15,1.88,2.15,1.33,,,,24.08,54.84,73.5
2021-01-12,0.09,0.14,0.5,1.15,1.88,2.16,1.35,,,,23.33,55.98,73.26
2021-01-13,0.09,0.14,0.48,1.1,1.82,2.13,1.33,,,,22.21,55.52,73.07
2021-01-14,0.09,0.16,0.49,1.15,1.88,2.12,1.39,,,,23.25,55.76,73.11
2021-01-15,0.09,0.13,0.46,1.11,1.85,2.13,1.35,,,,24.34,54.8,73.08
2021-01-18,,,,,,,,,,,,54.21,
2021-01-19,0.09,0.14,0.45,1.1,1.84,2.11,1.34,,,,23.24,55.38,73.2
2021-01-20,0.08,0.13,0.45,1.1,1.84,2.11,1.35,,,,21.58,55.66,
2021-01-21,0.09,0.13,0.45,1.12,1.87,2.12,1.41,,,,21.32,55.68,72.96
2021-01-22,0.08,0.13,0.44,1.1,1.85,2.14,1.41,,,,21.91,55.22,72.98
2021-01-25,0.09,0.13,0.42,1.05,1.8,2.15,1.44,,,,23.19,55.44,73.01
2021-01-26,0.07,0.11,0.42,1.05,1.8,2.16,1.42,,,,23.02,55.26,72.9
2021-01-27,0.08,0.12,0.41,1.04,1.79,2.16,1.38,,,,37.21,55.07,73.05
2021-01-28,0.07,0.12,0.42,1.07,1.81,2.17,1.41,,,,30.21,54.87,72.91
2021-01-29,0.06,0.11,0.45,1.11,1.87,2.17,1.4,,,,33.09,55.25,72.84
2021-02-01,0.07,0.11,0.42,1.09,1.84,2.19,1.44,,,,30.24,56.42,73.11
2021-02-02,0.07,0.11,0.45,1.12,1.87,2.18,1.46,,,,25.56,57.62,72.95
2021-02-03,0.04,0.11,0.46,1.15,1.92,2.17,1.49,,,,22.91,58.61,72.84
2021-02-04,0.04,0.11,0.46,1.15,1.93,2.19,1.46,,,,21.77,58.98,72.93
2021-02-05,0.03,0.09,0.47,1.19,1.97,2.18,1.44,,,,20.87,59.48,72.85
2021-02-08,0.05,0.11,0.48,1.19,1.96,2.14,1.42,,,,21.24,60.17,72.9
2021-02-09,0.04,0.11,0.48,1.18,1.95,2.15,1.42,,,,21.63,60.74,72.83
2021-02-10,0.05,0.11,0.46,1.15,1.92,2.16,1.43,,,,21.99,61.17,72.82
2021-02-11,0.05,0.11,0.46,1.16,1.94,2.18,1.44,,,,21.25,61.09,72.69
2021-02-12,0.04,0.11,0.5,1.2,2.01,2.19,1.45,,,,19.97,62.47,72.6
2021-02-15,,,,,,,,,,,,63.58,
2021-02-16,0.04,0.13,0.57,1.3,2.08,2.15,1.42,,,,21.46,63.96,72.86
2021-02-17,0.04,0.11,0.57,1.29,2.06,2.13,1.37,,,,21.5,65.02,72.81
2021-02-18,0.03,0.11,0.56,1.29,2.08,2.13,1.41,,,,22.49,64.09,72.65
2021-02-19,0.04,0.11,0.59,1.34,2.14,2.14,1.42,,,,22.05,62.84,72.5
2021-02-22,0.03,0.11,0.61,1.37,2.19,2.16,1.44,,,,23.45,64.73,72.48
2021-02-23,0.04,0.11,0.59,1.37,2.21,2.2,1.51,,,,23.11,65.16,72.44
2021-02-24,0.03,0.12,0.62,1.38,2.24,2.22,1.54,,,,21.34,66.85,72.38
2021-02-25,0.04,0.17,0.81,1.54,2.33,2.12,1.42,,,,28.89,66.69,72.74
2021-02-26,0.04,0.14,0.75,1.44,2.17,2.12,1.42,,,,27.95,65.86,73.92
2021-03-01,0.05,0.13,0.71,1.45,2.23,2.13,1.4,,,,23.35,64.56,73.4
2021-03-02,0.04,0.13,0.67,1.42,2.21,2.15,1.46,,,,24.1,63.17,73.29
2021-03-03,0.05,0.14,0.73,1.47,2.25,2.14,1.47,,,,26.67,64.7,72.85
2021-03-04,0.04,0.14,0.77,1.54,2.3,2.13,1.46,,,,28.57,67.32,72.73
2021-03-05,0.04,0.14,0.79,1.56,2.28,2.13,1.41,,,,24.66,69.95,73.21
2021-03-08,0.05,0.17,0.86,1.59,2.31,2.14,1.41,,,,25.47,68.0,73.32
2021-03-09,0.05,0.17,0.83,1.55,2.26,2.16,1.43,,,,24.03,67.03,72.89
2021-03-10,0.04,0.16,0.8,1.53,2.24,2.17,1.46,,,,22.56,67.53,72.86
2021-03-11,0.04,0.14,0.78,1.54,2.29,2.18,1.48,,,,21.91,69.34,72.69
2021-03-12,0.04,0.14,0.85,1.64,2.4,2.19,1.49,,,,20.69,68.87,72.71
2021-03-15,0.04,0.14,0.84,1.62,2.37,2.18,1.48,,,,20.03,68.78,72.58
2021-03-16,0.02,0.15,0.83,1.62,2.38,2.19,1.5,,,,19.79,67.95,72.52
2021-03-17,0.02,0.13,0.8,1.63,2.42,2.23,1.54,,,,19.23,67.73,72.56
2021-03-18,0.01,0.16,0.86,1.71,2.45,2.17,1.48,,,,21.58,62.11,72.63
2021-03-19,0.01,0.16,0.9,1.74,2.45,2.1,1.39,,,,20.95,64.0,72.45
2021-03-22,0.03,0.15,0.87,1.69,2.38,2.08,1.38,,,,18.88,63.89,72.37
2021-03-23,0.01,0.15,0.83,1.63,2.34,2.11,1.4,,,,20.3,59.96,72.52
2021-03-24,0.02,0.14,0.83,1.62,2.31,2.1,1.38,,,,21.2,63.7,72.59
2021-03-25,0.02,0.14,0.82,1.63,2.34,2.11,1.39,,,,19.81,61.21,72.69
2021-03-26,0.02,0.14,0.85,1.67,2.37,2.09,1.39,,,,18.86,63.77,72.65
2021-03-29,0.03,0.14,0.89,1.73,2.43,2.08,1.35,,,,20.74,64.06,72.75
2021-03-30,0.02,0.16,0.9,1.73,2.38,2.04,1.31,,,,19.61,63.28,73.45
2021-03-31,0.03,0.16,0.92,1.74,2.41,2.03,1.3,,,,19.4,63.52,73.14
2021-04-01,0.02,0.17,0.9,1.69,2.34,1.98,1.22,,,,17.33,63.85,73.32
2021-04-02,0.02,0.19,0.97,1.72,2.35,,,,,,,,73.37
2021-04-05,0.03,0.17,0.94,1.73,2.36,1.93,1.21,,,,17.91,,73.29
2021-04-06,0.02,0.16,0.88,1.67,2.32,1.95,1.25,,,,18.12,61.47,73.49
2021-04-07,0.02,0.16,0.87,1.68,2.35,1.96,1.28,,,,17.16,61.86,74.35
2021-04-08,0.01,0.14,0.85,1.64,2.32,1.98,1.29,,,,16.95,62.09,74.57
2021-04-09,0.02,0.16,0.87,1.67,2.34,1.96,1.25,,,,16.69,61.89,74.72
2021-04-12,0.02,0.18,0.89,1.69,2.34,1.95,1.24,,,,16.91,62.38,75.03
2021-04-13,0.03,0.16,0.85,1.64,2.32,1.97,1.25,,,,16.65,62.83,75.27
2021-04-14,0.02,0.16,0.87,1.64,2.32,1.98,1.26,,,,16.99,66.11,75.07
2021-04-15,0.02,0.16,0.81,1.56,2.23,1.95,1.22,,,,16.57,66.13,74.81
2021-04-16,0.02,0.16,0.84,1.59,2.26,1.97,1.26,,,,16.25,65.98,74.48
2021-04-19,0.02,0.16,0.85,1.61,2.29,1.99,1.29,,,,17.29,66.54,74.87
2021-04-20,0.03,0.15,0.81,1.58,2.27,2.0,1.29,,,,18.68,65.34,75.38
2021-04-21,0.03,0.15,0.81,1.57,2.26,2.01,1.3,,,,17.5,64.02,75.42
2021-04-22,0.03,0.16,0.81,1.57,2.24,1.99,1.29,,,,18.71,65.07,75.11
2021-04-23,0.03,0.16,0.83,1.58,2.25,1.99,1.3,,,,17.33,65.75,74.97
2021-04-26,0.03,0.18,0.85,1.58,2.24,1.98,1.29,,,,17.64,65.5,74.75
2021-04-27,0.01,0.17,0.88,1.63,2.29,1.97,1.28,,,,17.56,66.25,74.58
2021-04-28,0.01,0.17,0.86,1.63,2.29,1.98,1.29,,,,17.28,67.08,74.49
2021-04-29,0.01,0.16,0.86,1.65,2.31,1.97,1.27,,,,17.61,68.26,74.07
2021-04-30,0.01,0.16,0.86,1.65,2.3,1.96,1.29,,,,18.61,67.73,74.0
2021-05-03,0.04,0.16,0.84,1.63,2.3,1.96,1.29,,,,18.31,,73.82
2021-05-04,0.02,0.16,0.82,1.61,2.27,1.97,1.29,,,,19.48,68.91,73.8
2021-05-05,0.02,0.16,0.8,1.59,2.25,1.98,1.3,,,,19.15,69.71,73.81
2021-05-06,0.02,0.16,0.81,1.58,2.24,1.96,1.29,,,,18.39,68.62,73.64
2021-05-07,0.02,0.14,0.77,1.6,2.28,1.97,1.31,,,,16.69,68.73,73.27
2021-05-10,0.02,0.16,0.8,1.63,2.32,1.98,1.32,,,,19.66,68.61,73.41
2021-05-11,0.01,0.16,0.8,1.64,2.35,2.01,1.37,,,,21.84,68.83,73.39
2021-05-12,0.02,0.16,0.87,1.69,2.4,2.02,1.39,,,,27.59,69.62,73.53
2021-05-13,0.02,0.16,0.84,1.66,2.39,2.04,1.39,,,,23.13,67.36,73.48
2021-05-14,0.01,0.16,0.82,1.63,2.35,2.03,1.37,,,,18.81,69.24,73.23
2021-05-17,0.02,0.16,0.84,1.64,2.36,2.02,1.36,,,,19.72,69.62,73.3
2021-05-18,0.02,0.16,0.83,1.64,2.37,2.03,1.37,,,,21.34,69.01,73.04
2021-05-19,0.01,0.16,0.87,1.68,2.38,2.02,1.36,,,,22.18,66.88,73.2
2021-05-20,0.01,0.15,0.83,1.63,2.34,2.02,1.35,,,,20.67,65.18,73.03
2021-05-21,0.01,0.17,0.84,1.63,2.33,2.01,1.34,,,,20.15,66.72,72.82
2021-05-24,0.02,0.15,0.82,1.61,2.31,2.0,1.33,,,,18.4,68.59,72.86
2021-05-25,0.02,0.15,0.79,1.56,2.26,2.01,1.33,,,,18.84,68.8,72.78
2021-05-26,0.02,0.14,0.8,1.58,2.27,1.98,1.3,,,,17.36,68.93,72.71
2021-05-27,0.02,0.14,0.81,1.61,2.29,1.98,1.32,,,,16.74,69.43,72.59
2021-05-28,0.01,0.14,0.79,1.58,2.26,1.99,1.32,,,,16.76,69.36,72.42
2021-05-31,,,,,,,,,,,,,
2021-06-01,0.02,0.16,0.81,1.62,2.3,1.97,1.31,,,,17.9,70.03,72.83
2021-06-02,0.02,0.13,0.8,1.59,2.28,1.98,1.35,,,,17.48,70.6,72.97
2021-06-03,0.02,0.16,0.84,1.63,2.3,1.96,1.33,,,,18.04,70.71,73.01
2021-06-04,0.02,0.14,0.78,1.56,2.24,1.98,1.32,,,,16.42,71.3,72.87
2021-06-07,0.02,0.16,0.79,1.57,2.25,1.98,1.34,,,,16.42,70.89,72.8
2021-06-08,0.02,0.14,0.77,1.53,2.21,1.98,1.33,,,,17.07,71.39,72.93
2021-06-09,0.03,0.16,0.75,1.5,2.17,1.96,1.31,,,,17.89,71.31,72.98
2021-06-10,0.03,0.14,0.73,1.45,2.15,2.0,1.36,,,,16.1,71.65,73.1
2021-06-11,0.03,0.16,0.76,1.47,2.15,1.97,1.33,,,,15.65,72.05,73.24
2021-06-14,0.03,0.16,0.8,1.51,2.19,1.96,1.32,,,,16.39,72.27,73.16
2021-06-15,0.03,0.16,0.79,1.51,2.2,1.96,1.32,,,,17.02,73.38,73.35
2021-06-16,0.04,0.21,0.89,1.57,2.2,1.91,1.23,,,,18.15,73.88,73.31
2021-06-17,0.04,0.23,0.9,1.52,2.11,1.84,1.19,,,,17.75,72.92,74.16
2021-06-18,0.05,0.26,0.89,1.45,2.01,1.85,1.19,,,,20.7,73.1,74.14
2021-06-21,0.05,0.27,0.9,1.5,2.11,1.88,1.21,,,,17.89,74.49,74.18
2021-06-22,0.04,0.25,0.87,1.48,2.1,1.9,1.24,,,,16.66,74.92,74.37
2021-06-23,0.05,0.26,0.9,1.5,2.11,1.89,1.22,,,,16.32,75.22,74.13
2021-06-24,0.05,0.26,0.9,1.49,2.1,1.88,1.22,,,,15.97,75.95,74.14
2021-06-25,0.06,0.28,0.92,1.54,2.16,1.9,1.23,,,,15.62,76.45,74.14
2021-06-28,0.05,0.25,0.9,1.49,2.1,1.88,1.18,,,,15.76,74.78,74.29
2021-06-29,0.04,0.27,0.89,1.49,2.1,1.87,1.18,,,,16.02,75.38,74.29
2021-06-30,0.05,0.25,0.87,1.45,2.06,1.87,1.18,,,,15.83,76.94,74.33
2021-07-01,0.05,0.25,0.89,1.48,2.07,1.86,1.16,,,,15.48,76.69,74.56
2021-07-02,0.05,0.24,0.86,1.44,2.05,1.87,1.18,,,,15.07,77.51,74.51
2021-07-05,,,,,,,,,,,,78.34,
2021-07-06,0.05,0.22,0.81,1.37,2.0,1.9,1.23,,,,16.44,75.81,74.58
2021-07-07,0.05,0.22,0.79,1.33,1.94,1.89,1.24,,,,16.2,74.31,74.81
2021-07-08,0.06,0.19,0.74,1.3,1.91,1.91,1.24,,,,19.0,75.07,74.76
2021-07-09,0.06,0.23,0.79,1.37,1.99,1.91,1.25,,,,16.18,77.14,74.53
2021-07-12,0.05,0.23,0.81,1.38,2.0,1.91,1.26,,,,16.17,76.77,74.56
2021-07-13,0.05,0.26,0.85,1.42,2.04,1.91,1.25,,,,17.12,77.5,74.51
2021-07-14,0.06,0.23,0.8,1.37,1.98,1.91,1.25,,,,16.33,75.74,74.54
2021-07-15,0.05,0.23,0.78,1.31,1.92,1.92,1.24,,,,17.01,74.53,74.55
2021-07-16,0.05,0.25,0.79,1.31,1.93,1.93,1.25,,,,18.45,74.46,74.61
2021-07-19,0.05,0.21,0.7,1.19,1.81,1.97,1.3,,,,22.5,69.33,74.85
2021-07-20,0.05,0.2,0.69,1.23,1.88,1.98,1.29,,,,19.73,70.03,74.6
2021-07-21,0.05,0.22,0.74,1.3,1.94,1.96,1.27,,,,17.91,72.54,74.49
2021-07-22,0.05,0.2,0.71,1.27,1.9,1.95,1.27,,,,17.69,74.25,74.46
2021-07-23,0.05,0.22,0.72,1.3,1.92,1.93,1.27,,,,17.2,74.86,74.44
2021-07-26,0.05,0.22,0.73,1.29,1.93,1.94,1.27,,,,17.58,74.79,74.35
2021-07-27,0.05,0.2,0.71,1.25,1.89,1.95,1.28,,,,19.36,74.87,74.5
2021-07-28,0.05,0.2,0.72,1.26,1.9,1.96,1.26,,,,18.31,75.09,74.52
2021-07-29,0.06,0.2,0.73,1.28,1.91,1.94,1.23,,,,17.7,76.3,74.25
2021-07-30,0.06,0.19,0.69,1.24,1.89,1.95,1.27,,,,18.24,77.72,74.34
2021-08-02,0.05,0.17,0.66,1.2,1.86,1.95,1.28,,,,19.46,73.91,74.35
2021-08-03,0.05,0.17,0.65,1.19,1.85,1.97,1.3,,,,18.04,73.24,74.25
2021-08-04,0.05,0.17,0.67,1.19,1.83,1.96,1.3,,,,17.97,70.99,74.15
2021-08-05,0.05,0.21,0.72,1.23,1.86,1.95,1.27,,,,17.28,72.14,74.1
2021-08-06,0.06,0.21,0.77,1.31,1.94,1.94,1.27,,,,16.15,71.02,74.19
2021-08-09,0.06,0.23,0.79,1.33,1.96,1.95,1.27,,,,16.72,69.65,74.31
2021-08-10,0.05,0.24,0.82,1.36,1.99,1.95,1.26,,,,16.79,71.14,74.5
2021-08-11,0.05,0.23,0.81,1.35,1.99,1.99,1.31,,,,16.06,71.99,74.25
2021-08-12,0.06,0.23,0.83,1.36,2.03,1.99,1.3,,,,15.59,71.79,74.31
2021-08-13,0.06,0.23,0.79,1.29,1.94,1.98,1.29,,,,15.45,70.9,74.24
2021-08-16,0.06,0.21,0.75,1.26,1.92,1.97,1.28,,,,16.12,70.07,74.19
2021-08-17,0.07,0.23,0.77,1.26,1.92,1.98,1.28,,,,17.91,69.4,74.38
2021-08-18,0.07,0.23,0.79,1.27,1.91,1.97,1.26,,,,21.57,68.61,74.27
2021-08-19,0.06,0.22,0.78,1.24,1.88,1.98,1.28,,,,21.67,66.8,74.38
2021-08-20,0.05,0.23,0.8,1.26,1.87,1.96,1.25,,,,18.56,65.51,74.35
2021-08-23,0.05,0.23,0.78,1.25,1.87,1.97,1.24,,,,17.15,69.07,74.12
2021-08-24,0.05,0.24,0.8,1.29,1.91,1.95,1.24,,,,17.22,71.21,74.13
2021-08-25,0.06,0.23,0.84,1.35,1.96,1.93,1.23,,,,16.79,72.12,74.23
2021-08-26,0.05,0.25,0.84,1.34,1.94,1.92,1.23,,,,18.84,70.42,74.13
2021-08-27,0.05,0.22,0.79,1.31,1.91,1.92,1.23,,,,16.39,72.26,73.47
2021-08-30,0.05,0.2,0.77,1.29,1.9,1.92,1.22,,,,16.19,,73.29
2021-08-31,0.04,0.2,0.77,1.3,1.92,1.94,1.24,,,,16.48,73.45,72.95
2021-09-01,0.05,0.2,0.78,1.31,1.92,1.92,1.23,,,,16.11,71.99,72.99
2021-09-02,0.05,0.2,0.78,1.29,1.9,1.92,1.22,,,,16.41,73.56,72.99
2021-09-03,0.05,0.21,0.78,1.33,1.94,1.91,1.21,,,,16.41,73.07,72.98
2021-09-06,,,,,,,,,,,,72.43,
2021-09-07,0.05,0.22,0.82,1.38,1.99,1.91,1.21,,,,18.14,71.52,73.44
2021-09-08,0.05,0.22,0.81,1.35,1.95,1.91,1.2,,,,17.96,72.36,73.84
2021-09-09,0.04,0.23,0.79,1.3,1.9,1.9,1.21,,,,18.8,71.32,73.52
2021-09-10,0.05,0.23,0.82,1.35,1.94,1.88,1.16,,,,20.95,72.44,73.52
2021-09-13,0.06,0.21,0.81,1.33,1.91,1.87,1.15,,,,19.37,72.97,73.58
2021-09-14,0.04,0.21,0.79,1.28,1.85,1.87,1.14,,,,19.46,73.05,73.64
2021-09-15,0.04,0.21,0.81,1.31,1.87,1.85,1.13,,,,18.18,74.84,73.47
2021-09-16,0.04,0.23,0.84,1.34,1.88,1.84,1.11,,,,18.69,75.14,73.56
2021-09-17,0.04,0.23,0.88,1.37,1.91,1.83,1.11,,,,20.81,74.64,73.64
2021-09-20,0.04,0.23,0.83,1.31,1.85,1.84,1.11,,,,25.71,73.59,73.65
2021-09-21,0.03,0.22,0.84,1.33,1.86,1.83,1.12,,,,24.36,73.65,73.71
2021-09-22,0.03,0.25,0.86,1.32,1.84,1.83,1.13,,,,20.87,75.5,73.8
2021-09-23,0.03,0.27,0.94,1.41,1.92,1.81,1.11,,,,18.63,76.44,73.7
2021-09-24,0.03,0.29,0.97,1.47,1.99,1.8,1.12,,,,17.75,77.42,73.81
2021-09-27,0.04,0.31,0.98,1.48,1.99,1.78,1.11,,,,18.76,78.85,73.86
2021-09-28,0.04,0.31,1.02,1.54,2.07,1.8,1.14,,,,23.25,78.3,74.21
2021-09-29,0.04,0.3,1.01,1.55,2.09,1.81,1.14,,,,22.56,77.86,74.28
2021-09-30,0.04,0.28,0.98,1.52,2.08,1.85,1.18,,,,23.14,77.81,74.16
2021-10-01,0.04,0.27,0.93,1.48,2.04,1.85,1.17,,,,21.15,79.4,74.15
2021-10-04,0.04,0.27,0.95,1.49,2.05,1.85,1.16,,,,22.96,81.44,74.46
2021-10-05,0.04,0.28,0.98,1.54,2.1,1.84,1.17,,,,21.3,82.72,74.51
2021-10-06,0.04,0.3,0.99,1.53,2.08,1.84,1.16,,,,21.0,81.39,74.82
2021-10-07,0.05,0.32,1.02,1.58,2.13,1.85,1.17,,,,19.54,82.34,74.85
2021-10-08,0.05,0.32,1.05,1.61,2.16,1.84,1.16,,,,18.77,82.17,75.05
2021-10-11,,,,,,,,,,,20.0,83.75,
2021-10-12,0.06,0.35,1.08,1.59,2.1,1.82,1.16,,,,19.85,83.53,75.46
2021-10-13,0.05,0.37,1.09,1.56,2.05,1.79,1.1,,,,18.64,83.53,75.33
2021-10-14,0.05,0.36,1.05,1.52,2.02,1.81,1.1,,,,16.86,83.86,75.18
2021-10-15,0.05,0.41,1.13,1.59,2.05,1.76,1.07,,,,16.3,84.67,74.98
2021-10-18,0.06,0.44,1.16,1.59,2.01,1.72,1.04,,,,16.31,84.13,75.32
2021-10-19,0.05,0.41,1.17,1.65,2.09,1.72,1.05,,,,15.7,85.02,75.06
2021-10-20,0.05,0.4,1.16,1.65,2.12,1.75,1.08,,,,15.49,85.76,74.83
2021-10-21,0.06,0.45,1.23,1.68,2.13,1.74,1.08,,,,15.01,84.58,74.8
2021-10-22,0.06,0.48,1.22,1.66,2.08,1.72,1.06,,,,15.43,85.43,74.87
2021-10-25,0.06,0.47,1.19,1.64,2.09,1.73,1.08,,,,15.24,84.85,75.05
2021-10-26,0.06,0.47,1.2,1.63,2.05,1.71,1.07,,,,15.98,85.11,74.9
2021-10-27,0.06,0.5,1.16,1.54,1.95,1.69,1.05,,,,16.98,84.12,75.01
2021-10-28,0.06,0.5,1.18,1.57,1.96,1.69,1.04,,,,16.53,83.4,74.77
2021-10-29,0.05,0.48,1.18,1.55,1.93,1.69,1.04,,,,16.26,83.1,75.0
2021-11-01,0.05,0.5,1.2,1.58,1.98,1.69,1.03,,,,16.41,84.51,74.83
2021-11-02,0.05,0.46,1.15,1.56,1.96,1.71,1.07,,,,16.03,84.42,74.63
2021-11-03,0.05,0.47,1.19,1.6,2.0,1.7,1.04,,,,15.1,81.1,74.51
2021-11-04,0.04,0.41,1.1,1.53,1.96,1.73,1.05,,,,15.44,80.15,74.53
2021-11-05,0.05,0.39,1.04,1.45,1.87,1.73,1.05,,,,16.48,82.43,74.22
2021-11-08,0.06,0.45,1.13,1.51,1.89,1.67,0.99,,,,17.22,83.22,73.91
2021-11-09,0.04,0.41,1.08,1.46,1.83,1.67,1.0,,,,17.78,84.52,74.1
2021-11-10,0.05,0.51,1.23,1.56,1.92,1.66,1.01,,,,18.73,82.91,74.26
2021-11-11,,,,,,,,,,,17.66,83.4,
2021-11-12,0.05,0.53,1.24,1.58,1.95,1.69,1.03,,,,16.29,82.9,74.4
2021-11-15,0.05,0.53,1.26,1.63,2.01,1.7,1.03,,,,16.49,81.94,74.35
2021-11-16,0.05,0.54,1.27,1.63,2.02,1.72,1.08,,,,16.37,82.85,74.48
2021-11-17,0.05,0.52,1.24,1.6,2.0,1.74,1.06,,,,17.11,80.67,74.28
2021-11-18,0.05,0.52,1.22,1.59,1.97,1.73,1.1,,,,17.59,82.45,74.25
2021-11-19,0.05,0.52,1.22,1.54,1.91,1.73,1.09,,,,17.91,80.24,74.25
2021-11-22,0.05,0.63,1.33,1.63,1.98,1.71,1.07,,,,19.17,80.97,74.37
2021-11-23,0.06,0.6,1.33,1.67,2.02,1.73,1.09,,,,19.38,83.43,74.49
2021-11-24,0.06,0.64,1.34,1.64,1.96,1.72,1.08,,,,18.58,82.37,74.57
2021-11-25,,,,,,,,,,,,82.05,
2021-11-26,0.06,0.5,1.16,1.48,1.83,1.82,1.13,,,,28.62,72.37,74.89
2021-11-29,0.06,0.51,1.18,1.52,1.87,1.81,1.15,,,,22.96,73.34,75.12
2021-11-30,0.05,0.52,1.14,1.43,1.78,1.81,1.14,,,,27.19,70.86,75.1
2021-12-01,0.06,0.56,1.15,1.43,1.77,1.81,1.16,,,,31.12,69.53,74.83
2021-12-02,0.05,0.63,1.21,1.44,1.76,1.8,1.15,,,,27.95,70.56,74.89
2021-12-03,0.06,0.6,1.13,1.35,1.69,1.81,1.14,,,,30.67,70.71,75.24
2021-12-06,0.05,0.65,1.21,1.43,1.75,1.79,1.11,,,,27.18,73.38,75.39
2021-12-07,0.06,0.7,1.26,1.48,1.8,1.75,1.08,,,,21.89,75.54,75.43
2021-12-08,0.07,0.68,1.27,1.52,1.87,1.79,1.11,,,,19.9,75.94,75.4
2021-12-09,0.06,0.7,1.26,1.49,1.87,1.81,1.16,,,,21.58,74.1,75.58
2021-12-10,0.06,0.67,1.25,1.48,1.88,1.83,1.19,,,,18.69,74.98,75.66
2021-12-13,0.05,0.66,1.21,1.42,1.81,1.82,1.18,,,,20.31,74.12,75.78
2021-12-14,0.05,0.67,1.23,1.44,1.82,1.82,1.16,,,,21.89,73.37,75.98
2021-12-15,0.05,0.69,1.26,1.47,1.86,1.83,1.2,,,,19.29,73.71,76.38
2021-12-16,0.05,0.64,1.19,1.44,1.87,1.87,1.23,,,,20.57,74.64,76.18
2021-12-17,0.05,0.66,1.18,1.41,1.82,1.87,1.22,,,,21.57,72.97,75.98
2021-12-20,0.07,0.65,1.17,1.43,1.85,1.89,1.23,,,,22.87,70.51,75.82
2021-12-21,0.07,0.7,1.24,1.48,1.89,1.88,1.22,,,,21.01,72.85,75.67
2021-12-22,0.08,0.68,1.23,1.46,1.86,1.86,1.23,,,,18.63,74.69,75.45
2021-12-23,0.07,0.71,1.25,1.5,1.91,1.86,1.24,,,,17.96,76.26,75.02
2021-12-24,,,,,,,,,,,,75.24,
2021-12-27,0.06,0.76,1.26,1.48,1.88,1.86,1.25,,,,17.68,,74.97
2021-12-28,0.06,0.74,1.27,1.49,1.9,1.86,1.22,,,,17.54,,74.67
2021-12-29,0.05,0.75,1.29,1.55,1.96,1.85,1.15,,,,16.95,78.63,74.58
2021-12-30,0.05,0.73,1.27,1.52,1.93,1.85,1.19,,,,17.33,78.61,74.39
2021-12-31,0.06,0.73,1.26,1.52,1.9,,,,,,17.22,77.24,
2022-01-03,0.08,0.78,1.37,1.63,2.01,1.82,1.16,,,,16.6,78.25,74.32
2022-01-04,0.08,0.77,1.37,1.66,2.07,1.84,1.16,,,,16.91,79.39,74.52
2022-01-05,0.09,0.83,1.43,1.71,2.09,1.8,1.13,,,,19.73,80.6,74.31
2022-01-06,0.1,0.88,1.47,1.73,2.09,1.78,1.08,,,,19.61,81.99,74.4
2022-01-07,0.1,0.87,1.5,1.76,2.11,1.78,1.12,,,,18.76,82.28,74.27
2022-01-10,0.13,0.92,1.53,1.78,2.11,1.76,1.14,,,,19.4,81.56,74.06
2022-01-11,0.11,0.9,1.51,1.75,2.08,1.76,1.11,,,,18.41,84.98,73.81
2022-01-12,0.12,0.92,1.5,1.74,2.08,1.77,1.12,,,,17.62,85.83,73.77
2022-01-13,0.12,0.91,1.47,1.7,2.05,1.8,1.13,,,,20.31,85.8,73.96
2022-01-14,0.13,0.99,1.55,1.78,2.12,1.79,1.14,,,,19.19,87.17,74.08
2022-01-17,,,,,,,,,,,,87.82,
2022-01-18,0.16,1.06,1.65,1.87,2.18,1.78,1.13,,,,22.79,88.83,74.56
2022-01-19,0.17,1.04,1.62,1.83,2.14,1.77,1.12,,,,23.85,89.64,74.39
2022-01-20,0.17,1.08,1.62,1.83,2.14,1.79,1.17,,,,25.59,89.75,74.32
2022-01-21,0.17,1.01,1.54,1.75,2.07,1.84,1.2,,,,28.85,89.75,74.28
2022-01-24,0.19,0.99,1.53,1.75,2.1,1.89,1.27,,,,29.9,87.74,74.72
2022-01-25,0.19,1.02,1.56,1.78,2.12,1.91,1.26,,,,31.16,89.49,74.73
2022-01-26,0.19,1.13,1.66,1.85,2.16,1.84,1.22,,,,31.96,91.22,74.87
2022-01-27,0.2,1.18,1.66,1.81,2.09,1.86,1.2,,,,30.49,90.7,75.18
2022-01-28,0.19,1.15,1.61,1.78,2.07,1.91,1.27,,,,27.66,91.47,75.0
2022-01-31,0.22,1.18,1.62,1.79,2.11,1.93,1.27,,,,24.83,92.35,74.6
2022-02-01,0.19,1.18,1.63,1.81,2.12,1.92,1.27,,,,21.96,90.24,74.78
2022-02-02,0.19,1.16,1.6,1.78,2.11,1.91,1.27,,,,22.09,91.43,74.77
2022-02-03,0.2,1.19,1.66,1.82,2.14,1.92,1.3,,,,24.35,92.99,74.71
2022-02-04,0.23,1.31,1.78,1.93,2.23,1.92,1.29,,,,23.22,96.86,74.61
2022-02-07,0.27,1.3,1.76,1.92,2.22,1.93,1.28,,,,22.86,97.28,74.68
2022-02-08,0.25,1.35,1.81,1.96,2.25,1.91,1.25,,,,21.44,96.07,74.71
2022-02-09,0.26,1.36,1.82,1.94,2.25,1.92,1.23,,,,19.96,94.95,74.8
2022-02-10,0.4,1.61,1.96,2.03,2.3,1.91,1.22,,,,23.91,96.37,75.07
2022-02-11,0.36,1.5,1.84,1.92,2.24,2.0,1.3,,,,27.36,97.5,75.34
2022-02-14,0.43,1.58,1.9,1.98,2.29,2.0,1.28,,,,28.33,101.66,75.63
2022-02-15,0.4,1.58,1.94,2.05,2.37,1.99,1.26,,,,25.7,98.43,75.2
2022-02-16,0.38,1.52,1.9,2.03,2.34,2.05,1.32,,,,24.29,97.44,75.03
2022-02-17,0.36,1.49,1.85,1.97,2.31,2.12,1.37,,,,28.11,95.28,75.02
2022-02-18,0.35,1.47,1.82,1.92,2.24,2.13,1.37,,,,27.75,96.18,74.63
2022-02-21,,,,,,,,,,,,98.95,
2022-02-22,0.37,1.56,1.85,1.94,2.24,2.13,1.4,,,,28.81,98.73,74.65
2022-02-23,0.34,1.58,1.89,1.99,2.29,2.1,1.37,,,,31.02,99.29,74.6
2022-02-24,0.32,1.54,1.84,1.96,2.28,2.24,1.4,,,,30.32,101.29,75.61
2022-02-25,0.33,1.55,1.86,1.97,2.29,2.2,1.4,,,,27.59,98.56,75.09
2022-02-28,0.35,1.44,1.71,1.83,2.17,2.34,1.43,,,,30.15,103.08,75.49
2022-03-01,0.32,1.31,1.56,1.72,2.11,2.25,1.48,,,,33.32,110.93,75.79
2022-03-02,0.34,1.5,1.74,1.86,2.24,2.24,1.46,,,,30.74,118.94,75.61
2022-03-03,0.38,1.53,1.74,1.86,2.24,2.24,1.45,,,,30.48,115.36,75.94
2022-03-04,0.34,1.5,1.65,1.74,2.16,2.31,1.5,,,,31.98,123.86,76.42
2022-03-07,0.38,1.55,1.71,1.78,2.19,2.32,1.53,,,,36.45,129.02,76.91
2022-03-08,0.36,1.63,1.8,1.86,2.24,2.35,1.55,,,,35.13,133.18,77.07
2022-03-09,0.38,1.68,1.87,1.94,2.29,2.32,1.47,,,,32.45,116.58,76.36
2022-03-10,0.39,1.72,1.92,1.98,2.38,2.38,1.52,,,,30.23,114.54,76.37
2022-03-11,0.4,1.75,1.96,2.0,2.36,2.35,1.47,,,,30.75,118.11,76.48
2022-03-14,0.45,1.87,2.1,2.14,2.47,2.33,1.43,,,,31.77,110.39,76.45
2022-03-15,0.46,1.85,2.1,2.15,2.49,2.36,1.48,,,,29.83,105.14,76.41
2022-03-16,0.44,1.95,2.18,2.19,2.46,2.23,1.37,,,,26.67,104.61,76.17
2022-03-17,0.4,1.94,2.17,2.2,2.5,2.17,1.27,,,,25.67,113.5,75.94
2022-03-18,0.42,1.97,2.14,2.14,2.42,2.14,1.14,,,,23.87,114.32,76.03
2022-03-21,0.54,2.14,2.33,2.32,2.55,2.07,1.14,,,,23.53,122.29,76.19
2022-03-22,0.51,2.18,2.39,2.38,2.6,2.05,1.13,,,,22.94,121.53,76.06
2022-03-23,0.5,2.13,2.34,2.32,2.52,2.03,1.19,,,,23.57,127.52,76.46
2022-03-24,0.52,2.13,2.37,2.34,2.51,2.01,1.15,,,,21.67,123.98,76.18
2022-03-25,0.55,2.3,2.55,2.48,2.6,1.96,1.06,,,,20.81,122.67,76.25
2022-03-28,0.59,2.35,2.54,2.46,2.57,1.94,1.05,,,,19.63,114.5,76.06
2022-03-29,0.55,2.35,2.49,2.41,2.53,1.91,1.06,,,,18.9,112.79,75.58
2022-03-30,0.55,2.31,2.44,2.35,2.48,1.93,1.05,,,,19.33,115.59,75.76
2022-03-31,0.52,2.28,2.42,2.32,2.44,1.93,1.06,,,,20.56,107.29,75.87
2022-04-01,0.53,2.44,2.55,2.39,2.44,1.81,0.93,,,,19.63,106.13,75.96
2022-04-04,0.66,2.43,2.56,2.42,2.48,1.81,0.91,,,,18.57,108.15,75.42
2022-04-05,0.65,2.51,2.69,2.54,2.57,1.77,0.9,,,,21.03,106.6,75.31
2022-04-06,0.67,2.5,2.7,2.61,2.63,1.77,0.9,,,,22.1,100.81,75.92
2022-04-07,0.68,2.47,2.7,2.66,2.69,1.78,0.89,,,,21.55,99.83,75.9
2022-04-08,0.7,2.53,2.76,2.72,2.76,1.78,0.88,,,,21.16,101.26,75.93
2022-04-11,0.77,2.5,2.79,2.79,2.84,1.82,0.94,,,,24.37,97.92,75.85
2022-04-12,0.74,2.39,2.66,2.72,2.82,1.92,1.03,,,,24.26,104.42,76.02
2022-04-13,0.75,2.37,2.66,2.7,2.81,1.94,1.07,,,,21.82,108.49,76.14
2022-04-14,0.79,2.47,2.79,2.83,2.92,1.93,1.05,,,,22.7,110.83,76.19
2022-04-15,,,,,,,,,,,,,76.32
2022-04-18,0.81,2.46,2.79,2.85,2.95,1.94,1.04,,,,22.17,,76.22
2022-04-19,0.81,2.61,2.91,2.93,3.01,1.91,1.02,,,,21.37,105.49,76.39
2022-04-20,0.82,2.6,2.87,2.85,2.9,1.91,1.02,,,,20.32,105.05,76.24
2022-04-21,0.83,2.68,2.96,2.9,2.94,1.93,1.02,,,,22.68,107.2,76.23
2022-04-22,0.83,2.72,2.94,2.9,2.95,1.96,1.06,,,,28.21,105.15,76.49
2022-04-25,0.91,2.63,2.84,2.81,2.88,2.03,1.11,,,,27.02,99.27,76.72
2022-04-26,0.83,2.54,2.79,2.77,2.86,2.06,1.15,,,,33.52,102.89,76.61
2022-04-27,0.82,2.58,2.81,2.82,2.91,2.05,1.15,,,,31.6,103.3,76.61
2022-04-28,0.82,2.63,2.86,2.85,2.92,2.06,1.14,,,,29.99,105.78,76.66
2022-04-29,0.85,2.7,2.92,2.89,2.96,2.05,1.12,,,,33.4,108.36,76.48
2022-05-02,0.9,2.73,3.01,2.99,3.07,2.08,1.19,,,,32.34,,76.49
2022-05-03,0.91,2.78,3.01,2.97,3.03,2.05,1.14,,,,29.25,104.94,76.49
2022-05-04,0.89,2.66,2.93,2.93,3.01,2.08,1.15,,,,25.42,110.53,76.24
2022-05-05,0.85,2.71,3.01,3.05,3.15,2.1,1.23,,,,31.2,112.11,76.54
2022-05-06,0.85,2.72,3.06,3.12,3.23,2.09,1.16,,,,30.19,113.86,76.9
2022-05-09,0.92,2.61,2.95,3.05,3.19,2.17,1.23,,,,34.75,106.67,77.45
2022-05-10,0.89,2.62,2.91,2.99,3.12,2.16,1.21,,,,32.99,102.61,77.31
2022-05-11,0.91,2.66,2.89,2.91,3.05,2.17,1.21,,,,32.56,107.7,77.28
2022-05-12,0.96,2.56,2.81,2.84,3.0,2.2,1.21,,,,31.77,108.06,77.39
2022-05-13,1.03,2.61,2.89,2.93,3.1,2.24,1.26,,,,28.87,112.12,77.42
2022-05-16,1.07,2.58,2.83,2.88,3.09,2.29,1.3,,,,27.47,114.86,77.82
2022-05-17,1.06,2.71,2.96,2.98,3.17,2.27,1.28,,,,26.1,112.89,77.46
2022-05-18,1.03,2.68,2.89,2.89,3.07,2.31,1.29,,,,30.96,110.04,77.71
2022-05-19,1.05,2.63,2.84,2.84,3.05,2.37,1.34,,,,29.35,113.22,77.45
2022-05-20,1.03,2.6,2.8,2.78,2.99,2.36,1.33,,,,29.43,113.63,77.79
2022-05-23,1.07,2.65,2.88,2.86,3.08,2.33,1.29,,,,28.48,115.13,77.51
2022-05-24,1.06,2.5,2.76,2.76,2.98,2.34,1.3,,,,29.45,115.77,77.5
2022-05-25,1.06,2.48,2.71,2.75,2.97,2.29,1.26,,,,28.37,116.41,77.58
2022-05-26,1.07,2.46,2.7,2.75,2.99,2.25,1.23,,,,27.5,119.81,77.66
2022-05-27,1.08,2.47,2.71,2.74,2.97,2.26,1.21,,,,25.72,121.19,77.58
2022-05-30,,,,,,,,,,,26.54,123.01,
2022-05-31,1.16,2.53,2.81,2.85,3.07,2.18,1.15,,,,26.19,125.53,77.59
2022-06-01,1.15,2.66,2.94,2.94,3.09,2.08,1.08,,,,25.69,122.2,77.59
2022-06-02,1.17,2.65,2.92,2.92,3.09,2.1,1.1,,,,24.72,,77.41
2022-06-03,1.21,2.66,2.95,2.96,3.11,2.09,1.1,,,,24.79,125.68,77.59
2022-06-06,1.26,2.73,3.03,3.04,3.19,2.08,1.1,,,,25.07,124.99,77.83
2022-06-07,1.26,2.75,2.99,2.98,3.13,2.07,1.08,,,,24.02,126.89,77.66
2022-06-08,1.28,2.78,3.03,3.03,3.18,2.07,1.1,,,,23.96,129.2,77.65
2022-06-09,1.3,2.83,3.07,3.04,3.18,2.07,1.1,,,,26.09,128.47,77.84
2022-06-10,1.39,3.06,3.25,3.15,3.2,2.04,1.05,,,,27.75,127.44,78.08
2022-06-13,1.73,3.4,3.56,3.43,3.42,1.98,1.01,,,,34.02,128.44,78.08
2022-06-14,1.83,3.45,3.61,3.49,3.45,1.99,1.01,,,,32.69,127.02,78.01
2022-06-15,1.74,3.2,3.38,3.33,3.39,2.1,1.06,,,,29.62,124.96,78.12
2022-06-16,1.59,3.14,3.35,3.28,3.35,2.13,1.13,,,,32.95,125.78,78.0
2022-06-17,1.63,3.17,3.34,3.25,3.3,2.13,1.07,,,,31.13,119.22,78.0
2022-06-20,,,,,,,,,,,31.03,118.25,
2022-06-21,1.7,3.21,3.38,3.31,3.39,2.13,1.09,,,,30.19,118.51,78.08
2022-06-22,1.61,3.06,3.22,3.16,3.25,2.17,1.11,,,,28.95,115.54,78.21
2022-06-23,1.65,3.01,3.14,3.09,3.21,2.2,1.12,,,,29.05,114.5,78.14
2022-06-24,1.73,3.04,3.18,3.13,3.26,2.22,1.12,,,,27.23,117.36,78.25
2022-06-27,1.79,3.08,3.24,3.2,3.31,2.19,1.09,,,,26.95,119.69,78.45
2022-06-28,1.79,3.1,3.25,3.2,3.3,2.22,1.1,,,,28.36,122.21,78.97
2022-06-29,1.78,3.06,3.15,3.1,3.22,2.24,1.11,,,,28.16,120.8,78.91
2022-06-30,1.72,2.92,3.01,2.98,3.14,2.31,1.21,,,,28.71,119.78,79.02
2022-07-01,1.73,2.84,2.88,2.88,3.11,2.42,1.38,,,,26.7,119.21,78.89
2022-07-04,,,,,,,,,,,27.53,121.8,
2022-07-05,1.9,2.82,2.82,2.82,3.05,2.41,1.3,,,,27.54,110.49,79.27
2022-07-06,1.9,2.97,2.96,2.93,3.14,2.39,1.24,,,,26.73,108.54,79.02
2022-07-07,1.95,3.03,3.05,3.01,3.2,2.33,1.19,,,,26.08,113.4,79.12
2022-07-08,1.98,3.12,3.13,3.09,3.27,2.31,1.14,,,,24.64,113.95,79.25
2022-07-11,2.18,3.07,3.05,2.99,3.18,2.32,1.12,,,,26.17,114.85,79.46
2022-07-12,2.22,3.03,3.01,2.96,3.13,2.31,1.17,,,,27.29,106.98,79.45
2022-07-13,2.39,3.13,3.02,2.91,3.08,2.32,1.15,,,,26.82,107.17,79.68
2022-07-14,2.4,3.15,3.06,2.96,3.11,2.31,1.13,,,,26.4,107.74,79.94
2022-07-15,2.37,3.13,3.05,2.93,3.1,2.3,1.14,,,,24.23,112.26,79.74
2022-07-18,2.5,3.15,3.06,2.96,3.14,2.28,1.11,,,,25.3,117.27,79.99
2022-07-19,2.52,3.23,3.14,3.01,3.17,2.26,1.1,,,,24.5,114.96,79.88
2022-07-20,2.51,3.25,3.18,3.04,3.17,2.2,1.04,,,,23.88,115.86,79.96
2022-07-21,2.48,3.1,3.0,2.91,3.08,2.23,1.06,,,,23.11,112.81,79.85
2022-07-22,2.49,2.98,2.87,2.77,3.0,2.28,1.14,,,,23.03,106.77,79.83
2022-07-25,2.62,3.0,2.89,2.81,3.04,2.31,1.16,,,,23.36,108.23,79.79
2022-07-26,2.55,3.02,2.89,2.81,3.03,2.29,1.15,,,,24.69,107.32,79.82
2022-07-27,2.44,2.96,2.82,2.78,3.03,2.3,1.12,,,,23.24,109.64,79.92
2022-07-28,2.42,2.85,2.69,2.68,3.02,2.42,1.22,,,,22.33,109.68,79.64
2022-07-29,2.41,2.89,2.7,2.67,3.0,2.36,1.18,,,,21.33,111.51,79.33
2022-08-01,2.56,2.9,2.66,2.6,2.92,2.38,1.2,,,,22.84,106.09,78.93
2022-08-02,2.56,3.06,2.85,2.75,3.0,2.29,1.15,,,,23.93,106.51,78.49
2022-08-03,2.52,3.1,2.86,2.73,2.96,2.29,1.18,,,,21.95,101.82,79.13
2022-08-04,2.5,3.03,2.76,2.68,2.97,2.32,1.21,,,,21.44,97.99,79.23
2022-08-05,2.58,3.24,2.97,2.83,3.06,2.29,1.2,,,,21.15,100.31,79.36
2022-08-08,2.65,3.21,2.91,2.77,3.0,2.26,1.2,,,,21.29,103.46,79.58
2022-08-09,2.67,3.28,2.97,2.8,3.01,2.26,1.15,,,,21.77,103.81,79.65
2022-08-10,2.65,3.23,2.93,2.78,3.04,2.29,1.19,,,,19.74,105.06,79.07
2022-08-11,2.62,3.23,2.98,2.87,3.15,2.29,1.2,,,,20.2,107.19,79.54
2022-08-12,2.63,3.25,2.97,2.84,3.12,2.27,1.21,,,,19.53,103.7,79.65
2022-08-15,2.72,3.2,2.91,2.79,3.1,2.27,1.17,,,,19.95,98.25,79.48
2022-08-16,2.7,3.25,2.95,2.82,3.11,2.27,1.2,,,,19.69,95.36,79.31
2022-08-17,2.68,3.28,3.04,2.89,3.15,2.24,1.19,,,,19.9,97.22,79.41
2022-08-18,2.71,3.22,3.02,2.88,3.14,2.24,1.2,,,,19.56,96.35,79.66
2022-08-19,2.74,3.25,3.11,2.98,3.22,2.25,1.2,,,,20.6,96.45,79.89
2022-08-22,2.82,3.32,3.17,3.03,3.24,2.24,1.16,,,,23.8,95.06,79.86
2022-08-23,2.8,3.29,3.18,3.05,3.26,2.24,1.18,,,,24.11,99.49,79.81
2022-08-24,2.82,3.36,3.2,3.11,3.32,2.23,1.16,,,,22.82,99.87,79.82
2022-08-25,2.88,3.35,3.15,3.03,3.25,2.21,1.14,,,,21.78,98.81,79.9
2022-08-26,2.89,3.37,3.2,3.04,3.21,2.19,1.12,,,,25.56,101.13,79.87
2022-08-29,2.97,3.42,3.27,3.12,3.25,2.19,1.11,,,,26.21,,79.96
2022-08-30,2.97,3.46,3.27,3.11,3.23,2.17,1.11,,,,26.21,99.34,79.6
2022-08-31,2.96,3.45,3.3,3.15,3.27,2.18,1.12,,,,25.87,96.55,79.45
2022-09-01,2.97,3.51,3.39,3.26,3.37,2.22,1.15,,,,25.56,92.24,79.65
2022-09-02,2.94,3.4,3.3,3.2,3.35,2.24,1.18,,,,25.47,93.09,79.7
2022-09-05,,,,,,,,,,,25.99,94.22,
2022-09-06,3.04,3.5,3.43,3.33,3.49,2.27,1.22,,,,26.91,91.43,79.86
2022-09-07,3.07,3.45,3.37,3.27,3.42,2.24,1.16,,,,24.64,86.83,79.82
2022-09-08,3.06,3.48,3.39,3.29,3.45,2.25,1.19,,,,23.61,87.99,79.71
2022-09-09,3.08,3.56,3.45,3.33,3.47,2.2,1.14,,,,22.79,91.68,79.61
2022-09-12,3.17,3.58,3.47,3.37,3.53,2.2,1.09,,,,23.87,93.45,79.35
2022-09-13,3.28,3.75,3.58,3.42,3.51,2.18,1.08,,,,27.27,92.04,79.49
2022-09-14,3.24,3.78,3.6,3.41,3.47,2.15,1.04,,,,26.16,92.83,79.41
2022-09-15,3.22,3.87,3.66,3.45,3.48,2.12,1.03,,,,26.27,89.28,79.82
2022-09-16,3.2,3.85,3.62,3.45,3.52,2.18,1.08,,,,26.3,89.43,79.66
2022-09-19,3.37,3.95,3.69,3.49,3.52,2.15,1.03,,,,25.76,,79.71
2022-09-20,3.35,3.96,3.75,3.57,3.59,2.13,1.02,,,,27.16,89.62,79.72
2022-09-21,3.31,4.02,3.74,3.51,3.5,2.12,1.0,,,,27.99,89.86,79.96
2022-09-22,3.29,4.11,3.91,3.7,3.65,2.08,0.95,,,,27.35,90.4,81.0
2022-09-23,3.24,4.2,3.96,3.69,3.61,2.09,0.97,,,,29.92,84.29,81.11
2022-09-26,3.39,4.27,4.15,3.88,3.72,2.01,0.86,,,,32.26,82.55,81.6
2022-09-27,3.35,4.3,4.21,3.97,3.87,2.08,0.95,,,,32.6,85.97,81.63
2022-09-28,3.4,4.07,3.92,3.72,3.7,2.25,1.09,,,,30.18,89.55,81.61
2022-09-29,3.36,4.16,3.98,3.76,3.71,2.27,1.13,,,,31.84,89.41,81.54
2022-09-30,3.33,4.22,4.06,3.83,3.79,2.24,1.08,,,,31.62,88.9,81.37
2022-10-03,3.46,4.12,3.9,3.67,3.73,2.29,1.17,,,,30.1,90.68,81.56
2022-10-04,3.45,4.1,3.84,3.62,3.7,2.27,1.15,,,,29.07,93.74,81.45
2022-10-05,3.46,4.15,3.96,3.76,3.78,2.22,1.1,,,,28.55,94.35,81.5
2022-10-06,3.46,4.23,4.05,3.83,3.81,2.16,1.04,,,,30.52,95.65,82.06
2022-10-07,3.45,4.3,4.14,3.89,3.86,2.17,1.01,,,,31.36,98.88,82.32
2022-10-10,,,,,,,,,,,32.45,97.13,
2022-10-11,3.67,4.3,4.14,3.93,3.92,2.23,1.11,,,,33.63,95.17,82.22
2022-10-12,3.7,4.28,4.12,3.91,3.9,2.27,1.2,,,,33.57,93.44,82.25
2022-10-13,3.79,4.47,4.21,3.97,3.97,2.28,1.11,,,,31.94,95.16,82.28
2022-10-14,3.81,4.48,4.25,4.0,3.99,2.28,1.09,,,,32.02,92.22,82.28
2022-10-17,3.97,4.45,4.24,4.02,4.04,2.28,1.08,,,,31.37,91.04,82.16
2022-10-18,4.04,4.43,4.21,4.01,4.04,2.28,1.1,,,,30.5,89.46,82.29
2022-10-19,4.07,4.55,4.35,4.14,4.15,2.25,1.1,,,,30.76,91.34,82.95
2022-10-20,4.09,4.62,4.45,4.24,4.24,2.24,1.07,,,,29.98,91.52,82.66
2022-10-21,4.09,4.49,4.34,4.21,4.33,2.36,1.17,,,,29.69,91.82,82.58
2022-10-24,4.16,4.5,4.36,4.25,4.4,2.34,1.16,,,,29.85,91.57,82.68
2022-10-25,4.14,4.42,4.25,4.1,4.26,2.37,1.2,,,,28.46,91.76,82.44
2022-10-26,4.11,4.39,4.2,4.04,4.19,2.33,1.17,,,,27.28,92.93,82.73
2022-10-27,4.13,4.3,4.09,3.96,4.12,2.34,1.17,,,,27.39,94.17,82.36
2022-10-28,4.18,4.41,4.19,4.02,4.15,2.3,1.11,,,,25.75,94.64,82.33
2022-10-31,4.22,4.51,4.27,4.1,4.22,2.28,1.08,,,,25.88,93.3,82.73
2022-11-01,4.23,4.54,4.27,4.07,4.14,2.22,1.02,,,,25.81,95.12,82.62
2022-11-02,4.22,4.61,4.3,4.1,4.15,2.18,0.98,,,,25.86,96.07,82.72
2022-11-03,4.25,4.71,4.36,4.14,4.18,2.19,1.03,,,,25.3,95.29,82.76
2022-11-04,4.21,4.66,4.33,4.17,4.27,2.22,1.06,,,,24.55,99.53,82.03
2022-11-07,4.29,4.72,4.39,4.22,4.34,2.22,1.07,,,,24.35,99.87,81.95
2022-11-08,4.28,4.67,4.31,4.14,4.28,2.23,1.08,,,,25.54,96.85,81.27
2022-11-09,4.29,4.61,4.27,4.12,4.31,2.33,1.17,,,,26.09,93.05,81.25
2022-11-10,4.28,4.34,3.95,3.82,4.03,2.36,1.2,,,,23.53,94.25,80.72
2022-11-11,,,,,,,,,,,22.52,96.37,
2022-11-14,4.34,4.4,4.0,3.88,4.07,2.27,1.1,,,,23.73,93.59,80.98
2022-11-15,4.31,4.37,3.93,3.8,3.98,2.23,1.06,,,,24.54,94.3,80.94
2022-11-16,4.32,4.35,3.83,3.67,3.85,2.24,1.08,,,,24.11,92.61,81.46
2022-11-17,4.32,4.43,3.93,3.77,3.89,2.18,1.0,,,,23.93,91.0,81.69
2022-11-18,4.34,4.51,3.99,3.82,3.92,2.13,0.96,,,,23.12,88.93,81.76
2022-11-21,4.41,4.48,3.97,3.83,3.91,2.08,0.92,,,,22.36,88.44,81.68
2022-11-22,4.4,4.47,3.93,3.76,3.83,2.07,0.93,,,,21.29,88.65,81.69
2022-11-23,4.4,4.46,3.88,3.71,3.74,2.02,0.85,,,,20.35,85.9,81.71
2022-11-24,,,,,,,,,,,20.42,85.59,
2022-11-25,4.41,4.42,3.85,3.68,3.74,2.06,0.87,,,,20.5,83.4,81.73
2022-11-28,4.41,4.46,3.88,3.69,3.74,2.05,0.88,,,,22.21,83.5,81.61
2022-11-29,4.38,4.48,3.92,3.75,3.81,2.06,0.88,,,,21.89,83.22,81.61
2022-11-30,4.37,4.38,3.82,3.68,3.8,2.15,0.98,,,,20.58,85.61,81.43
2022-12-01,4.33,4.25,3.68,3.53,3.64,2.09,0.9,,,,19.84,86.28,81.17
2022-12-02,4.34,4.28,3.67,3.51,3.56,2.03,0.85,,,,19.06,86.54,81.41
2022-12-05,4.36,4.41,3.8,3.6,3.62,1.99,0.81,,,,20.75,83.36,81.77
2022-12-06,4.37,4.34,3.73,3.51,3.52,1.97,0.8,,,,22.17,79.92,82.42
2022-12-07,4.29,4.26,3.62,3.42,3.42,1.95,0.79,,,,22.68,77.11,82.31
2022-12-08,4.28,4.31,3.71,3.48,3.44,1.91,0.72,,,,22.29,76.02,82.29
2022-12-09,4.31,4.33,3.75,3.57,3.56,1.9,0.74,,,,22.83,76.37,82.46
2022-12-12,4.38,4.39,3.8,3.61,3.57,1.88,0.71,,,,25.0,78.0,82.67
2022-12-13,4.35,4.22,3.66,3.51,3.53,1.91,0.75,,,,22.55,80.14,82.49
2022-12-14,4.33,4.23,3.64,3.49,3.52,1.95,0.79,,,,21.14,83.33,82.5
2022-12-15,4.34,4.23,3.62,3.44,3.48,1.97,0.8,,,,22.83,82.34,82.75
2022-12-16,4.31,4.17,3.61,3.48,3.53,1.98,0.84,,,,22.62,80.2,82.71
2022-12-19,4.37,4.25,3.7,3.57,3.62,1.98,0.81,,,,22.42,81.66,82.65
2022-12-20,4.35,4.25,3.79,3.69,3.74,1.99,0.84,,,,21.48,79.45,82.58
2022-12-21,4.33,4.21,3.78,3.68,3.74,2.01,0.86,,,,20.07,80.25,82.81
2022-12-22,4.35,4.24,3.79,3.67,3.73,1.99,0.84,,,,21.97,79.58,82.93
2022-12-23,4.34,4.31,3.86,3.75,3.82,2.0,0.85,,,,20.87,82.45,82.86
2022-12-26,,,,,,,,,,,,,
2022-12-27,4.46,4.32,3.94,3.84,3.93,2.02,0.85,,,,21.65,,82.88
2022-12-28,4.46,4.31,3.97,3.88,3.98,2.01,0.84,,,,22.14,81.7,82.74
2022-12-29,4.45,4.34,3.94,3.83,3.92,2.01,0.85,,,,21.44,80.96,82.83
2022-12-30,4.42,4.41,3.99,3.88,3.97,1.99,0.82,,,,21.67,82.82,82.72
2023-01-02,,,,,,,,,,,,,
2023-01-03,4.53,4.4,3.94,3.79,3.88,2.03,0.9,,,,22.9,80.36,82.86
2023-01-04,4.55,4.36,3.85,3.69,3.81,2.07,0.9,,,,22.01,75.31,82.72
2023-01-05,4.66,4.45,3.9,3.71,3.78,2.03,0.85,,,,22.46,76.73,82.57
2023-01-06,4.67,4.24,3.69,3.55,3.67,2.07,0.91,,,,21.13,76.41,82.72
2023-01-09,4.7,4.19,3.66,3.53,3.66,2.02,0.89,,,,21.97,77.5,82.36
2023-01-10,4.73,4.24,3.72,3.61,3.74,2.02,0.9,,,,20.58,78.4,81.6
2023-01-11,4.72,4.2,3.66,3.54,3.67,1.99,0.86,,,,21.09,81.11,81.6
2023-01-12,4.66,4.12,3.53,3.43,3.56,1.97,0.86,,,,18.83,82.59,81.19
2023-01-13,4.67,4.22,3.6,3.49,3.61,1.95,0.85,,,,18.35,83.43,81.31
2023-01-16,,,,,,,,,,,19.49,82.65,
2023-01-17,4.71,4.18,3.6,3.53,3.64,1.91,0.8,,,,19.36,84.38,81.57
2023-01-18,4.69,4.06,3.43,3.37,3.54,1.96,0.86,,,,20.34,83.78,81.33
2023-01-19,4.71,4.09,3.48,3.39,3.57,1.99,0.88,,,,20.52,85.08,81.28
2023-01-20,4.72,4.14,3.56,3.48,3.66,1.98,0.88,,,,19.85,86.96,80.99
2023-01-23,4.73,4.21,3.61,3.52,3.69,1.96,0.87,,,,19.81,87.54,81.41
2023-01-24,4.72,4.12,3.58,3.46,3.62,1.94,0.87,,,,19.2,85.25,81.53
2023-01-25,4.72,4.11,3.54,3.46,3.62,1.96,0.89,,,,19.08,85.08,81.49
2023-01-26,4.71,4.17,3.58,3.49,3.62,1.91,0.85,,,,18.73,86.29,81.59
2023-01-27,4.73,4.19,3.62,3.52,3.64,1.88,0.82,,,,18.51,85.36,81.54
2023-01-30,4.72,4.25,3.68,3.55,3.66,1.87,0.83,,,,19.94,84.9,81.47
2023-01-31,4.7,4.21,3.63,3.52,3.65,1.9,0.89,,,,19.4,83.42,81.69
2023-02-01,4.66,4.09,3.48,3.39,3.55,1.91,0.9,,,,17.87,81.61,81.73
2023-02-02,4.66,4.09,3.49,3.4,3.55,1.88,0.88,,,,18.73,80.57,82.03
2023-02-03,4.7,4.3,3.67,3.53,3.63,1.83,0.82,,,,18.33,78.85,82.21
2023-02-06,4.71,4.44,3.81,3.63,3.67,1.77,0.78,,,,19.43,80.48,82.77
2023-02-07,4.71,4.47,3.85,3.67,3.72,1.78,0.79,,,,18.66,82.92,82.81
2023-02-08,4.72,4.45,3.82,3.63,3.7,1.83,0.83,,,,19.63,84.17,82.65
2023-02-09,4.77,4.48,3.87,3.67,3.75,1.84,0.83,,,,20.71,83.46,82.44
2023-02-10,4.79,4.5,3.93,3.74,3.83,1.85,0.86,,,,20.53,85.46,82.47
2023-02-13,4.81,4.52,3.93,3.72,3.79,1.84,0.83,,,,20.34,85.98,82.72
2023-02-14,4.8,4.6,4.0,3.77,3.81,1.81,0.78,,,,18.91,84.96,82.86
2023-02-15,4.79,4.62,4.04,3.81,3.85,1.82,0.78,,,,18.23,84.11,82.78
2023-02-16,4.84,4.62,4.06,3.86,3.92,1.84,0.78,,,,20.17,83.84,82.74
2023-02-17,4.84,4.6,4.03,3.82,3.88,1.89,0.83,,,,20.02,81.97,82.73
2023-02-20,,,,,,,,,,,21.23,82.79,
2023-02-21,4.86,4.67,4.16,3.95,3.98,1.87,0.81,,,,22.87,82.14,82.85
2023-02-22,4.84,4.66,4.13,3.93,3.94,1.85,0.78,,,,22.29,79.55,82.78
2023-02-23,4.84,4.66,4.09,3.88,3.88,1.86,0.8,,,,21.14,82.08,82.59
2023-02-24,4.86,4.78,4.19,3.95,3.93,1.86,0.8,,,,21.67,82.31,82.97
2023-02-27,4.89,4.78,4.17,3.92,3.93,1.87,0.81,,,,20.95,81.24,82.69
2023-02-28,4.88,4.81,4.18,3.92,3.93,1.9,0.84,,,,20.7,83.21,82.57
2023-03-01,4.9,4.89,4.27,4.01,3.97,1.84,0.77,,,,20.58,83.68,82.43
2023-03-02,4.91,4.89,4.32,4.08,4.03,1.82,0.75,,,,19.59,84.15,82.41
2023-03-03,4.91,4.86,4.26,3.97,3.9,1.79,0.71,,,,18.49,85.74,81.98
2023-03-06,4.93,4.89,4.27,3.98,3.92,1.79,0.72,,,,18.61,85.86,81.77
2023-03-07,5.04,5.0,4.31,3.97,3.88,1.79,0.73,,,,19.59,83.03,81.93
2023-03-08,5.06,5.05,4.34,3.98,3.88,1.79,0.74,,,,19.11,82.1,81.86
2023-03-09,5.05,4.9,4.22,3.93,3.88,1.85,0.8,,,,22.61,81.0,82.02
2023-03-10,5.01,4.6,3.96,3.7,3.7,1.96,0.88,,,,24.8,82.3,81.93
2023-03-13,4.87,4.03,3.68,3.55,3.7,2.14,1.06,,,,26.52,79.67,82.19
2023-03-14,4.88,4.2,3.78,3.64,3.77,2.11,1.04,,,,23.73,76.77,82.25
2023-03-15,4.75,3.93,3.59,3.51,3.7,2.22,1.09,,,,26.14,74.3,82.84
2023-03-16,4.74,4.14,3.72,3.56,3.71,2.16,1.03,,,,22.99,73.12,82.63
2023-03-17,4.52,3.81,3.44,3.39,3.6,2.21,1.08,,,,25.51,71.03,82.56
2023-03-20,4.81,3.92,3.56,3.47,3.65,2.19,1.05,,,,24.15,72.42,82.55
2023-03-21,4.78,4.17,3.73,3.59,3.73,2.11,1.0,,,,21.38,74.78,82.59
2023-03-22,4.79,3.96,3.54,3.48,3.68,2.16,1.05,,,,22.26,76.08,82.66
2023-03-23,4.73,3.76,3.39,3.38,3.66,2.26,1.15,,,,22.61,74.31,82.07
2023-03-24,4.74,3.76,3.41,3.38,3.64,2.24,1.06,,,,21.74,73.63,82.34
2023-03-27,4.91,3.94,3.59,3.53,3.77,2.19,1.01,,,,20.6,76.8,82.24
2023-03-28,4.8,4.02,3.63,3.55,3.77,2.19,0.96,,,,19.97,78.07,82.17
2023-03-29,4.8,4.08,3.67,3.57,3.78,2.15,0.95,,,,19.12,77.51,82.18
2023-03-30,4.97,4.1,3.66,3.55,3.74,2.11,0.93,,,,19.02,78.45,82.34
2023-03-31,4.85,4.06,3.6,3.48,3.67,2.11,0.9,,,,18.7,79.19,82.19
2023-04-03,4.9,3.97,3.52,3.43,3.64,2.11,0.92,,,,18.55,85.81,82.24
2023-04-04,4.88,3.84,3.39,3.35,3.6,2.1,1.06,,,,19.0,85.7,82.33
2023-04-05,4.86,3.79,3.36,3.3,3.56,2.14,1.08,,,,19.08,85.89,81.89
2023-04-06,4.91,3.82,3.37,3.3,3.54,2.11,1.06,,,,18.4,86.56,81.86
2023-04-07,4.95,3.97,3.49,3.39,3.61,,,,,,,,81.85
2023-04-10,5.08,4.0,3.52,3.41,3.62,2.09,1.04,,,,18.97,,82.01
2023-04-11,5.04,4.03,3.54,3.43,3.62,2.05,1.0,,,,19.1,87.32,82.04
2023-04-12,5.02,3.95,3.46,3.41,3.64,2.08,1.04,,,,19.09,88.31,81.98
2023-04-13,5.1,3.96,3.51,3.45,3.69,2.07,1.03,,,,17.8,86.51,81.65
2023-04-14,5.14,4.08,3.6,3.52,3.74,2.05,1.0,,,,17.07,87.31,81.88
2023-04-17,5.21,4.18,3.69,3.6,3.81,2.02,0.96,,,,16.95,85.63,81.98
2023-04-18,5.2,4.19,3.69,3.58,3.79,2.01,0.94,,,,16.83,85.48,82.08
2023-04-19,5.16,4.24,3.71,3.6,3.79,2.01,0.93,,,,16.46,85.34,82.18
2023-04-20,5.12,4.14,3.63,3.54,3.75,2.05,0.98,,,,17.17,83.29,82.1
2023-04-21,5.14,4.17,3.66,3.57,3.78,2.04,0.97,,,,16.77,83.36,82.06
2023-04-24,5.2,4.12,3.6,3.52,3.73,2.04,0.96,,,,16.89,84.23,81.9
2023-04-25,5.12,3.86,3.43,3.4,3.65,2.09,1.02,,,,18.76,82.13,81.92
2023-04-26,5.16,3.9,3.46,3.43,3.7,2.11,1.03,,,,18.84,79.19,81.74
2023-04-27,5.18,4.07,3.6,3.53,3.76,2.07,1.0,,,,17.03,80.11,81.84
2023-04-28,5.1,4.04,3.51,3.44,3.67,2.08,1.01,,,,15.78,81.32,81.84
2023-05-01,5.27,4.14,3.64,3.59,3.84,2.06,1.02,,,,16.08,,81.84
2023-05-02,5.24,3.97,3.46,3.44,3.72,2.16,1.09,,,,17.78,76.71,81.89
2023-05-03,5.26,3.89,3.37,3.38,3.7,2.2,1.14,,,,18.34,72.91,81.83
2023-05-04,5.26,3.75,3.29,3.37,3.73,2.24,1.18,,,,20.09,73.0,81.73
2023-05-05,5.26,3.92,3.41,3.44,3.76,2.2,1.12,,,,17.19,75.85,81.81
2023-05-08,5.31,4.0,3.49,3.52,3.84,2.2,1.12,,,,16.98,,81.78
2023-05-09,5.29,4.01,3.51,3.53,3.85,2.21,1.13,,,,17.71,77.76,82.04
2023-05-10,5.24,3.9,3.37,3.43,3.8,2.26,1.17,,,,16.94,76.7,81.94
2023-05-11,5.2,3.89,3.36,3.39,3.73,2.25,1.15,,,,16.93,75.32,82.13
2023-05-12,5.25,3.98,3.45,3.46,3.78,2.21,1.09,,,,17.03,74.54,82.17
2023-05-15,5.21,3.99,3.46,3.5,3.84,2.27,1.16,,,,17.12,75.46,82.3
2023-05-16,5.23,4.06,3.52,3.54,3.87,2.28,1.19,,,,17.99,75.15,82.26
2023-05-17,5.26,4.12,3.58,3.57,3.88,2.26,1.16,,,,16.87,76.98,82.39
2023-05-18,5.31,4.24,3.69,3.65,3.91,2.2,1.08,,,,16.05,75.75,82.77
2023-05-19,5.29,4.28,3.76,3.7,3.95,2.18,1.06,,,,16.81,75.42,82.65
2023-05-22,5.4,4.29,3.77,3.72,3.97,2.19,1.06,,,,17.21,75.77,82.83
2023-05-23,5.34,4.26,3.76,3.7,3.96,2.19,1.07,,,,18.53,76.66,82.84
2023-05-24,5.37,4.31,3.75,3.73,3.97,2.18,1.07,,,,20.03,77.99,82.66
2023-05-25,5.38,4.5,3.9,3.83,4.01,2.1,0.98,,,,19.14,75.66,82.76
2023-05-26,5.34,4.54,3.92,3.8,3.96,2.1,0.97,,,,17.95,76.33,82.58
2023-05-29,,,,,,,,,,,17.46,,
2023-05-30,5.55,4.46,3.81,3.69,3.9,2.14,1.02,,,,17.46,73.38,82.67
2023-05-31,5.52,4.4,3.74,3.64,3.85,2.16,1.03,,,,17.94,71.98,82.68
2023-06-01,5.5,4.33,3.7,3.61,3.84,2.15,1.03,,,,15.65,74.18,82.41
2023-06-02,5.5,4.5,3.84,3.69,3.88,2.11,0.99,,,,14.6,76.0,82.35
2023-06-05,5.46,4.46,3.82,3.69,3.89,2.1,1.0,,,,14.73,76.61,82.67
2023-06-06,5.44,4.51,3.85,3.7,3.87,2.08,0.97,,,,13.96,76.22,82.61
2023-06-07,5.42,4.56,3.93,3.79,3.95,2.06,0.95,,,,13.94,76.85,82.5
2023-06-08,5.38,4.52,3.87,3.73,3.89,2.07,0.96,,,,13.65,75.88,82.57
2023-06-09,5.37,4.59,3.92,3.75,3.89,2.05,0.95,,,,13.83,74.74,82.46
2023-06-12,5.4,4.55,3.89,3.73,3.87,2.1,0.99,,,,15.01,71.8,82.43
2023-06-13,5.36,4.67,4.01,3.84,3.94,2.0,0.9,,,,14.61,74.24,82.38
2023-06-14,5.36,4.74,4.06,3.83,3.9,1.94,0.85,,,,13.88,73.39,82.1
2023-06-15,5.33,4.62,3.91,3.72,3.85,2.02,0.91,,,,14.5,75.75,82.18
2023-06-16,5.34,4.7,3.99,3.77,3.86,1.96,0.85,,,,13.54,76.76,81.89
2023-06-19,,,,,,,,,,,14.19,76.09,
2023-06-20,5.39,4.68,3.96,3.74,3.83,1.95,0.85,,,,13.88,75.79,82.11
2023-06-21,5.4,4.68,3.95,3.72,3.81,1.96,0.85,,,,13.2,76.92,82.04
2023-06-22,5.4,4.77,4.03,3.8,3.88,1.94,0.84,,,,12.91,73.93,81.93
2023-06-23,5.41,4.71,3.99,3.74,3.82,1.96,0.86,,,,13.44,73.56,82.01
2023-06-26,5.5,4.65,3.96,3.72,3.83,1.98,0.88,,,,14.25,73.86,82.0
2023-06-27,5.44,4.74,4.02,3.77,3.84,1.94,0.85,,,,13.74,71.88,81.98
2023-06-28,5.44,4.71,3.97,3.71,3.81,1.96,0.86,,,,13.43,73.64,82.0
2023-06-29,5.46,4.87,4.14,3.85,3.92,1.92,0.82,,,,13.54,73.86,82.05
2023-06-30,5.43,4.87,4.13,3.81,3.85,1.88,0.79,,,,13.59,74.51,82.06
2023-07-03,5.44,4.94,4.19,3.86,3.87,1.85,0.77,,,,13.57,74.52,81.96
2023-07-04,,,,,,,,,,,13.7,76.23,
2023-07-05,5.44,4.94,4.25,3.95,3.95,1.83,0.74,,,,14.18,76.74,82.34
2023-07-06,5.46,4.99,4.37,4.05,4.01,1.8,0.7,,,,15.44,76.72,82.49
2023-07-07,5.46,4.94,4.35,4.06,4.05,1.81,0.71,,,,14.83,78.77,82.74
2023-07-10,5.48,4.85,4.25,4.01,4.05,1.86,0.79,,,,15.07,77.83,82.57
2023-07-11,5.49,4.88,4.24,3.99,4.03,1.84,0.78,,,,14.84,79.54,82.39
2023-07-12,5.47,4.72,4.07,3.86,3.96,1.88,0.82,,,,13.54,80.35,82.03
2023-07-13,5.47,4.59,3.93,3.76,3.9,1.91,0.84,,,,13.61,81.31,82.04
2023-07-14,5.49,4.74,4.04,3.83,3.93,1.87,0.8,,,,13.34,79.9,82.16
2023-07-17,5.49,4.74,4.02,3.81,3.94,1.9,0.81,,,,13.48,77.8,82.03
2023-07-18,5.49,4.74,4.0,3.8,3.91,1.89,0.81,,,,13.3,79.54,82.03
2023-07-19,5.49,4.74,3.98,3.75,3.84,1.87,0.78,,,,13.76,79.38,82.09
2023-07-20,5.49,4.8,4.08,3.85,3.91,1.85,0.77,,,,13.99,79.62,81.99
2023-07-21,5.5,4.82,4.09,3.84,3.91,1.85,0.78,,,,13.6,81.06,81.99
2023-07-24,5.51,4.81,4.13,3.86,3.92,1.84,0.76,,,,13.91,82.53,81.81
2023-07-25,5.51,4.85,4.15,3.91,3.95,1.81,0.73,,,,13.86,83.46,81.87
2023-07-26,5.51,4.82,4.09,3.86,3.94,1.83,0.76,,,,13.19,82.98,81.99
2023-07-27,5.51,4.91,4.24,4.01,4.06,1.78,0.73,,,,14.41,84.28,82.15
2023-07-28,5.52,4.87,4.18,3.96,4.03,1.8,0.72,,,,13.33,84.49,82.22
2023-07-31,5.55,4.88,4.18,3.97,4.02,1.77,0.69,,,,13.63,85.22,82.24
2023-08-01,5.54,4.92,4.24,4.05,4.11,1.77,0.71,,,,13.93,85.34,82.25
2023-08-02,5.53,4.88,4.24,4.08,4.17,1.82,0.75,,,,16.09,84.01,82.58
2023-08-03,5.54,4.9,4.3,4.2,4.32,1.84,0.8,,,,15.92,86.19,82.74
2023-08-04,5.54,4.78,4.15,4.05,4.21,1.9,0.83,,,,17.1,87.38,82.83
2023-08-07,5.56,4.76,4.16,4.09,4.27,1.9,0.85,,,,15.77,86.47,82.75
2023-08-08,5.57,4.74,4.1,4.02,4.2,1.93,0.87,,,,15.99,88.0,82.85
2023-08-09,5.55,4.79,4.12,4.0,4.18,1.92,0.85,,,,15.96,89.31,82.84
2023-08-10,5.54,4.82,4.21,4.09,4.24,1.89,0.83,,,,15.85,87.44,82.69
2023-08-11,5.54,4.89,4.31,4.16,4.27,1.87,0.81,,,,14.84,87.93,82.87
2023-08-14,5.56,4.96,4.36,4.19,4.29,1.84,0.76,,,,14.82,87.4,83.17
2023-08-15,5.56,4.92,4.36,4.21,4.32,1.86,0.79,,,,16.46,86.28,82.94
2023-08-16,5.56,4.97,4.42,4.28,4.38,1.84,0.77,,,,16.78,84.49,83.19
2023-08-17,5.56,4.94,4.42,4.3,4.41,1.87,0.81,,,,17.89,85.24,83.09
2023-08-18,5.55,4.92,4.38,4.26,4.38,1.89,0.83,,,,17.3,85.92,83.14
2023-08-21,5.57,4.97,4.46,4.34,4.45,1.88,0.82,,,,17.13,85.44,83.1
2023-08-22,5.57,5.02,4.49,4.34,4.42,1.82,0.76,,,,16.97,84.7,82.94
2023-08-23,5.57,4.95,4.36,4.19,4.27,1.83,0.78,,,,15.98,83.94,82.69
2023-08-24,5.58,4.98,4.39,4.23,4.3,1.8,0.73,,,,17.2,84.07,82.57
2023-08-25,5.61,5.03,4.44,4.25,4.3,1.76,0.7,,,,15.68,85.42,82.64
2023-08-28,5.58,4.98,4.38,4.2,4.29,1.82,0.73,,,,15.08,,82.6
2023-08-29,5.56,4.87,4.26,4.12,4.23,1.84,0.76,,,,14.45,86.37,82.7
2023-08-30,5.56,4.9,4.27,4.12,4.23,1.82,0.75,,,,13.88,86.62,82.73
2023-08-31,5.56,4.85,4.23,4.09,4.2,1.83,0.76,,,,13.57,87.29,82.78
2023-09-01,5.53,4.87,4.29,4.18,4.29,1.82,0.76,,,,13.09,89.98,82.69
2023-09-04,,,,,,,,,,,13.82,90.42,
2023-09-05,5.55,4.94,4.37,4.27,4.38,1.84,0.76,,,,14.01,91.25,83.03
2023-09-06,5.55,5.01,4.44,4.3,4.37,1.79,0.73,,,,14.45,91.79,83.14
2023-09-07,5.53,4.94,4.38,4.27,4.36,1.81,0.75,,,,14.4,91.16,83.21
2023-09-08,5.55,4.98,4.39,4.26,4.33,1.79,0.74,,,,13.84,91.85,82.93
2023-09-11,5.55,4.97,4.4,4.29,4.37,1.8,0.75,,,,13.8,91.97,83.03
2023-09-12,5.56,4.98,4.41,4.27,4.35,1.79,0.74,,,,14.23,93.58,82.86
2023-09-13,5.55,4.96,4.39,4.25,4.34,1.81,0.75,,,,13.48,93.04,82.93
2023-09-14,5.55,5.0,4.42,4.29,4.39,1.8,0.76,,,,12.82,95.2,83.02
2023-09-15,5.56,5.02,4.45,4.33,4.42,1.78,0.74,,,,13.79,95.55,83.15
2023-09-18,5.55,5.05,4.46,4.32,4.4,1.77,0.76,,,,14.0,95.95,83.27
2023-09-19,5.54,5.08,4.51,4.37,4.43,1.75,0.73,,,,14.11,96.11,83.27
2023-09-20,5.56,5.12,4.52,4.35,4.4,1.73,0.72,,,,15.14,94.56,83.07
2023-09-21,5.57,5.12,4.61,4.49,4.56,1.66,0.72,,,,17.54,93.7,83.11
2023-09-22,5.56,5.1,4.57,4.44,4.53,1.73,0.71,,,,17.2,93.99,82.95
2023-09-25,5.58,5.09,4.62,4.55,4.67,1.75,0.74,,,,16.9,94.01,83.11
2023-09-26,5.58,5.04,4.62,4.56,4.7,1.77,0.76,,,,18.94,94.46,83.24
2023-09-27,5.58,5.1,4.67,4.61,4.73,1.77,0.77,,,,18.22,97.1,83.18
2023-09-28,5.56,5.04,4.62,4.59,4.71,1.8,0.79,,,,17.34,96.64,83.13
2023-09-29,5.55,5.03,4.6,4.59,4.73,1.78,0.77,,,,17.52,95.86,83.08
2023-10-02,5.62,5.12,4.72,4.69,4.81,1.78,0.77,,,,17.61,91.21,83.04
2023-10-03,5.62,5.15,4.8,4.81,4.95,1.82,0.79,,,,19.78,94.46,83.22
2023-10-04,5.61,5.05,4.72,4.73,4.87,1.83,0.82,,,,18.58,89.83,83.25
2023-10-05,5.61,5.03,4.68,4.72,4.89,1.85,0.84,,,,18.49,88.28,83.24
2023-10-06,5.63,5.08,4.75,4.78,4.95,1.84,0.82,,,,17.45,87.86,83.25
2023-10-09,,,,,,,,1.29,1.58,4.34,17.7,91.37,
2023-10-10,5.61,4.96,4.62,4.66,4.85,1.83,0.81,1.29,1.58,4.26,17.03,90.7,83.25
2023-10-11,5.61,4.99,4.59,4.58,4.73,1.82,0.8,1.27,1.57,4.25,16.09,87.58,83.18
2023-10-12,5.63,5.06,4.69,4.7,4.86,1.83,0.82,1.26,1.56,4.25,16.69,88.4,83.28
2023-10-13,5.62,5.04,4.65,4.63,4.78,1.82,0.8,1.27,1.57,4.3,19.32,94.33,83.26
2023-10-16,5.61,5.09,4.72,4.71,4.87,1.83,0.81,1.27,1.56,4.27,17.21,90.99,83.28
2023-10-17,5.62,5.19,4.86,4.83,4.94,1.8,0.76,1.27,1.56,4.25,17.88,92.52,83.22
2023-10-18,5.61,5.19,4.92,4.91,5.0,1.78,0.74,1.29,1.58,4.32,19.22,91.99,83.25
2023-10-19,5.6,5.14,4.95,4.98,5.11,1.82,0.81,1.31,1.6,4.37,21.4,93.12,83.1
2023-10-20,5.58,5.07,4.86,4.93,5.09,1.88,0.87,1.33,1.63,4.52,21.71,93.72,83.14
2023-10-23,5.58,5.05,4.81,4.86,5.01,1.85,0.84,1.33,1.63,4.51,20.37,91.88,83.19
2023-10-24,5.58,5.02,4.82,4.83,4.96,1.84,0.84,1.31,1.6,4.41,18.97,88.0,83.19
2023-10-25,5.59,5.08,4.89,4.95,5.09,1.83,0.82,1.3,1.59,4.37,20.19,90.14,83.18
2023-10-26,5.59,5.02,4.79,4.86,5.01,1.82,0.82,1.3,1.6,4.5,20.68,88.45,83.24
2023-10-27,5.59,4.99,4.76,4.84,5.03,1.88,0.87,1.31,1.61,4.53,21.27,90.73,83.27
2023-10-30,5.6,5.03,4.8,4.88,5.04,1.86,0.85,1.32,1.62,4.5,19.75,90.73,83.25
2023-10-31,5.59,5.07,4.82,4.88,5.04,1.85,0.84,1.32,1.62,4.42,18.14,86.82,83.26
2023-11-01,5.57,4.95,4.67,4.77,4.96,1.91,0.9,1.33,1.63,4.47,16.87,86.92,83.24
2023-11-02,5.54,4.98,4.65,4.67,4.82,1.84,0.83,1.29,1.59,4.15,15.66,89.02,83.22
2023-11-03,5.53,4.83,4.49,4.57,4.77,1.86,0.86,1.29,1.58,4.04,14.91,87.55,83.14
2023-11-06,5.56,4.93,4.6,4.67,4.84,1.84,0.84,1.28,1.58,4.0,14.89,87.31,83.19
2023-11-07,5.55,4.91,4.53,4.58,4.75,1.83,0.83,1.29,1.58,4.08,14.81,83.43,83.22
2023-11-08,5.54,4.93,4.51,4.49,4.64,1.84,0.83,1.28,1.58,4.08,14.45,81.46,83.28
2023-11-09,5.54,5.03,4.65,4.62,4.77,1.83,0.82,1.27,1.56,4.04,15.29,81.74,83.25
2023-11-10,5.53,5.04,4.65,4.61,4.73,1.8,0.79,1.26,1.56,4.03,14.17,83.66,
2023-11-13,5.55,5.02,4.66,4.63,4.75,1.79,0.78,1.25,1.55,4.03,14.76,84.09,83.32
2023-11-14,5.52,4.8,4.42,4.44,4.61,1.83,0.8,1.23,1.52,3.92,14.16,84.2,83.32
2023-11-15,5.53,4.9,4.52,4.53,4.68,1.8,0.78,1.22,1.51,3.89,14.18,82.4,83.11
2023-11-16,5.51,4.83,4.43,4.45,4.63,1.81,0.8,1.21,1.5,4.02,14.32,77.73,83.22
2023-11-17,5.5,4.88,4.45,4.44,4.59,1.78,0.77,1.2,1.48,3.99,13.8,81.22,83.25
2023-11-20,5.54,4.89,4.44,4.42,4.57,1.76,0.75,1.18,1.46,3.92,13.41,83.25,83.33
2023-11-21,5.53,4.86,4.41,4.41,4.57,1.77,0.76,1.17,1.46,3.95,13.35,82.42,83.26
2023-11-22,5.54,4.89,4.44,4.42,4.55,1.71,0.72,1.15,1.43,3.9,12.85,81.76,83.29
2023-11-23,,,,,,,,1.15,1.43,3.9,12.8,80.85,
2023-11-24,5.54,4.92,4.49,4.47,4.6,1.72,0.73,1.14,1.42,3.85,12.46,79.82,83.34
2023-11-27,5.49,4.84,4.38,4.39,4.53,1.71,0.69,1.14,1.41,3.89,12.69,79.49,83.34
2023-11-28,5.47,4.73,4.29,4.34,4.52,1.75,0.72,1.14,1.41,3.9,12.69,81.66,83.33
2023-11-29,5.45,4.64,4.22,4.27,4.44,1.72,0.72,1.11,1.38,3.8,12.98,82.98,83.31
2023-11-30,5.45,4.73,4.31,4.37,4.54,1.67,0.64,1.11,1.39,3.84,12.92,81.72,83.36
2023-12-01,5.43,4.56,4.14,4.22,4.4,1.71,0.71,1.11,1.39,3.87,12.63,78.72,83.27
2023-12-04,5.46,4.64,4.23,4.28,4.43,1.67,0.68,1.1,1.38,3.8,13.08,78.16,83.4
2023-12-05,5.45,4.57,4.14,4.18,4.3,1.65,0.68,1.11,1.39,3.8,12.85,77.27,83.33
2023-12-06,5.45,4.6,4.12,4.12,4.22,1.63,0.65,1.12,1.4,3.79,12.97,74.33,83.32
2023-12-07,5.44,4.58,4.11,4.14,4.25,1.63,0.69,1.11,1.39,3.77,13.06,74.21,83.32
2023-12-08,5.44,4.71,4.24,4.23,4.31,1.61,0.68,1.1,1.38,3.75,12.35,75.94,83.38
2023-12-11,5.47,4.71,4.25,4.23,4.32,1.61,0.68,1.1,1.38,3.79,12.63,75.75,83.38
2023-12-12,5.46,4.73,4.23,4.2,4.3,1.6,0.68,1.09,1.36,3.76,12.07,74.11,83.37
2023-12-13,5.44,4.46,4.0,4.04,4.19,1.61,0.71,1.08,1.35,3.79,12.19,74.14,83.4
2023-12-14,5.43,4.37,3.9,3.92,4.03,1.57,0.68,1.04,1.31,3.47,12.48,77.05,83.28
2023-12-15,5.44,4.44,3.91,3.91,4.0,1.57,0.7,1.04,1.31,3.51,12.28,76.84,83.02
2023-12-18,5.46,4.43,3.94,3.95,4.05,1.58,0.7,1.05,1.31,3.51,12.56,78.89,83.04
2023-12-19,5.43,4.41,3.94,3.93,4.03,1.57,0.71,1.05,1.32,3.46,12.53,79.82,83.18
2023-12-20,5.44,4.34,3.86,3.86,3.98,1.63,0.75,1.06,1.33,3.43,13.67,81.1,83.14
2023-12-21,5.42,4.33,3.87,3.89,4.03,1.64,0.77,1.07,1.33,3.41,13.65,80.73,83.27
2023-12-22,5.44,4.31,3.87,3.9,4.05,1.65,0.8,1.07,1.33,3.39,13.03,80.23,83.12
2023-12-25,,,,,,,,,,,,,
2023-12-26,5.45,4.26,3.89,3.89,4.04,1.64,0.79,1.06,1.32,3.37,12.99,,83.17
2023-12-27,5.44,4.2,3.78,3.79,3.95,1.64,0.78,1.05,1.31,3.34,12.43,80.97,83.35
2023-12-28,5.45,4.26,3.83,3.84,3.98,1.62,0.77,1.04,1.29,3.32,12.47,79.04,83.15
2023-12-29,5.4,4.23,3.84,3.88,4.03,1.61,0.77,1.04,1.29,3.34,12.45,77.69,83.19
2023-12-31,,,,,,,,1.04,1.29,3.39,,,
2024-01-01,,,,,,,,,,,,,
2024-01-02,5.46,4.33,3.93,3.95,4.08,1.62,0.8,1.06,1.31,3.54,13.2,76.24,83.31
2024-01-03,5.48,4.33,3.9,3.91,4.05,1.66,0.84,1.09,1.34,3.71,14.04,77.18,83.3
2024-01-04,5.48,4.38,3.97,3.99,4.13,1.65,0.86,1.09,1.34,3.69,14.13,75.79,83.21
2024-01-05,5.47,4.4,4.02,4.05,4.21,1.65,0.84,1.09,1.33,3.68,13.35,78.31,83.16
2024-01-08,5.49,4.36,3.97,4.01,4.17,1.65,0.82,1.08,1.32,3.63,13.08,75.47,83.13
2024-01-09,5.47,4.36,3.97,4.02,4.18,1.63,0.77,1.06,1.3,3.59,12.76,77.97,83.09
2024-01-10,5.46,4.37,3.99,4.04,4.2,1.59,0.75,1.04,1.28,3.5,12.69,78.46,83.01
2024-01-11,5.46,4.26,3.9,3.98,4.18,1.63,0.79,1.03,1.27,3.55,12.44,80.21,83.03
2024-01-12,5.45,4.14,3.84,3.96,4.2,1.64,0.82,1.02,1.26,3.56,12.7,79.89,82.92
2024-01-15,,,,,,,,1.02,1.26,3.54,13.25,79.76,
2024-01-16,5.45,4.22,3.95,4.07,4.3,1.65,0.81,1.02,1.26,3.58,13.84,80.15,83.05
2024-01-17,5.47,4.34,4.02,4.1,4.31,1.63,0.78,1.02,1.26,3.62,14.79,78.88,83.14
2024-01-18,5.45,4.34,4.04,4.14,4.37,1.62,0.79,1.01,1.24,3.58,14.13,81.04,83.15
2024-01-19,5.45,4.39,4.08,4.15,4.36,1.59,0.79,1.01,1.24,3.54,13.3,80.71,83.09
2024-01-22,5.46,4.37,4.03,4.11,4.32,1.59,0.78,1.01,1.24,3.49,13.19,81.7,83.08
2024-01-23,5.45,4.31,4.06,4.14,4.38,1.62,0.81,1.01,1.24,3.51,12.55,82.04,83.15
2024-01-24,5.44,4.34,4.06,4.18,4.41,1.61,0.8,0.99,1.23,3.44,13.14,82.15,83.09
2024-01-25,5.44,4.28,4.01,4.14,4.38,1.6,0.81,0.98,1.22,3.45,13.45,82.33,83.08
2024-01-26,5.44,4.34,4.04,4.15,4.38,1.58,0.8,0.97,1.21,3.39,13.26,83.34,83.11
2024-01-29,5.42,4.29,3.97,4.08,4.31,1.6,0.85,0.98,1.22,3.41,13.6,83.99,83.12
2024-01-30,5.42,4.36,4.0,4.06,4.28,1.58,0.83,1.0,1.23,3.42,13.31,84.14,83.11
2024-01-31,5.42,4.27,3.91,3.99,4.22,1.61,0.87,1.02,1.26,3.59,14.35,82.98,83.02
2024-02-01,5.42,4.2,3.8,3.87,4.1,1.63,0.88,1.04,1.28,3.56,13.88,82.2,82.95
2024-02-02,5.43,4.36,3.99,4.03,4.22,1.59,0.84,1.02,1.25,3.47,13.85,79.54,82.92
2024-02-05,5.42,4.46,4.13,4.17,4.35,1.56,0.82,1.0,1.24,3.5,13.67,79.3,83.04
2024-02-06,5.44,4.39,4.03,4.09,4.29,1.58,0.82,1.0,1.24,3.52,13.06,80.46,83.03
2024-02-07,5.43,4.41,4.06,4.09,4.31,1.6,0.84,1.0,1.24,3.43,12.83,81.18,82.97
2024-02-08,5.44,4.46,4.12,4.15,4.36,1.6,0.85,0.99,1.23,3.38,12.79,83.01,82.97
2024-02-09,5.44,4.48,4.14,4.17,4.37,1.59,0.85,1.0,1.24,3.33,12.93,83.58,83.0
2024-02-12,5.43,4.46,4.13,4.17,4.37,1.58,0.85,1.0,1.24,3.35,13.93,83.88,82.95
2024-02-13,5.45,4.64,4.31,4.31,4.46,1.54,0.82,0.99,1.22,3.36,15.85,84.72,83.06
2024-02-14,5.43,4.56,4.25,4.27,4.45,1.56,0.85,0.98,1.22,3.38,14.38,84.41,83.02
2024-02-15,5.43,4.56,4.22,4.24,4.42,1.57,0.85,0.97,1.2,3.35,14.01,84.33,83.0
2024-02-16,5.44,4.64,4.29,4.3,4.45,1.53,0.81,0.96,1.19,3.34,14.24,84.88,83.02
2024-02-19,,,,,,,,0.96,1.2,3.34,14.71,85.52,
2024-02-20,5.44,4.59,4.25,4.27,4.44,1.56,0.82,0.96,1.19,3.37,15.42,84.78,82.88
2024-02-21,5.44,4.64,4.3,4.32,4.49,1.54,0.78,0.94,1.18,3.34,15.34,84.77,82.96
2024-02-22,5.45,4.69,4.33,4.33,4.47,1.49,0.74,0.93,1.16,3.22,14.54,85.84,82.86
2024-02-23,5.46,4.67,4.28,4.26,4.37,1.49,0.75,0.95,1.18,3.23,13.75,84.18,82.86
2024-02-26,5.47,4.69,4.29,4.28,4.4,1.53,0.79,0.96,1.2,3.23,13.74,84.01,82.85
2024-02-27,5.45,4.7,4.32,4.31,4.44,1.53,0.79,0.96,1.2,3.26,13.43,83.8,82.88
2024-02-28,5.45,4.64,4.26,4.27,4.4,1.55,0.81,0.98,1.22,3.31,13.84,84.08,82.88
2024-02-29,5.45,4.64,4.26,4.25,4.38,1.55,0.8,1.0,1.24,3.29,13.4,84.57,82.87
2024-03-01,5.42,4.54,4.17,4.19,4.33,1.57,0.82,1.01,1.25,3.32,13.11,84.82,82.91
2024-03-04,5.48,4.61,4.21,4.22,4.36,1.57,0.81,1.0,1.24,3.26,13.49,86.58,82.88
2024-03-05,5.47,4.54,4.13,4.13,4.27,1.59,0.88,1.01,1.25,3.31,14.46,85.82,82.86
2024-03-06,5.47,4.55,4.12,4.11,4.24,1.57,0.82,1.01,1.25,3.27,14.5,86.59,82.78
2024-03-07,5.47,4.5,4.07,4.09,4.25,1.59,0.84,1.0,1.24,3.27,14.44,84.88,82.78
2024-03-08,5.46,4.48,4.06,4.09,4.26,1.59,0.84,0.99,1.23,3.26,14.74,84.29,82.73
2024-03-11,5.48,4.51,4.08,4.1,4.26,1.59,0.84,0.98,1.23,3.26,15.22,83.44,82.72
2024-03-12,5.48,4.58,4.15,4.16,4.31,1.55,0.8,0.97,1.21,3.2,13.84,83.66,82.77
2024-03-13,5.48,4.61,4.19,4.19,4.35,1.55,0.8,0.95,1.19,3.15,13.75,83.95,82.81
2024-03-14,5.48,4.68,4.29,4.29,4.44,1.53,0.78,0.94,1.17,3.15,14.4,86.16,82.82
2024-03-15,5.48,4.72,4.33,4.31,4.43,1.49,0.74,0.93,1.17,3.16,14.41,85.39,82.86
2024-03-18,5.48,4.73,4.36,4.34,4.46,1.49,0.71,0.92,1.15,3.13,14.33,86.47,82.89
2024-03-19,5.48,4.68,4.31,4.3,4.44,1.5,0.74,0.92,1.15,3.1,13.82,87.36,83.01
2024-03-20,5.47,4.59,4.25,4.27,4.45,1.56,0.82,0.92,1.16,3.14,13.04,85.77,83.18
2024-03-21,5.48,4.62,4.26,4.27,4.44,1.53,0.79,0.91,1.14,3.05,12.92,84.92,83.15
2024-03-22,5.46,4.59,4.2,4.22,4.39,1.53,0.79,0.92,1.15,3.08,13.06,84.87,83.53
2024-03-25,5.46,4.54,4.23,4.25,4.42,1.53,0.8,0.92,1.15,3.11,13.19,86.18,83.42
2024-03-26,5.46,4.56,4.22,4.24,4.4,1.53,0.79,0.93,1.16,3.15,13.24,85.91,83.32
2024-03-27,5.45,4.54,4.18,4.2,4.36,1.54,0.8,0.94,1.16,3.15,12.78,84.94,83.34
2024-03-28,5.46,4.59,4.21,4.2,4.34,1.5,0.77,0.93,1.15,3.12,13.01,86.17,83.35
2024-03-29,,,,,,,,,,,,,83.34
2024-03-31,,,,,,,,0.94,1.17,3.15,,,
2024-04-01,5.44,4.72,4.34,4.33,4.47,1.49,0.76,0.93,1.16,3.12,13.65,,83.36
2024-04-02,5.42,4.7,4.35,4.36,4.51,1.51,0.77,0.93,1.16,3.23,14.61,87.63,83.32
2024-04-03,5.42,4.68,4.34,4.36,4.51,1.49,0.76,0.92,1.14,3.23,14.33,90.6,83.43
2024-04-04,5.41,4.65,4.3,4.31,4.47,1.51,0.77,0.92,1.15,3.24,16.35,90.32,83.44
2024-04-05,5.43,4.73,4.38,4.39,4.54,1.49,0.77,0.92,1.14,3.18,16.03,92.81,83.29
2024-04-08,5.43,4.78,4.43,4.42,4.55,1.46,0.74,0.91,1.13,3.15,15.19,91.73,83.25
2024-04-09,5.43,4.74,4.37,4.36,4.5,1.44,0.74,0.91,1.13,3.14,14.98,92.13,83.18
2024-04-10,5.45,4.97,4.61,4.55,4.64,1.4,0.69,0.89,1.11,3.1,15.8,91.57,83.37
2024-04-11,5.45,4.93,4.61,4.56,4.65,1.41,0.71,0.89,1.11,3.16,14.91,91.49,83.19
2024-04-12,5.45,4.88,4.54,4.5,4.61,1.45,0.72,0.92,1.13,3.25,17.31,93.12,83.59
2024-04-15,5.45,4.93,4.65,4.63,4.74,1.46,0.74,0.92,1.15,3.28,19.23,90.84,83.48
2024-04-16,5.45,4.97,4.69,4.67,4.77,1.46,0.73,0.95,1.17,3.36,18.4,91.29,83.54
2024-04-17,5.45,4.93,4.62,4.59,4.71,1.48,0.75,0.95,1.17,3.42,18.21,89.54,83.54
2024-04-18,5.46,4.98,4.68,4.64,4.74,1.47,0.76,0.94,1.17,3.39,18.0,88.34,83.53
2024-04-19,5.45,4.97,4.66,4.62,4.72,1.46,0.73,0.94,1.17,3.37,18.71,87.96,83.46
2024-04-22,5.42,4.97,4.66,4.62,4.72,1.46,0.73,0.93,1.16,3.29,16.94,87.3,83.47
2024-04-23,5.45,4.86,4.63,4.61,4.73,1.46,0.73,0.92,1.14,3.2,15.69,88.29,83.36
2024-04-24,5.46,4.89,4.64,4.65,4.78,1.48,0.76,0.92,1.14,3.19,15.97,89.02,83.34
2024-04-25,5.47,4.96,4.7,4.7,4.82,1.47,0.75,0.92,1.14,3.24,15.37,88.1,83.31
2024-04-26,5.46,4.96,4.68,4.67,4.78,1.45,0.72,0.9,1.13,3.16,15.03,89.95,83.38
2024-04-29,5.45,4.97,4.65,4.63,4.75,1.45,0.72,0.9,1.12,3.12,14.67,88.44,83.46
2024-04-30,5.46,5.04,4.72,4.69,4.79,1.44,0.72,0.91,1.14,3.18,15.65,88.23,83.44
2024-05-01,5.46,4.96,4.64,4.63,4.74,1.43,0.7,0.91,1.14,3.21,15.39,83.55,83.45
2024-05-02,5.46,4.87,4.57,4.58,4.72,1.47,0.75,0.9,1.13,3.16,14.68,84.81,83.44
2024-05-03,5.45,4.81,4.48,4.5,4.66,1.49,0.77,0.89,1.11,3.08,13.49,83.6,83.43
2024-05-06,5.45,4.82,4.48,4.49,4.64,1.47,0.76,0.88,1.1,3.03,13.49,,83.48
2024-05-07,5.45,4.82,4.48,4.47,4.61,1.45,0.74,0.88,1.1,3.06,13.23,82.69,83.51
2024-05-08,5.45,4.84,4.5,4.48,4.64,1.47,0.76,0.89,1.11,3.1,13.0,82.44,83.45
2024-05-09,5.46,4.8,4.47,4.45,4.6,1.48,0.78,0.89,1.11,3.14,12.69,83.27,83.51
2024-05-10,5.47,4.87,4.52,4.5,4.64,1.48,0.77,0.89,1.12,3.12,12.55,83.39,83.54
2024-05-13,5.45,4.85,4.5,4.48,4.63,1.48,0.78,0.9,1.12,3.14,13.6,83.18,83.48
2024-05-14,5.44,4.81,4.46,4.45,4.59,1.48,0.77,0.9,1.12,3.14,13.42,81.0,83.5
2024-05-15,5.45,4.73,4.35,4.36,4.52,1.49,0.79,0.9,1.12,3.13,12.45,79.98,83.46
2024-05-16,5.45,4.78,4.4,4.38,4.52,1.47,0.78,0.89,1.11,3.08,12.42,81.65,83.46
2024-05-17,5.46,4.83,4.44,4.42,4.56,1.48,0.77,0.89,1.11,3.09,11.99,82.24,83.34
2024-05-20,5.45,4.82,4.46,4.44,4.58,1.47,0.76,0.88,1.1,3.07,12.15,81.91,83.34
2024-05-21,5.45,4.82,4.43,4.41,4.55,1.48,0.78,0.89,1.1,3.07,11.86,81.22,83.31
2024-05-22,5.45,4.86,4.47,4.43,4.55,1.46,0.78,0.89,1.11,3.11,12.29,79.9,83.26
2024-05-23,5.46,4.91,4.52,4.47,4.58,1.45,0.77,0.89,1.1,3.1,12.77,79.25,83.27
2024-05-24,5.46,4.93,4.53,4.46,4.57,1.46,0.78,0.89,1.1,3.11,11.93,78.92,83.09
2024-05-27,,,,,,,,0.89,1.1,3.12,12.36,,
2024-05-28,5.46,4.94,4.56,4.54,4.66,1.45,0.78,0.88,1.09,3.09,12.92,81.34,83.16
2024-05-29,5.46,4.96,4.63,4.61,4.74,1.47,0.79,0.88,1.09,3.15,14.28,81.5,83.33
2024-05-30,5.46,4.92,4.57,4.55,4.69,1.46,0.79,0.88,1.09,3.19,14.47,81.42,83.28
2024-05-31,5.46,4.89,4.52,4.51,4.65,1.46,0.79,0.88,1.1,3.2,12.92,79.41,83.43
2024-06-03,5.52,4.82,4.42,4.41,4.55,1.47,0.78,0.88,1.1,3.17,13.11,76.45,83.14
2024-06-04,5.52,4.77,4.35,4.33,4.48,1.49,0.81,0.9,1.11,3.22,13.16,75.33,83.52
2024-06-05,5.51,4.72,4.31,4.29,4.44,1.53,0.83,0.91,1.13,3.2,12.63,75.41,83.37
2024-06-06,5.51,4.72,4.29,4.28,4.43,1.5,0.83,0.92,1.13,3.2,12.58,77.62,83.47
2024-06-07,5.52,4.87,4.46,4.43,4.55,1.46,0.77,0.9,1.12,3.15,12.22,78.12,83.38
2024-06-10,5.52,4.87,4.48,4.47,4.59,1.46,0.78,0.9,1.12,3.15,12.74,79.59,83.5
2024-06-11,5.52,4.81,4.41,4.39,4.53,1.48,0.81,0.91,1.12,3.19,12.85,80.15,83.5
2024-06-12,5.51,4.75,4.32,4.31,4.47,1.48,0.78,0.9,1.12,3.09,12.04,80.52,83.57
2024-06-13,5.51,4.68,4.24,4.24,4.4,1.51,0.81,0.92,1.14,3.2,11.94,81.44,83.52
2024-06-14,5.51,4.67,4.22,4.2,4.34,1.53,0.84,0.95,1.17,3.29,12.66,81.49,83.54
2024-06-17,5.52,4.75,4.3,4.28,4.4,1.52,0.83,0.95,1.17,3.26,12.75,82.45,83.52
2024-06-18,5.5,4.69,4.24,4.22,4.36,1.52,0.84,0.96,1.17,3.24,12.3,84.79,83.42
2024-06-19,,,,,,,,0.96,1.18,3.24,12.48,85.64,
2024-06-20,5.5,4.7,4.26,4.25,4.39,1.54,0.86,0.96,1.18,3.23,13.28,85.92,83.62
2024-06-21,5.49,4.7,4.26,4.25,4.39,1.55,0.87,0.96,1.18,3.21,13.2,86.42,83.53
2024-06-24,5.5,4.71,4.27,4.25,4.38,1.53,0.82,0.96,1.18,3.19,13.33,86.75,83.42
2024-06-25,5.49,4.65,4.25,4.23,4.36,1.55,0.84,0.96,1.18,3.19,12.84,86.81,83.4
2024-06-26,5.5,4.71,4.32,4.32,4.45,1.55,0.85,0.97,1.18,3.18,12.55,85.76,83.55
2024-06-27,5.49,4.7,4.29,4.29,4.43,1.55,0.85,0.96,1.18,3.21,12.24,87.0,83.44
2024-06-28,5.48,4.71,4.33,4.36,4.51,1.55,0.83,0.96,1.17,3.18,12.44,87.26,83.33
2024-06-30,,,,,,,,0.96,1.19,3.21,,,
2024-07-01,5.47,4.77,4.44,4.48,4.64,1.55,0.84,0.94,1.16,3.21,12.22,86.57,83.44
2024-07-02,5.47,4.74,4.39,4.43,4.6,1.56,0.84,0.93,1.15,3.23,12.03,88.28,83.5
2024-07-03,5.47,4.71,4.33,4.36,4.53,1.53,0.81,0.93,1.15,3.25,12.09,88.25,83.48
2024-07-04,,,,,,,,0.93,1.15,3.25,12.26,88.34,
2024-07-05,5.46,4.6,4.22,4.28,4.47,1.56,0.84,0.92,1.15,3.27,12.48,88.66,83.47
2024-07-08,5.46,4.62,4.23,4.28,4.46,1.54,0.83,0.92,1.14,3.2,12.37,87.15,83.45
2024-07-09,5.46,4.62,4.24,4.3,4.49,1.56,0.84,0.92,1.14,3.21,12.51,86.48,83.47
2024-07-10,5.46,4.62,4.24,4.28,4.47,1.56,0.84,0.92,1.14,3.17,12.85,86.55,83.5
2024-07-11,5.44,4.5,4.13,4.2,4.41,1.58,0.85,0.93,1.15,3.18,12.92,86.49,83.57
2024-07-12,5.43,4.45,4.1,4.18,4.39,1.58,0.86,0.92,1.14,3.19,12.46,87.35,83.48
2024-07-15,5.43,4.44,4.13,4.23,4.46,1.58,0.86,0.92,1.14,3.13,13.12,86.42,83.55
2024-07-16,5.43,4.43,4.09,4.17,4.38,1.56,0.85,0.92,1.14,3.08,13.19,86.6,83.6
2024-07-17,5.43,4.42,4.07,4.16,4.37,1.56,0.85,0.93,1.15,3.09,14.48,85.76,83.55
2024-07-18,5.43,4.46,4.11,4.2,4.41,1.57,0.84,0.93,1.15,3.09,15.93,86.26,83.58
2024-07-19,5.43,4.49,4.16,4.25,4.45,1.57,0.84,0.93,1.15,3.09,16.52,85.19,83.7
2024-07-22,5.43,4.5,4.17,4.26,4.48,1.58,0.87,0.93,1.15,3.05,14.91,83.44,83.65
2024-07-23,5.41,4.4,4.15,4.25,4.48,1.59,0.88,0.93,1.15,3.02,14.72,82.2,83.68
2024-07-24,5.4,4.37,4.12,4.28,4.54,1.65,0.94,0.96,1.18,3.1,18.04,83.01,83.72
2024-07-25,5.39,4.41,4.13,4.27,4.5,1.62,0.91,0.95,1.17,3.08,18.46,82.58,83.7
2024-07-26,5.38,4.36,4.06,4.2,4.45,1.65,0.93,0.95,1.17,3.1,16.39,81.35,83.7
2024-07-29,5.41,4.36,4.05,4.17,4.42,1.66,0.94,0.95,1.17,3.13,16.6,80.94,83.75
2024-07-30,5.4,4.35,4.03,4.15,4.4,1.65,0.93,0.96,1.18,3.2,17.69,79.26,83.7
2024-07-31,5.41,4.29,3.97,4.09,4.35,1.68,0.95,0.97,1.2,3.25,16.36,81.39,83.73
2024-08-01,5.37,4.16,3.84,3.99,4.27,1.71,0.99,1.0,1.23,3.35,18.59,81.37,83.7
2024-08-02,5.29,3.88,3.62,3.8,4.11,1.8,1.08,1.06,1.3,3.72,23.39,78.35,83.79
2024-08-05,5.35,3.89,3.62,3.78,4.06,1.85,1.1,1.12,1.37,3.93,38.57,77.51,83.83
2024-08-06,5.34,3.99,3.73,3.9,4.18,1.78,1.06,1.08,1.32,3.67,27.71,76.62,83.91
2024-08-07,5.34,4.0,3.79,3.96,4.26,1.8,1.07,1.07,1.31,3.57,27.85,78.26,83.96
2024-08-08,5.34,4.04,3.83,3.99,4.28,1.78,1.05,1.05,1.29,3.48,23.79,80.76,83.95
2024-08-09,5.33,4.05,3.8,3.94,4.23,1.77,1.04,1.05,1.28,3.49,20.37,81.07,83.92
2024-08-12,5.33,4.01,3.75,3.9,4.19,1.78,1.07,1.05,1.29,3.52,20.71,83.06,83.92
2024-08-13,5.32,3.93,3.68,3.85,4.16,1.8,1.07,1.04,1.28,3.54,18.12,82.51,83.97
2024-08-14,5.32,3.94,3.67,3.83,4.12,1.74,1.0,1.02,1.26,3.46,16.19,82.15,83.91
2024-08-15,5.34,4.08,3.79,3.92,4.18,1.68,0.94,0.98,1.22,3.31,15.23,83.09,83.94
2024-08-16,5.33,4.06,3.77,3.89,4.15,1.69,0.94,0.98,1.21,3.29,14.8,81.56,83.95
2024-08-19,5.31,4.06,3.75,3.86,4.11,1.68,0.94,0.97,1.21,3.21,14.65,81.09,83.82
2024-08-20,5.29,3.99,3.7,3.82,4.07,1.69,0.94,0.98,1.22,3.25,15.88,78.85,83.79
2024-08-21,5.26,3.92,3.64,3.79,4.06,1.69,0.94,0.98,1.22,3.27,16.27,78.77,83.93
2024-08-22,5.28,3.99,3.72,3.86,4.13,1.7,0.95,0.97,1.21,3.21,17.55,78.8,83.93
2024-08-23,5.25,3.9,3.65,3.81,4.1,1.7,0.95,0.96,1.2,3.19,15.86,80.34,83.91
2024-08-26,5.24,3.91,3.66,3.82,4.11,1.7,0.95,0.96,1.19,3.15,16.15,,83.87
2024-08-27,5.23,3.83,3.66,3.83,4.13,1.71,0.96,0.96,1.19,3.17,15.43,81.51,83.91
2024-08-28,5.21,3.83,3.63,3.84,4.13,1.71,0.96,0.96,1.19,3.19,17.11,80.04,83.9
2024-08-29,5.22,3.87,3.66,3.87,4.15,1.69,0.95,0.96,1.19,3.15,15.65,81.55,83.84
2024-08-30,5.21,3.91,3.71,3.91,4.2,1.69,0.96,0.95,1.18,3.13,15.0,80.2,83.83
2024-08-31,,,,,,,,0.96,1.19,3.17,,,
2024-09-02,,,,,,,,0.96,1.19,3.17,15.55,77.82,
2024-09-03,5.19,3.88,3.65,3.84,4.13,1.73,0.97,0.98,1.22,3.31,20.72,76.46,83.94
2024-09-04,5.18,3.76,3.56,3.77,4.06,1.73,0.98,0.99,1.23,3.35,21.32,74.67,83.95
2024-09-05,5.15,3.75,3.54,3.73,4.02,1.73,0.99,0.99,1.23,3.29,19.9,74.47,83.96
2024-09-06,5.13,3.66,3.5,3.72,4.03,1.73,1.0,0.99,1.24,3.39,22.38,72.82,83.91
2024-09-09,5.11,3.68,3.49,3.7,4.0,1.73,1.0,0.99,1.23,3.36,19.45,72.37,83.93
2024-09-10,5.06,3.59,3.43,3.65,3.97,1.74,1.0,1.01,1.25,3.46,19.08,70.34,83.95
2024-09-11,5.1,3.62,3.45,3.65,3.96,1.75,1.01,1.01,1.25,3.44,17.69,70.31,83.95
2024-09-12,5.06,3.64,3.47,3.68,4.0,1.74,1.0,0.99,1.24,3.39,17.07,73.81,83.92
2024-09-13,4.97,3.57,3.43,3.66,3.98,1.72,0.99,0.99,1.23,3.37,16.56,73.68,83.88
2024-09-16,4.96,3.56,3.41,3.63,3.94,1.7,0.96,0.98,1.22,3.32,17.14,73.96,83.89
2024-09-17,4.95,3.59,3.44,3.65,3.96,1.68,0.95,0.97,1.2,3.25,17.61,74.55,83.75
2024-09-18,4.84,3.61,3.47,3.7,4.03,1.67,0.95,0.95,1.19,3.21,18.23,74.52,83.75
2024-09-19,4.8,3.59,3.49,3.73,4.06,1.67,0.93,0.93,1.16,3.1,16.33,75.93,83.68
2024-09-20,4.75,3.55,3.48,3.73,4.07,1.67,0.93,0.93,1.17,3.15,16.15,75.96,83.57
2024-09-23,4.72,3.57,3.51,3.75,4.09,1.65,0.91,0.92,1.16,3.15,15.89,74.95,83.53
2024-09-24,4.69,3.49,3.47,3.74,4.09,1.66,0.92,0.92,1.15,3.21,15.39,75.29,83.66
2024-09-25,4.69,3.53,3.52,3.79,4.14,1.65,0.93,0.92,1.15,3.19,15.41,75.4,83.56
2024-09-26,4.68,3.6,3.55,3.79,4.12,1.65,0.92,0.92,1.15,3.14,15.37,73.06,83.6
2024-09-27,4.68,3.55,3.5,3.75,4.1,1.66,0.94,0.92,1.15,3.14,16.96,71.63,83.68
2024-09-30,4.73,3.66,3.58,3.81,4.14,1.63,0.91,0.92,1.16,3.03,16.73,72.35,83.76
2024-10-01,4.71,3.61,3.51,3.74,4.08,1.65,0.94,0.92,1.16,3.07,19.26,75.3,83.81
2024-10-02,4.69,3.63,3.55,3.79,4.14,1.64,0.92,0.91,1.15,3.06,18.9,74.86,83.81
2024-10-03,4.68,3.7,3.62,3.85,4.18,1.62,0.91,0.9,1.13,3.04,20.49,77.57,84.0
2024-10-04,4.73,3.93,3.81,3.98,4.26,1.57,0.85,0.87,1.1,2.89,19.21,79.32,83.99
2024-10-07,4.77,3.99,3.86,4.03,4.3,1.54,0.84,0.86,1.09,2.95,22.64,81.74,83.96
2024-10-08,4.75,3.98,3.86,4.04,4.32,1.55,0.85,0.87,1.09,2.99,21.42,78.19,83.95
2024-10-09,4.75,3.99,3.91,4.06,4.34,1.54,0.85,0.85,1.08,2.94,20.86,77.06,83.93
2024-10-10,4.75,3.98,3.91,4.09,4.38,1.54,0.85,0.84,1.07,2.99,20.93,79.45,83.94
2024-10-11,4.73,3.95,3.88,4.08,4.39,1.54,0.85,0.84,1.06,2.98,20.46,80.27,84.08
2024-10-14,,,,,,,,0.84,1.06,2.97,19.7,78.47,
2024-10-15,4.73,3.95,3.86,4.03,4.32,1.53,0.83,0.83,1.05,2.93,20.64,73.68,84.04
2024-10-16,4.72,3.93,3.84,4.02,4.3,1.51,0.82,0.83,1.05,2.9,19.58,73.65,84.01
2024-10-17,4.74,3.96,3.9,4.09,4.39,1.53,0.85,0.83,1.04,2.89,19.11,74.37,84.04
2024-10-18,4.73,3.95,3.88,4.08,4.38,1.53,0.86,0.83,1.05,2.88,18.03,72.75,84.03
2024-10-21,4.73,4.02,3.98,4.19,4.49,1.54,0.88,0.85,1.07,2.88,18.37,73.29,84.07
2024-10-22,4.72,4.03,4.0,4.2,4.49,1.55,0.89,0.85,1.07,2.92,18.2,75.59,84.06
2024-10-23,4.73,4.07,4.05,4.24,4.51,1.54,0.87,0.86,1.08,2.95,19.24,74.68,84.06
2024-10-24,4.7,4.07,4.03,4.21,4.47,1.52,0.85,0.86,1.08,2.93,19.08,74.27,84.05
2024-10-25,4.73,4.11,4.07,4.25,4.51,1.51,0.84,0.85,1.07,2.89,20.33,75.62,84.06
2024-10-28,4.7,4.12,4.11,4.28,4.53,1.51,0.84,0.84,1.06,2.82,19.8,71.87,84.05
2024-10-29,4.7,4.11,4.11,4.28,4.52,1.49,0.82,0.84,1.06,2.85,19.34,71.09,84.04
2024-10-30,4.67,4.15,4.14,4.29,4.49,1.44,0.78,0.84,1.06,2.8,20.35,73.21,84.07
2024-10-31,4.64,4.16,4.15,4.28,4.47,1.46,0.81,0.86,1.08,2.88,23.16,73.25,84.06
2024-11-01,4.61,4.21,4.22,4.37,4.57,1.46,0.8,0.86,1.07,2.83,21.88,73.63,84.03
2024-11-04,4.65,4.17,4.17,4.31,4.5,1.46,0.8,0.86,1.07,2.87,21.98,74.89,84.11
2024-11-05,4.64,4.19,4.16,4.26,4.44,1.45,0.79,0.84,1.06,2.86,20.49,76.98,84.1
2024-11-06,4.64,4.27,4.27,4.42,4.6,1.4,0.73,0.8,1.01,2.74,16.27,76.52,84.31
2024-11-07,4.63,4.21,4.17,4.31,4.52,1.44,0.78,0.78,0.99,2.73,15.2,75.73,84.37
2024-11-08,4.63,4.26,4.2,4.3,4.47,1.38,0.73,0.77,0.98,2.63,14.94,74.04,84.34
2024-11-11,,,,,,,,0.77,0.98,2.63,14.97,72.19,
2024-11-12,4.63,4.34,4.32,4.43,4.58,1.36,0.71,0.77,0.97,2.61,14.71,72.56,84.38
2024-11-13,4.6,4.27,4.3,4.44,4.63,1.41,0.78,0.78,0.99,2.64,14.02,72.86,84.39
2024-11-14,4.61,4.34,4.32,4.43,4.58,1.39,0.74,0.8,1.0,2.6,14.31,73.39,84.42
2024-11-15,4.6,4.31,4.3,4.43,4.6,1.41,0.78,0.8,1.01,2.72,16.14,73.45,84.41
2024-11-18,4.63,4.29,4.28,4.42,4.61,1.42,0.77,0.8,1.0,2.72,15.58,74.35,84.37
2024-11-19,4.62,4.27,4.25,4.39,4.57,1.42,0.77,0.8,1.0,2.69,16.35,74.32,84.36
2024-11-20,4.62,4.31,4.28,4.41,4.59,1.43,0.79,0.81,1.01,2.67,17.16,74.33,84.41
2024-11-21,4.63,4.34,4.3,4.43,4.61,1.43,0.79,0.81,1.01,2.61,16.87,75.09,84.48
2024-11-22,4.63,4.37,4.3,4.41,4.6,1.43,0.81,0.8,1.0,2.61,15.24,76.1,84.44
2024-11-25,4.62,4.21,4.17,4.27,4.45,1.42,0.81,0.8,1.0,2.64,14.6,74.27,84.24
2024-11-26,4.61,4.21,4.17,4.3,4.48,1.43,0.81,0.81,1.01,2.68,14.1,74.56,84.27
2024-11-27,4.6,4.19,4.11,4.25,4.44,1.43,0.82,0.82,1.02,2.69,14.1,73.91,84.41
2024-11-28,,,,,,,,0.82,1.02,2.69,13.9,73.92,
2024-11-29,4.58,4.13,4.05,4.18,4.36,1.44,0.83,0.82,1.02,2.72,13.51,74.16,84.48
2024-11-30,,,,,,,,0.83,1.03,2.74,,,
2024-12-02,4.51,4.17,4.08,4.19,4.36,1.41,0.79,0.81,1.01,2.68,13.34,72.81,84.74
2024-12-03,4.49,4.17,4.11,4.23,4.4,1.4,0.79,0.8,1.0,2.66,13.3,74.8,84.68
2024-12-04,4.47,4.13,4.07,4.19,4.35,1.39,0.78,0.8,1.01,2.66,13.45,74.68,84.69
2024-12-05,4.46,4.15,4.07,4.17,4.33,1.4,0.8,0.81,1.01,2.66,13.54,73.78,84.68
2024-12-06,4.42,4.1,4.03,4.15,4.34,1.42,0.81,0.81,1.02,2.67,12.77,73.78,84.67
2024-12-09,4.42,4.13,4.07,4.2,4.39,1.42,0.82,0.81,1.01,2.67,14.19,73.73,84.72
2024-12-10,4.41,4.15,4.09,4.22,4.41,1.41,0.81,0.8,1.0,2.67,14.18,73.64,84.84
2024-12-11,4.38,4.15,4.13,4.26,4.48,1.42,0.84,0.78,0.98,2.64,13.58,74.38,84.8
2024-12-12,4.35,4.18,4.18,4.32,4.55,1.44,0.84,0.79,0.99,2.66,13.92,73.52,84.84
2024-12-13,4.34,4.25,4.25,4.4,4.61,1.42,0.83,0.78,0.98,2.68,13.81,74.89,84.78
2024-12-16,4.37,4.25,4.25,4.39,4.6,1.42,0.82,0.78,0.98,2.69,14.69,74.3,84.89
2024-12-17,4.38,4.25,4.26,4.4,4.59,1.39,0.79,0.79,0.99,2.75,15.87,73.16,84.91
2024-12-18,4.36,4.35,4.4,4.5,4.65,1.37,0.76,0.79,0.98,2.73,27.62,74.57,84.95
2024-12-19,4.35,4.32,4.43,4.57,4.74,1.4,0.8,0.82,1.02,2.91,24.09,73.75,85.09
2024-12-20,4.34,4.3,4.37,4.52,4.72,1.43,0.83,0.82,1.02,2.86,18.36,73.19,85.02
2024-12-23,4.36,4.3,4.44,4.59,4.78,1.42,0.83,0.82,1.02,2.85,16.78,72.12,85.1
2024-12-24,4.4,4.29,4.43,4.59,4.76,1.39,0.8,,1.01,2.86,14.27,73.5,85.14
2024-12-25,,,,,,,,,,,,,
2024-12-26,4.35,4.3,4.42,4.58,4.76,1.4,0.77,0.81,1.0,2.86,14.73,,85.25
2024-12-27,4.31,4.31,4.45,4.62,4.82,1.4,0.77,0.81,1.0,2.84,15.95,73.77,85.53
2024-12-30,4.37,4.24,4.37,4.55,4.77,1.43,0.8,0.82,1.01,2.94,17.4,74.24,85.47
2024-12-31,4.37,4.25,4.38,4.58,4.78,1.42,0.82,0.82,1.02,2.92,17.35,74.58,85.55
2025-01-01,,,,,,,,,,,,,
2025-01-02,4.36,4.25,4.38,4.57,4.79,1.45,0.84,0.83,1.02,2.88,17.93,76.14,85.75
2025-01-03,4.34,4.28,4.41,4.6,4.82,1.44,0.84,0.83,1.02,2.81,16.13,76.72,85.75
2025-01-06,4.35,4.28,4.42,4.62,4.85,1.44,0.84,0.84,1.03,2.76,16.04,77.27,85.7
2025-01-07,4.35,4.3,4.46,4.67,4.91,1.47,0.87,0.84,1.04,2.79,17.82,77.84,85.74
2025-01-08,4.35,4.28,4.45,4.67,4.91,1.48,0.87,0.83,1.03,2.84,17.7,77.37,85.89
2025-01-09,4.35,4.27,4.46,4.68,4.92,1.46,0.85,0.83,1.03,2.82,18.07,78.44,85.87
2025-01-10,4.36,4.4,4.59,4.77,4.96,1.42,0.81,0.83,1.03,2.81,19.54,79.76,85.96
2025-01-13,4.37,4.4,4.61,4.79,4.97,1.44,0.82,0.84,1.04,2.85,19.19,82.69,86.69
2025-01-14,4.36,4.37,4.59,4.78,4.98,1.44,0.83,0.84,1.04,2.8,18.71,82.39,86.63
2025-01-15,4.35,4.27,4.45,4.66,4.88,1.44,0.82,0.83,1.03,2.72,16.12,83.48,86.37
2025-01-16,4.34,4.23,4.39,4.61,4.84,1.46,0.85,0.83,1.03,2.73,16.6,82.39,86.57
2025-01-17,4.34,4.27,4.42,4.61,4.84,1.46,0.84,0.82,1.02,2.64,15.97,83.02,86.55
2025-01-20,,,,,,,,0.82,1.02,2.64,15.81,81.68,
2025-01-21,4.36,4.29,4.4,4.57,4.8,1.46,0.83,0.82,1.02,2.61,15.06,80.57,86.58
2025-01-22,4.36,4.29,4.43,4.6,4.82,1.43,0.81,0.81,1.01,2.59,15.1,80.0,86.34
2025-01-23,4.36,4.29,4.45,4.65,4.87,1.43,0.81,0.8,1.0,2.61,15.02,78.62,86.42
2025-01-24,4.35,4.27,4.43,4.63,4.85,1.43,0.81,0.8,1.0,2.6,14.85,78.71,86.2
2025-01-27,4.32,4.17,4.32,4.53,4.76,1.45,0.83,0.81,1.01,2.66,17.9,77.3,86.34
2025-01-28,4.31,4.19,4.33,4.55,4.78,1.45,0.83,0.81,1.0,2.66,16.41,78.01,86.52
2025-01-29,4.31,4.21,4.35,4.55,4.79,1.45,0.83,0.81,1.01,2.68,16.56,77.02,86.61
2025-01-30,4.3,4.18,4.31,4.52,4.76,1.45,0.83,0.81,1.01,2.67,15.84,77.42,86.55
2025-01-31,4.31,4.22,4.36,4.58,4.83,1.45,0.85,0.82,1.02,2.68,16.43,77.11,86.54
2025-02-03,4.34,4.26,4.35,4.54,4.77,1.46,0.86,0.83,1.03,2.73,18.62,76.49,87.19
2025-02-04,4.33,4.21,4.31,4.52,4.75,1.46,0.85,0.82,1.03,2.71,17.21,76.58,87.06
2025-02-05,4.33,4.17,4.24,4.43,4.64,1.45,0.84,0.83,1.03,2.69,15.77,74.71,87.08
2025-02-06,4.34,4.21,4.28,4.45,4.65,1.44,0.83,0.84,1.04,2.66,15.5,74.54,87.57
2025-02-07,4.35,4.29,4.34,4.49,4.69,1.45,0.84,0.84,1.04,2.67,16.54,74.68,87.43
2025-02-10,4.35,4.28,4.34,4.51,4.71,1.45,0.84,0.84,1.04,2.66,15.81,76.23,87.45
2025-02-11,4.35,4.29,4.37,4.54,4.75,1.46,0.86,0.83,1.03,2.66,16.02,77.65,86.76
2025-02-12,4.35,4.36,4.48,4.62,4.83,1.45,0.85,0.81,1.01,2.65,15.89,75.38,86.9
2025-02-13,4.34,4.31,4.39,4.52,4.72,1.44,0.84,0.81,1.0,2.65,15.1,75.61,86.89
2025-02-14,4.34,4.26,4.33,4.47,4.69,1.46,0.85,0.8,1.0,2.62,14.77,75.19,86.82
2025-02-17,,,,,,,,0.8,1.0,2.62,15.37,75.81,
2025-02-18,4.34,4.29,4.4,4.55,4.77,1.44,0.83,0.79,0.98,2.62,15.35,76.46,86.96
2025-02-19,4.34,4.28,4.37,4.53,4.76,1.46,0.85,0.79,0.99,2.68,15.27,76.34,86.96
2025-02-20,4.33,4.28,4.34,4.5,4.74,1.47,0.87,0.8,0.99,2.66,15.66,76.95,86.65
2025-02-21,4.32,4.19,4.26,4.42,4.67,1.49,0.89,0.81,1.01,2.78,18.21,74.88,86.7
2025-02-24,4.31,4.13,4.23,4.4,4.66,1.48,0.89,0.81,1.01,2.78,18.98,74.89,86.72
2025-02-25,4.3,4.07,4.12,4.3,4.55,1.5,0.91,0.84,1.03,2.84,19.43,73.11,87.2
2025-02-26,4.31,4.05,4.06,4.25,4.51,1.51,0.92,0.84,1.04,2.81,19.1,73.49,87.2
2025-02-27,4.32,4.07,4.09,4.29,4.56,1.52,0.92,0.85,1.05,2.81,21.13,75.01,87.17
2025-02-28,4.32,3.99,4.03,4.24,4.51,1.57,0.97,0.88,1.09,2.87,19.63,74.76,87.5
2025-03-03,4.35,3.96,3.97,4.16,4.45,1.61,1.0,0.89,1.1,2.94,22.78,72.85,87.35
2025-03-04,4.34,3.96,4.01,4.22,4.53,1.61,1.0,0.89,1.11,2.99,23.51,72.31,87.26
2025-03-05,4.35,3.99,4.08,4.28,4.57,1.57,0.95,0.87,1.08,2.88,21.93,70.92,86.95
2025-03-06,4.34,3.96,4.06,4.29,4.58,1.59,0.97,0.88,1.09,2.99,24.87,71.08,87.11
2025-03-07,4.34,3.99,4.09,4.32,4.62,1.61,0.98,0.89,1.1,2.97,23.37,72.49,86.88
2025-03-10,4.33,3.89,3.98,4.22,4.54,1.64,1.01,0.91,1.13,3.16,27.86,71.08,87.27
2025-03-11,4.34,3.94,4.03,4.28,4.59,1.68,1.04,0.94,1.16,3.22,26.92,71.51,87.16
2025-03-12,4.35,4.01,4.09,4.32,4.63,1.65,1.03,0.96,1.17,3.2,24.23,72.36,87.16
2025-03-13,4.34,3.94,4.02,4.27,4.59,1.7,1.05,0.97,1.2,3.4,24.66,70.82,87.0
2025-03-14,4.33,4.02,4.09,4.31,4.62,1.65,0.99,0.94,1.16,3.25,21.77,71.94,87.0
2025-03-17,4.34,4.06,4.11,4.31,4.6,1.63,0.98,0.93,1.15,3.18,20.51,71.93,86.79
2025-03-18,4.34,4.04,4.07,4.29,4.58,1.63,0.98,0.93,1.15,3.23,21.7,71.93,86.5
2025-03-19,4.33,3.99,4.03,4.25,4.56,1.64,1.0,0.91,1.13,3.19,19.9,71.94,86.43
2025-03-20,4.33,3.95,4.01,4.24,4.55,1.64,1.0,0.91,1.13,3.17,19.8,72.61,86.31
2025-03-21,4.33,3.94,4.0,4.25,4.59,1.68,1.03,0.92,1.14,3.21,19.28,72.64,86.01
2025-03-24,4.33,4.04,4.09,4.34,4.66,1.64,0.98,0.9,1.12,3.05,17.48,73.96,85.56
2025-03-25,4.33,3.96,4.07,4.31,4.65,1.66,1.01,0.9,1.12,3.09,17.15,73.78,85.77
2025-03-26,4.33,3.98,4.08,4.35,4.69,1.66,1.01,0.91,1.13,3.19,18.33,74.6,85.71
2025-03-27,4.33,3.97,4.09,4.38,4.73,1.68,1.02,0.91,1.14,3.27,18.69,74.72,85.79
2025-03-28,4.33,3.89,3.98,4.27,4.64,1.73,1.05,0.94,1.17,3.47,21.65,74.69,85.51
2025-03-31,4.32,3.89,3.96,4.23,4.59,1.76,1.08,0.97,1.2,3.55,22.28,77.23,85.43
2025-04-01,4.32,3.87,3.91,4.17,4.52,1.73,1.06,0.98,1.21,3.5,21.77,77.78,85.46
2025-04-02,4.32,3.91,3.95,4.2,4.54,1.73,1.05,0.96,1.19,3.42,21.51,77.27,85.52
2025-04-03,4.31,3.71,3.75,4.06,4.49,1.89,1.22,1.06,1.3,4.01,30.02,72.54,85.44
2025-04-04,4.28,3.68,3.72,4.01,4.41,1.94,1.24,1.14,1.41,4.45,45.31,68.36,85.24
2025-04-07,4.29,3.73,3.82,4.15,4.58,2.02,1.3,1.2,1.48,4.61,46.98,66.13,85.85
2025-04-08,4.31,3.71,3.88,4.26,4.71,2.0,1.29,1.18,1.46,4.57,52.33,64.86,86.24
2025-04-09,4.35,3.91,4.06,4.34,4.72,2.02,1.26,1.21,1.49,4.37,33.62,67.3,86.64
2025-04-10,4.34,3.84,4.04,4.4,4.86,1.97,1.26,1.18,1.46,4.42,40.72,65.37,86.69
2025-04-11,4.34,3.96,4.15,4.48,4.85,1.9,1.19,1.18,1.46,4.26,37.56,66.83,86.06
2025-04-14,4.33,3.84,4.02,4.38,4.8,1.9,1.15,1.15,1.43,4.14,30.89,67.18,86.02
2025-04-15,4.33,3.84,3.98,4.35,4.79,1.9,1.16,1.14,1.42,4.09,30.12,66.58,85.76
2025-04-16,4.33,3.77,3.91,4.29,4.74,1.92,1.19,1.13,1.41,4.16,32.64,67.94,85.67
2025-04-17,4.34,3.81,3.95,4.34,4.8,1.92,1.17,1.11,1.39,4.02,29.65,69.33,85.37
2025-04-18,,,,,,,,,,,,,85.43
2025-04-21,4.34,3.75,3.97,4.42,4.91,1.96,1.19,1.12,1.4,4.16,33.82,,85.18
2025-04-22,4.33,3.76,3.98,4.41,4.88,1.93,1.16,1.11,1.39,3.99,30.57,68.93,85.19
2025-04-23,4.33,3.81,4.0,4.4,4.83,1.86,1.11,1.08,1.35,3.75,28.45,68.26,85.42
2025-04-24,4.32,3.77,3.91,4.32,4.77,1.86,1.1,1.06,1.33,3.73,26.47,67.5,85.3
2025-04-25,4.32,3.74,3.88,4.29,4.74,1.84,1.09,1.04,1.31,3.67,24.84,66.99,85.43
2025-04-28,4.32,3.67,3.81,4.23,4.69,1.87,1.11,1.04,1.31,3.73,25.15,66.13,85.02
2025-04-29,4.31,3.65,3.77,4.19,4.64,1.88,1.14,1.06,1.33,3.74,24.17,64.04,85.27
2025-04-30,4.31,3.6,3.72,4.17,4.66,1.96,1.21,1.09,1.37,3.94,24.7,63.37,84.49
2025-05-01,4.31,3.7,3.81,4.25,4.74,1.95,1.2,1.09,1.38,3.78,24.6,62.37,84.58
2025-05-02,4.33,3.83,3.92,4.33,4.79,1.9,1.16,1.06,1.34,3.6,22.68,61.57,84.5
2025-05-05,4.33,3.83,3.95,4.36,4.83,1.91,1.16,1.05,1.33,3.6,23.64,,84.27
2025-05-06,4.33,3.78,3.9,4.3,4.81,1.95,1.21,1.05,1.33,3.66,24.76,62.37,84.45
2025-05-07,4.34,3.78,3.87,4.26,4.77,1.95,1.21,1.05,1.32,3.67,23.55,60.31,84.82
2025-05-08,4.34,3.9,4.0,4.37,4.83,1.89,1.15,1.02,1.29,3.51,22.48,62.22,85.67
2025-05-09,4.34,3.88,4.0,4.37,4.83,1.89,1.13,1.02,1.29,3.53,21.9,64.26,85.38
2025-05-12,4.42,3.98,4.09,4.45,4.89,1.82,1.07,0.97,1.22,3.15,18.39,65.28,85.38
2025-05-13,4.41,4.02,4.12,4.49,4.94,1.82,1.08,0.94,1.19,3.09,18.22,66.93,85.35
2025-05-14,4.41,4.05,4.17,4.53,4.97,1.8,1.07,0.93,1.18,3.1,18.62,65.91,85.29
2025-05-15,4.38,3.96,4.07,4.45,4.91,1.83,1.09,0.94,1.19,3.2,17.83,64.36,85.52
2025-05-16,4.37,3.98,4.06,4.43,4.89,1.82,1.09,0.93,1.17,3.16,17.24,65.2,85.49
2025-05-19,4.39,3.97,4.07,4.46,4.92,1.84,1.09,0.92,1.16,3.21,18.14,66.25,85.37
2025-05-20,4.38,3.97,4.07,4.48,4.96,1.82,1.09,0.9,1.15,3.2,18.09,66.93,85.63
2025-05-21,4.36,4.0,4.15,4.58,5.08,1.85,1.13,0.91,1.15,3.25,20.87,65.86,85.65
2025-05-22,4.37,4.0,4.11,4.54,5.05,1.87,1.13,0.92,1.16,3.32,20.28,64.87,85.97
2025-05-23,4.36,4.0,4.08,4.51,5.04,1.88,1.13,0.93,1.18,3.4,22.29,65.41,85.17
2025-05-26,,,,,,,,0.93,1.18,3.4,20.57,,
2025-05-27,4.35,3.92,4.04,4.43,4.94,1.84,1.07,0.91,1.15,3.24,18.96,64.32,85.3
2025-05-28,4.35,3.96,4.05,4.47,4.97,1.83,1.09,0.9,1.14,3.23,19.31,65.72,85.39
2025-05-29,4.36,3.92,4.0,4.43,4.92,1.81,1.06,0.9,1.14,3.22,19.18,64.6,85.49
2025-05-30,4.36,3.89,3.96,4.41,4.92,1.84,1.1,0.91,1.15,3.31,18.57,64.32,85.5
2025-05-31,,,,,,,,0.92,1.16,3.32,,,
2025-06-02,4.44,3.94,4.01,4.46,4.99,1.84,1.1,0.91,1.15,3.27,18.36,66.55,85.33
2025-06-03,4.43,3.96,4.04,4.46,4.98,1.81,1.07,0.89,1.12,3.19,17.69,67.48,85.59
2025-06-04,4.44,3.87,3.93,4.37,4.89,1.8,1.08,0.89,1.12,3.23,17.61,66.69,85.85
2025-06-05,4.44,3.92,3.99,4.4,4.88,1.77,1.06,0.89,1.12,3.18,18.48,67.14,85.8
2025-06-06,4.43,4.04,4.13,4.51,4.97,1.73,1.03,0.87,1.1,3.09,16.77,68.02,85.66
2025-06-09,4.44,4.01,4.09,4.49,4.95,1.72,1.02,0.87,1.09,3.12,17.16,68.73,85.64
2025-06-10,4.45,4.01,4.08,4.47,4.93,1.71,1.03,0.87,1.09,3.12,16.95,68.41,85.57
2025-06-11,4.45,3.94,4.02,4.41,4.91,1.74,1.04,0.87,1.09,3.12,17.26,71.29,85.51
2025-06-12,4.46,3.9,3.97,4.36,4.84,1.73,1.05,0.88,1.1,3.17,18.02,70.84,85.55
2025-06-13,4.45,3.96,4.02,4.41,4.9,1.75,1.06,0.88,1.1,3.18,20.82,76.0,86.08
2025-06-16,4.43,3.97,4.04,4.46,4.96,1.74,1.04,0.87,1.08,3.1,19.11,75.05,86.05
2025-06-17,4.42,3.94,3.99,4.39,4.88,1.74,1.06,0.88,1.1,3.17,21.6,78.7,86.29
2025-06-18,4.42,3.94,3.98,4.38,4.88,1.77,1.08,0.88,1.1,3.16,20.14,78.38,86.49
2025-06-19,,,,,,,,0.88,1.1,3.16,22.17,80.37,
2025-06-20,4.39,3.9,3.96,4.38,4.89,1.76,1.08,0.88,1.1,3.13,20.62,78.73,86.58
2025-06-23,4.38,3.84,3.91,4.34,4.87,1.77,1.09,0.89,1.12,3.12,19.83,74.34,86.73
2025-06-24,4.38,3.75,3.86,4.3,4.83,1.78,1.1,0.88,1.1,3.06,17.48,69.13,85.92
2025-06-25,4.38,3.74,3.83,4.29,4.83,1.79,1.14,0.88,1.11,3.04,16.76,68.4,86.04
2025-06-26,4.39,3.7,3.79,4.26,4.81,1.8,1.16,0.89,1.11,3.04,16.59,68.57,85.66
2025-06-27,4.39,3.73,3.83,4.29,4.85,1.79,1.15,0.88,1.1,3.02,16.32,69.37,85.45
2025-06-30,4.41,3.72,3.79,4.24,4.78,1.75,1.1,0.86,1.08,2.96,16.73,68.15,85.74
2025-07-01,4.4,3.78,3.84,4.26,4.78,1.72,1.06,0.84,1.06,2.91,16.83,67.63,85.58
2025-07-02,4.41,3.78,3.87,4.3,4.82,1.7,1.05,0.83,1.03,2.88,16.64,70.8,85.7
2025-07-03,4.42,3.88,3.94,4.35,4.86,1.67,1.02,0.8,1.01,2.8,16.38,70.42,85.3
2025-07-04,,,,,,,,0.8,1.01,2.8,17.48,71.03,
2025-07-07,4.42,3.9,3.96,4.4,4.92,1.71,1.06,0.81,1.02,2.86,17.79,71.95,85.86
2025-07-08,4.42,3.9,3.99,4.42,4.94,1.71,1.05,0.82,1.02,2.92,16.81,72.5,85.75
2025-07-09,4.42,3.86,3.92,4.34,4.87,1.73,1.08,0.83,1.04,2.94,15.94,71.98,85.69
2025-07-10,4.42,3.86,3.93,4.35,4.86,1.7,1.05,0.83,1.03,2.92,15.78,70.38,85.65
2025-07-11,4.41,3.9,3.99,4.43,4.96,1.72,1.07,0.83,1.03,2.97,16.4,72.06,85.8
2025-07-14,4.42,3.9,3.98,4.43,4.97,1.73,1.07,0.82,1.03,2.95,17.2,70.96,85.99
2025-07-15,4.42,3.95,4.05,4.5,5.01,1.7,1.04,0.81,1.01,2.95,17.38,70.27,85.82
2025-07-16,4.41,3.88,3.99,4.46,5.01,1.73,1.09,0.81,1.02,3.0,17.16,69.67,85.96
2025-07-17,4.41,3.91,4.01,4.47,5.01,1.71,1.06,0.8,1.01,2.91,16.52,71.32,86.08
2025-07-18,4.4,3.88,3.96,4.44,5.0,1.73,1.08,0.8,1.01,2.93,16.41,71.06,86.1
2025-07-21,4.41,3.85,3.91,4.38,4.94,1.73,1.08,0.8,1.01,2.89,16.65,71.92,86.3
2025-07-22,4.41,3.83,3.88,4.35,4.9,1.73,1.08,0.81,1.02,2.9,16.5,69.69,86.37
2025-07-23,4.41,3.88,3.94,4.4,4.95,1.71,1.07,0.79,1.0,2.83,15.37,69.17,86.41
2025-07-24,4.42,3.91,3.98,4.43,4.96,1.68,1.04,0.79,0.99,2.82,15.39,70.42,86.39
2025-07-25,4.42,3.91,3.95,4.4,4.92,1.69,1.04,0.78,0.99,2.84,14.93,69.23,86.48
2025-07-28,4.4,3.91,3.96,4.42,4.96,1.69,1.06,0.78,0.98,2.82,15.03,70.87,86.67
2025-07-29,4.4,3.86,3.9,4.34,4.86,1.7,1.06,0.79,1.0,2.86,15.98,73.21,86.83
2025-07-30,4.41,3.94,3.96,4.38,4.89,1.69,1.05,0.78,0.99,2.89,15.48,73.98,87.44
2025-07-31,4.41,3.94,3.96,4.37,4.89,1.67,1.04,0.79,0.99,2.86,16.72,73.43,87.6
2025-08-01,4.35,3.69,3.77,4.23,4.81,1.75,1.1,0.82,1.04,3.13,20.38,70.55,87.54
2025-08-04,4.35,3.69,3.75,4.22,4.8,1.74,1.09,0.82,1.04,3.02,17.52,69.56,87.63
2025-08-05,4.34,3.72,3.77,4.22,4.78,1.72,1.08,0.82,1.03,2.98,17.85,69.14,87.8
2025-08-06,4.32,3.69,3.77,4.22,4.81,1.75,1.11,0.81,1.02,2.98,16.77,67.97,87.71
2025-08-07,4.32,3.72,3.79,4.23,4.81,1.74,1.09,0.8,1.01,2.95,16.57,66.99,87.71
2025-08-08,4.32,3.76,3.84,4.27,4.85,1.74,1.09,0.8,1.01,2.94,15.15,67.17,87.67
2025-08-11,4.34,3.76,3.83,4.27,4.84,1.72,1.07,0.8,1.01,2.94,16.25,67.36,87.63
2025-08-12,4.33,3.72,3.83,4.29,4.88,1.73,1.07,0.79,1.0,2.93,14.73,66.8,87.71
2025-08-13,4.29,3.67,3.77,4.24,4.83,1.71,1.05,0.78,0.98,2.9,14.49,66.25,87.48
2025-08-14,4.3,3.74,3.82,4.29,4.88,1.71,1.06,0.77,0.97,2.89,14.83,68.12,87.56
2025-08-15,4.3,3.75,3.85,4.33,4.92,1.69,1.04,0.75,0.96,2.88,15.09,67.3,87.56
2025-08-18,4.33,3.77,3.86,4.34,4.94,1.7,1.05,0.75,0.96,2.88,14.99,68.18,87.3
2025-08-19,4.3,3.75,3.82,4.3,4.9,1.71,1.06,0.76,0.97,2.9,15.57,66.62,87.02
2025-08-20,4.3,3.74,3.81,4.29,4.89,1.73,1.08,0.77,0.98,2.94,15.69,67.61,87.02
2025-08-21,4.32,3.79,3.86,4.33,4.92,1.72,1.07,0.77,0.98,2.95,16.6,68.41,87.31
2025-08-22,4.27,3.68,3.76,4.26,4.88,1.73,1.08,0.77,0.97,2.88,14.22,68.29,87.53
2025-08-25,4.29,3.73,3.8,4.28,4.89,1.7,1.07,0.76,0.96,2.8,14.79,,87.55
2025-08-26,4.28,3.61,3.75,4.26,4.9,1.75,1.11,0.78,0.98,2.78,14.62,66.89,87.68
2025-08-27,4.26,3.59,3.69,4.24,4.91,1.77,1.14,0.78,0.99,2.78,14.85,67.75,87.74
2025-08-28,4.26,3.62,3.69,4.22,4.88,1.75,1.13,0.79,0.99,2.75,14.43,68.61,87.63
2025-08-29,4.23,3.59,3.68,4.23,4.92,1.8,1.19,0.8,1.01,2.82,15.36,67.83,88.18
2025-08-31,,,,,,,,0.81,1.02,2.84,,,
2025-09-01,,,,,,,,0.81,1.02,2.84,16.12,67.09,
2025-09-02,4.2,3.66,3.74,4.28,4.97,1.81,1.19,0.82,1.03,2.92,17.17,68.09,88.15
2025-09-03,4.18,3.61,3.69,4.22,4.9,1.78,1.16,0.81,1.02,2.88,16.35,67.76,88.06
2025-09-04,4.16,3.59,3.65,4.17,4.86,1.8,1.17,0.79,1.0,2.84,15.3,66.41,88.17
2025-09-05,4.07,3.51,3.59,4.1,4.78,1.78,1.14,0.79,1.0,2.83,15.18,64.92,88.25
2025-09-08,4.1,3.49,3.57,4.05,4.69,1.76,1.11,0.8,1.01,2.84,15.11,65.44,88.25
2025-09-09,4.1,3.54,3.61,4.08,4.72,1.75,1.11,0.8,1.01,2.87,15.04,67.97,88.12
2025-09-10,4.09,3.54,3.59,4.04,4.69,1.75,1.09,0.79,1.0,2.84,15.35,67.62,88.09
2025-09-11,4.08,3.52,3.59,4.01,4.65,1.74,1.1,0.78,0.98,2.78,14.71,67.25,88.44
2025-09-12,4.08,3.56,3.63,4.06,4.68,1.7,1.07,0.77,0.97,2.79,14.76,67.87,88.28
2025-09-15,4.06,3.54,3.61,4.05,4.66,1.68,1.05,0.75,0.95,2.75,15.69,67.88,88.22
2025-09-16,4.04,3.51,3.59,4.04,4.65,1.69,1.06,0.76,0.96,2.79,16.36,69.69,88.05
2025-09-17,4.02,3.52,3.62,4.06,4.66,1.7,1.09,0.76,0.96,2.79,15.72,69.19,87.77
2025-09-18,4.03,3.57,3.67,4.11,4.72,1.68,1.07,0.75,0.94,2.71,15.7,67.83,88.17
2025-09-19,4.03,3.57,3.68,4.14,4.75,1.68,1.07,0.74,0.93,2.72,15.45,67.05,88.06
2025-09-22,4.0,3.61,3.71,4.15,4.77,1.67,1.07,0.74,0.93,2.69,16.1,66.87,88.29
2025-09-23,4.0,3.53,3.68,4.12,4.73,1.69,1.08,0.75,0.94,2.71,16.64,67.96,88.76
2025-09-24,4.02,3.57,3.7,4.16,4.76,1.68,1.07,0.75,0.95,2.7,16.18,69.64,88.73
2025-09-25,4.04,3.64,3.75,4.18,4.75,1.67,1.06,0.76,0.96,2.76,16.74,70.48,88.7
2025-09-26,4.02,3.63,3.76,4.2,4.77,1.65,1.05,0.75,0.95,2.75,15.29,71.15,88.65
2025-09-29,4.04,3.63,3.74,4.15,4.71,1.64,1.04,0.75,0.94,2.74,16.12,69.0,88.76
2025-09-30,4.02,3.6,3.74,4.16,4.73,1.67,1.06,0.76,0.97,2.8,16.28,68.52,88.78
2025-10-01,4.01,3.55,3.68,4.12,4.72,1.69,1.07,0.76,0.97,2.81,16.29,66.67,88.69
2025-10-02,4.02,3.55,3.67,4.1,4.69,1.68,1.06,0.75,0.96,2.81,16.63,65.44,88.74
2025-10-03,4.03,3.58,3.72,4.13,4.71,1.66,1.05,0.75,0.95,2.8,16.65,66.13,88.78
2025-10-06,4.02,3.6,3.75,4.18,4.76,1.65,1.04,0.74,0.94,2.76,16.37,67.09,88.79
2025-10-07,4.01,3.57,3.71,4.14,4.73,1.67,1.04,0.75,0.95,2.82,17.24,67.1,88.72
2025-10-08,4.01,3.58,3.72,4.13,4.72,1.68,1.04,0.75,0.95,2.84,16.3,67.42,88.77
2025-10-09,4.03,3.6,3.74,4.14,4.72,1.69,1.07,0.77,0.98,2.95,16.43,67.23,88.84
2025-10-10,4.02,3.52,3.65,4.05,4.63,1.72,1.09,0.81,1.02,3.18,21.66,64.41,88.72
2025-10-13,,,,,,,,0.81,1.02,3.18,19.03,64.15,
2025-10-14,4.02,3.48,3.6,4.03,4.62,1.71,1.1,0.81,1.02,3.11,20.81,63.0,88.76
2025-10-15,4.03,3.5,3.63,4.05,4.64,1.68,1.08,0.78,0.99,2.95,20.64,62.33,87.98
2025-10-16,4.02,3.41,3.55,3.99,4.58,1.71,1.11,0.8,1.01,3.04,25.31,61.08,87.81
2025-10-17,4.0,3.46,3.59,4.02,4.6,1.7,1.09,0.8,1.01,3.04,20.78,61.23,87.99
2025-10-20,3.97,3.46,3.58,4.0,4.58,1.68,1.08,0.79,1.0,2.99,18.23,60.71,87.92
2025-10-21,3.96,3.45,3.56,3.98,4.55,1.67,1.08,0.79,1.01,2.97,17.87,61.0,87.97
2025-10-22,3.96,3.45,3.56,3.97,4.54,1.69,1.09,0.8,1.02,3.01,18.6,62.28,87.92
2025-10-23,3.95,3.48,3.61,4.01,4.58,1.66,1.05,0.78,1.0,2.96,17.3,66.32,87.85
2025-10-24,3.93,3.48,3.61,4.02,4.59,1.65,1.04,0.77,0.98,2.88,16.37,65.8,87.83
2025-10-27,3.89,3.48,3.61,4.01,4.57,1.63,1.03,0.76,0.97,2.8,15.79,65.52,88.24
2025-10-28,3.89,3.47,3.6,3.99,4.55,1.65,1.05,0.76,0.97,2.82,16.42,64.03,88.21
2025-10-29,3.93,3.59,3.7,4.08,4.61,1.61,1.01,0.75,0.96,2.76,16.92,65.01,88.2
2025-10-30,3.92,3.61,3.72,4.11,4.65,1.64,1.05,0.77,0.98,2.85,16.91,65.11,88.64
2025-10-31,3.89,3.6,3.71,4.11,4.67,1.69,1.11,0.8,1.02,2.94,17.44,65.44,88.75
2025-11-03,3.98,3.6,3.72,4.13,4.69,1.71,1.16,0.83,1.04,3.04,17.17,65.79,88.78
2025-11-04,3.96,3.58,3.69,4.1,4.67,1.72,1.17,0.83,1.04,3.13,19.0,65.04,88.67
2025-11-05,3.96,3.63,3.76,4.17,4.74,1.7,1.12,0.81,1.02,3.05,18.01,63.54,88.66
2025-11-06,3.93,3.57,3.69,4.11,4.69,1.72,1.15,0.82,1.04,3.13,19.5,63.41,88.65
2025-11-07,3.92,3.55,3.67,4.11,4.7,1.75,1.16,0.84,1.06,3.15,19.08,63.72,88.68
2025-11-10,3.95,3.58,3.72,4.13,4.71,1.73,1.12,0.82,1.05,3.02,17.6,63.01,88.7
2025-11-11,,,,,,,,0.82,1.05,3.02,17.28,63.86,
2025-11-12,3.95,3.56,3.68,4.08,4.67,1.75,1.15,0.83,1.05,3.02,17.51,61.88,88.58
2025-11-13,3.96,3.58,3.71,4.11,4.7,1.77,1.15,0.84,1.06,3.09,20.0,62.14,88.66
2025-11-14,3.95,3.62,3.74,4.14,4.74,1.77,1.16,0.83,1.06,3.07,19.83,63.45,88.74
2025-11-17,3.97,3.6,3.72,4.13,4.73,1.77,1.17,0.84,1.06,3.13,22.38,63.16,88.58
2025-11-18,3.94,3.58,3.7,4.12,4.74,1.79,1.19,0.85,1.07,3.2,24.69,64.86,88.6
2025-11-19,3.95,3.58,3.71,4.13,4.75,1.79,1.18,0.84,1.07,3.17,23.66,63.78,88.58
2025-11-20,3.94,3.55,3.68,4.1,4.73,1.8,1.19,0.85,1.08,3.17,26.42,63.64,88.69
2025-11-21,3.9,3.51,3.62,4.06,4.71,1.82,1.23,0.86,1.09,3.19,23.43,62.78,89.54
2025-11-24,3.91,3.46,3.61,4.04,4.68,1.8,1.19,0.85,1.08,3.15,20.52,64.83,89.23
2025-11-25,3.9,3.43,3.55,4.01,4.67,1.79,1.19,0.84,1.07,3.1,18.56,63.99,89.16
2025-11-26,3.92,3.45,3.56,4.0,4.64,1.78,1.17,0.82,1.05,3.0,17.19,64.81,89.27
2025-11-27,,,,,,,,0.82,1.05,3.0,17.21,64.18,
2025-11-28,3.88,3.47,3.59,4.02,4.67,1.78,1.16,0.82,1.04,2.95,16.35,64.07,89.43
2025-11-30,,,,,,,,0.82,1.05,2.92,,,
2025-12-01,3.81,3.54,3.67,4.09,4.74,1.78,1.17,0.82,1.04,2.94,17.24,64.22,89.59
2025-12-02,3.77,3.51,3.66,4.09,4.74,1.76,1.15,0.81,1.03,2.92,16.59,63.37,89.92
2025-12-03,3.72,3.49,3.62,4.06,4.73,1.77,1.17,0.81,1.03,2.89,16.08,63.75,90.15
2025-12-04,3.71,3.52,3.68,4.11,4.76,1.76,1.15,0.8,1.02,2.88,15.78,64.15,89.97
2025-12-05,3.71,3.56,3.72,4.14,4.79,1.74,1.14,0.79,1.01,2.85,15.41,64.42,89.97
2025-12-08,3.73,3.57,3.75,4.17,4.81,1.73,1.14,0.78,1.0,2.89,16.66,63.3,90.12
2025-12-09,3.73,3.61,3.78,4.18,4.8,1.73,1.14,0.79,1.0,2.89,16.93,62.62,89.9
2025-12-10,3.69,3.54,3.72,4.13,4.78,1.76,1.16,0.78,1.0,2.91,15.77,63.12,89.98
2025-12-11,3.66,3.52,3.72,4.14,4.79,1.73,1.14,0.78,1.0,2.88,14.85,61.87,90.35
2025-12-12,3.63,3.52,3.75,4.19,4.85,1.76,1.18,0.8,1.01,2.91,15.74,62.11,90.41
2025-12-15,3.65,3.51,3.73,4.18,4.84,1.77,1.18,0.8,1.02,2.91,16.5,61.55,90.7
2025-12-16,3.64,3.48,3.69,4.15,4.82,1.78,1.19,0.81,1.03,2.98,16.48,59.93,91.03
2025-12-17,3.64,3.49,3.7,4.16,4.83,1.78,1.19,0.81,1.03,2.99,17.62,60.61,90.4
2025-12-18,3.62,3.46,3.66,4.12,4.8,1.78,1.2,0.81,1.03,2.95,16.87,60.69,90.25
2025-12-19,3.62,3.48,3.7,4.16,4.82,1.76,1.18,0.8,1.02,2.9,14.91,61.35,89.54
2025-12-22,3.64,3.44,3.71,4.17,4.84,1.76,1.17,0.8,1.02,2.88,14.08,62.22,89.64
2025-12-23,3.65,3.48,3.72,4.18,4.83,1.74,1.15,0.79,1.01,2.83,14.0,63.7,89.67
2025-12-24,3.69,3.47,3.7,4.15,4.79,1.73,1.15,0.79,1.0,2.84,13.47,63.7,89.81
2025-12-25,,,,,,,,,,,,,
2025-12-26,3.64,3.46,3.68,4.14,4.81,1.75,1.18,0.79,1.0,2.86,13.6,,89.78
2025-12-29,3.68,3.45,3.67,4.12,4.8,1.76,1.19,0.79,1.0,2.87,14.2,63.1,89.97
2025-12-30,3.65,3.45,3.68,4.14,4.81,1.75,1.19,0.79,1.01,2.84,14.33,62.3,89.78
2025-12-31,3.67,3.47,3.73,4.18,4.84,1.72,1.17,0.79,1.01,2.81,14.95,61.35,89.84
2026-01-01,,,,,,,,,,,,,
2026-01-02,3.65,3.47,3.74,4.19,4.86,1.74,1.19,0.79,1.01,2.83,14.51,61.98,90.19
2026-01-05,3.64,3.46,3.71,4.17,4.85,1.75,1.19,0.79,1.01,2.81,14.9,63.0,90.28
2026-01-06,3.63,3.47,3.72,4.18,4.86,1.74,1.19,0.79,1.0,2.79,14.75,62.1,90.18
2026-01-07,3.62,3.47,3.7,4.15,4.82,1.73,1.17,0.79,1.01,2.79,15.38,61.08,89.9
2026-01-08,3.62,3.49,3.74,4.19,4.85,1.73,1.17,0.79,1.01,2.76,15.45,63.34,90.02
2026-01-09,3.62,3.54,3.75,4.18,4.82,1.7,1.14,0.78,0.99,2.74,14.49,65.11,90.16
2026-01-12,3.67,3.54,3.77,4.19,4.83,1.7,1.15,0.78,0.99,2.74,15.12,65.4,90.12
2026-01-13,3.67,3.53,3.75,4.18,4.83,1.69,1.14,0.77,0.98,2.75,15.98,67.58,90.19
2026-01-14,3.67,3.51,3.72,4.15,4.79,1.68,1.14,0.77,0.98,2.76,16.75,68.87,90.24
2026-01-15,3.68,3.56,3.77,4.17,4.79,1.65,1.11,0.76,0.97,2.71,15.84,66.16,90.26
2026-01-16,3.67,3.59,3.82,4.24,4.83,1.63,1.09,0.75,0.96,2.65,15.86,66.97,90.87
2026-01-19,,,,,,,,0.75,0.96,2.65,18.84,66.91,
2026-01-20,3.7,3.6,3.86,4.3,4.91,1.65,1.12,0.75,0.96,2.73,20.09,67.68,91.01
2026-01-21,3.7,3.6,3.83,4.26,4.87,1.62,1.1,0.74,0.95,2.69,16.9,66.72,91.68
2026-01-22,3.71,3.61,3.85,4.26,4.84,1.59,1.06,0.73,0.93,2.64,15.64,65.46,91.62
2026-01-23,3.7,3.6,3.84,4.24,4.82,1.61,1.08,0.73,0.94,2.68,16.09,68.16,91.95
2026-01-26,3.67,3.56,3.82,4.22,4.8,1.61,1.09,0.74,0.94,2.69,16.15,67.7,91.95
2026-01-27,3.67,3.53,3.81,4.24,4.83,1.61,1.1,0.73,0.94,2.71,16.35,70.28,91.72
2026-01-28,3.68,3.56,3.83,4.26,4.85,1.62,1.1,0.73,0.93,2.72,16.35,70.9,91.78
2026-01-29,3.67,3.53,3.8,4.24,4.85,1.63,1.13,0.74,0.94,2.77,16.88,71.0,91.95
2026-01-30,3.67,3.52,3.79,4.26,4.87,1.62,1.12,0.74,0.94,2.8,17.44,72.25,91.98
2026-01-31,,,,,,,,0.75,0.95,2.88,,,
2026-02-02,3.69,3.57,3.83,4.29,4.9,1.61,1.11,0.74,0.93,2.81,16.34,67.72,91.51
2026-02-03,3.69,3.57,3.83,4.28,4.9,1.63,1.13,0.74,0.94,2.85,18.0,70.01,90.3
2026-02-04,3.69,3.57,3.83,4.29,4.91,1.64,1.14,0.75,0.95,2.86,18.64,71.15,90.36
2026-02-05,3.67,3.47,3.74,4.21,4.85,1.67,1.16,0.76,0.96,2.97,21.77,69.87,90.33
2026-02-06,3.68,3.5,3.76,4.22,4.85,1.65,1.15,0.76,0.96,2.87,17.76,70.45,90.65
2026-02-09,3.69,3.48,3.75,4.22,4.85,1.64,1.14,0.76,0.96,2.84,17.36,71.19,90.77
2026-02-10,3.69,3.45,3.7,4.16,4.78,1.66,1.16,0.77,0.98,2.86,17.79,71.01,90.57
2026-02-11,3.7,3.52,3.75,4.18,4.82,1.67,1.16,0.77,0.98,2.84,17.65,71.52,90.69
2026-02-12,3.7,3.47,3.67,4.09,4.72,1.68,1.18,0.78,0.99,2.92,20.82,69.8,90.63
2026-02-13,3.68,3.4,3.61,4.04,4.69,1.72,1.21,0.79,1.0,2.95,20.6,69.96,90.64
2026-02-16,,,,,,,,0.79,1.0,2.94,21.2,70.81,
2026-02-17,3.69,3.43,3.63,4.05,4.68,1.7,1.2,0.8,1.01,2.94,20.29,69.77,90.63
2026-02-18,3.7,3.47,3.66,4.09,4.71,1.67,1.16,0.78,0.99,2.86,19.62,71.78,90.7
2026-02-19,3.69,3.47,3.65,4.08,4.7,1.68,1.18,0.79,0.99,2.88,20.23,73.17,90.68
2026-02-20,3.69,3.48,3.65,4.08,4.72,1.69,1.18,0.78,0.99,2.86,19.09,72.75,90.98
2026-02-23,3.69,3.43,3.59,4.03,4.7,1.73,1.21,0.8,1.01,2.95,21.01,71.9,90.88
2026-02-24,3.69,3.43,3.61,4.04,4.7,1.73,1.21,0.81,1.02,2.97,19.55,71.21,90.95
2026-02-25,3.69,3.45,3.61,4.05,4.7,1.73,1.2,0.8,1.01,2.94,17.93,70.69,90.95
2026-02-26,3.68,3.42,3.57,4.02,4.67,1.75,1.23,0.82,1.03,2.98,18.63,71.66,90.92
2026-02-27,3.67,3.38,3.51,3.97,4.64,1.8,1.27,0.85,1.07,3.1,19.86,71.32,91.03
2026-02-28,,,,,,,,0.86,1.08,3.12,,,
2026-03-02,3.72,3.47,3.62,4.05,4.7,1.78,1.24,0.85,1.06,3.03,21.44,77.24,91.47
2026-03-03,3.71,3.51,3.63,4.06,4.7,1.78,1.23,0.84,1.06,3.08,23.57,83.28,91.47
2026-03-04,3.71,3.54,3.67,4.09,4.72,1.74,1.19,0.82,1.03,2.97,21.15,81.56,92.08
2026-03-05,3.7,3.57,3.72,4.13,4.74,1.76,1.23,0.82,1.04,3.0,23.75,88.59,91.58
2026-03-06,3.69,3.56,3.72,4.15,4.77,1.75,1.22,0.84,1.06,3.13,29.49,95.74,91.73
2026-03-09,3.71,3.56,3.71,4.12,4.72,1.78,1.25,0.85,1.07,3.19,25.5,94.35,92.31
2026-03-10,3.71,3.57,3.73,4.15,4.78,1.77,1.23,0.84,1.06,3.06,24.93,89.84,91.85
2026-03-11,3.71,3.64,3.79,4.21,4.86,1.84,1.3,0.88,1.09,3.09,24.23,90.98,92.03
2026-03-12,3.72,3.76,3.88,4.27,4.88,1.84,1.29,0.91,1.12,3.17,27.29,102.38,92.18
2026-03-13,3.72,3.73,3.87,4.28,4.9,1.83,1.32,0.93,1.15,3.28,27.19,103.23,92.47
2026-03-16,3.72,3.68,3.8,4.23,4.86,1.85,1.31,0.94,1.16,3.27,23.51,101.04,92.42
2026-03-17,3.72,3.68,3.79,4.2,4.85,1.85,1.3,0.92,1.14,3.22,22.37,108.39,92.36
2026-03-18,3.73,3.76,3.87,4.26,4.88,1.81,1.24,0.91,1.13,3.2,25.09,118.09,92.87
2026-03-19,3.73,3.79,3.88,4.25,4.83,1.81,1.27,0.9,1.13,3.27,24.06,111.05,92.62
2026-03-20,3.74,3.88,4.01,4.39,4.96,1.79,1.22,0.88,1.11,3.24,26.78,118.42,93.73
2026-03-23,3.74,3.83,3.95,4.34,4.91,1.79,1.2,0.88,1.11,3.19,26.15,103.79,93.96
2026-03-24,3.74,3.9,4.03,4.39,4.94,1.75,1.18,0.87,1.09,3.19,26.95,108.42,93.86
2026-03-25,3.73,3.84,3.96,4.33,4.89,1.76,1.18,0.87,1.09,3.17,25.33,109.14,93.97
2026-03-26,3.73,3.96,4.08,4.42,4.93,1.73,1.18,0.88,1.11,3.21,27.44,113.39,93.97
2026-03-27,3.73,3.88,4.06,4.44,4.98,1.78,1.22,0.91,1.14,3.42,31.05,121.47,94.83
2026-03-30,3.71,3.82,3.97,4.35,4.91,1.79,1.21,0.93,1.16,3.46,30.61,121.88,94.41
2026-03-31,3.7,3.79,3.92,4.3,4.88,1.79,1.23,0.9,1.13,3.28,25.25,126.69,93.83
2026-04-01,3.7,3.81,3.97,4.33,4.91,1.75,1.15,0.87,1.1,3.16,24.54,119.56,93.21
2026-04-02,3.7,3.79,3.94,4.31,4.88,1.74,1.13,0.86,1.09,3.17,23.87,127.61,93.09
2026-04-03,3.71,3.84,3.99,4.35,4.91,,,0.86,1.09,3.13,,,93.09
2026-04-06,3.72,3.84,3.98,4.34,4.89,1.7,1.08,0.85,1.07,3.05,24.17,,93.06
2026-04-07,3.71,3.81,3.95,4.33,4.9,1.75,1.15,0.86,1.08,3.12,25.78,138.21,92.96
2026-04-08,3.69,3.79,3.92,4.29,4.89,1.73,1.11,0.83,1.05,2.94,21.04,122.11,92.25
2026-04-09,3.68,3.78,3.91,4.29,4.9,1.73,1.1,0.83,1.05,2.9,19.49,119.03,92.69
2026-04-10,3.69,3.81,3.94,4.31,4.91,1.72,1.11,0.82,1.04,2.94,19.23,119.07,92.72
2026-04-13,3.71,3.78,3.92,4.3,4.9,1.72,1.09,0.82,1.04,2.95,19.12,123.28,93.39
2026-04-14,3.71,3.76,3.87,4.26,4.87,1.7,1.09,0.81,1.02,2.84,18.36,118.69,93.37
2026-04-15,3.71,3.76,3.9,4.29,4.89,1.69,1.08,0.8,1.01,2.85,18.17,114.93,93.37
2026-04-16,3.7,3.78,3.91,4.32,4.93,1.71,1.1,0.81,1.01,2.86,17.94,116.63,93.2
2026-04-17,3.7,3.71,3.84,4.26,4.88,1.72,1.1,0.8,1.01,2.83,17.48,98.63,92.9
2026-04-20,3.71,3.72,3.86,4.26,4.88,1.72,1.1,0.81,1.01,2.87,18.87,103.4,93.13
2026-04-21,3.69,3.78,3.91,4.3,4.89,1.7,1.1,0.8,1.0,2.85,19.5,106.14,93.5
2026-04-22,3.69,3.79,3.91,4.3,4.9,1.69,1.08,0.79,0.99,2.84,18.92,113.44,93.79
2026-04-23,3.69,3.83,3.96,4.34,4.92,1.68,1.08,0.8,1.0,2.86,19.31,113.25,94.11
2026-04-24,3.69,3.78,3.92,4.31,4.91,1.7,1.1,0.8,1.0,2.86,18.71,111.86,94.25
2026-04-27,3.68,3.78,3.94,4.35,4.94,1.7,1.11,0.81,1.01,2.84,18.02,113.89,94.19
2026-04-28,3.68,3.84,3.97,4.36,4.94,1.7,1.11,0.81,1.02,2.85,17.83,117.62,94.54
2026-04-29,3.68,3.92,4.05,4.42,4.98,1.69,1.11,0.81,1.01,2.82,18.81,124.16,94.85
2026-04-30,3.68,3.88,4.02,4.4,4.98,1.7,1.12,0.81,1.02,2.83,16.89,124.24,94.91
2026-05-01,3.68,3.88,4.02,4.39,4.97,1.69,1.1,0.81,1.01,2.77,16.99,118.26,94.9
2026-05-04,3.7,3.95,4.08,4.45,5.02,1.69,1.11,0.8,1.01,2.78,18.29,,95.09
2026-05-05,3.69,3.93,4.08,4.43,4.98,1.65,1.07,0.79,0.99,2.77,17.38,114.51,95.32
2026-05-06,3.69,3.87,3.99,4.36,4.94,1.66,1.09,0.78,0.99,2.75,17.39,103.7,94.61
2026-05-07,3.69,3.92,4.04,4.41,4.97,1.65,1.09,0.79,0.99,2.79,17.08,101.82,94.25
2026-05-08,3.69,3.9,4.02,4.38,4.95,1.65,1.09,0.79,0.99,2.81,17.19,103.48,94.49
2026-05-11,3.7,3.95,4.07,4.42,4.98,1.65,1.09,0.78,0.98,2.79,18.38,106.11,95.31
2026-05-12,3.7,4.0,4.12,4.46,5.03,1.66,1.1,0.77,0.97,2.82,17.99,111.37,95.63
2026-05-13,3.69,3.98,4.12,4.46,5.03,1.66,1.1,0.76,0.96,2.82,17.87,110.28,95.69
2026-05-14,3.69,4.0,4.13,4.47,5.02,1.62,1.05,0.76,0.95,2.76,17.26,110.91,95.76
2026-05-15,3.69,4.09,4.26,4.59,5.12,1.62,1.06,0.75,0.94,2.8,18.43,113.96,95.97
2026-05-18,3.68,4.07,4.27,4.61,5.14,1.59,1.04,0.75,0.94,2.83,17.82,116.73,96.35
2026-05-19,3.67,4.13,4.32,4.67,5.18,1.57,1.05,0.76,0.95,2.86,18.06,114.64,96.53
2026-05-20,3.65,4.04,4.22,4.57,5.11,1.59,1.07,0.75,0.95,2.8,17.44,108.93,96.82
2026-05-21,3.68,4.08,4.25,4.57,5.1,1.59,1.07,0.75,0.94,2.78,16.76,105.84,96.2
2026-05-22,3.68,4.13,4.27,4.56,5.07,1.57,1.05,0.74,0.93,2.74,16.7,106.9,95.69
2026-05-25,,,,,,,,0.74,0.93,2.74,16.59,,
2026-05-26,3.68,4.01,4.19,4.5,5.03,1.56,1.05,0.74,0.93,2.72,17.01,102.75,95.68
2026-05-27,3.68,4.0,4.17,4.48,5.01,1.57,1.05,0.74,0.93,2.71,16.29,97.11,95.69
2026-05-28,3.69,3.99,4.15,4.45,4.98,1.57,1.05,0.73,0.93,2.72,15.74,95.47,95.69
2026-05-29,3.69,3.98,4.13,4.45,4.99,1.57,1.05,0.73,0.92,2.72,15.32,92.88,95.0
2026-05-31,,,,,,,,0.74,0.93,2.74,,,
2026-06-01,3.78,4.05,4.18,4.47,4.99,1.54,1.02,0.73,0.92,2.72,16.05,98.29,94.99
2026-06-02,3.77,4.05,4.17,4.46,4.97,1.54,1.02,0.74,0.92,2.71,15.77,98.49,95.27
2026-06-03,3.78,4.08,4.21,4.49,4.99,1.54,1.02,0.74,0.93,2.75,16.06,101.69,95.71
2026-06-04,3.78,4.05,4.18,4.47,4.97,1.54,1.02,0.74,0.93,2.74,15.4,98.98,95.79
2026-06-05,3.78,4.17,4.29,4.55,5.01,1.51,0.98,0.74,0.93,2.76,21.51,97.29,94.95
2026-06-08,3.8,4.15,4.29,4.56,5.03,1.52,1.0,0.75,0.93,2.75,18.92,97.46,95.71
2026-06-09,3.79,4.13,4.26,4.53,5.01,1.53,1.02,0.75,0.93,2.78,19.87,94.15,95.35
2026-06-10,3.79,4.13,4.27,4.55,5.03,1.53,1.03,0.75,0.94,2.8,22.22,95.73,95.27
2026-06-11,3.78,4.05,4.18,4.45,4.95,1.55,1.06,0.75,0.94,2.78,19.44,92.84,95.76
2026-06-12,3.78,4.09,4.21,4.48,4.97,1.53,1.04,0.74,0.93,2.71,17.68,88.64,95.11
2026-06-15,3.79,4.07,4.18,4.47,4.97,1.53,1.05,0.73,0.92,2.66,16.2,84.36,94.71
2026-06-16,3.79,4.05,4.16,4.43,4.93,1.55,1.07,0.75,0.93,2.71,16.41,80.5,94.62
2026-06-17,3.83,4.2,4.27,4.49,4.93,1.5,1.03,0.74,0.92,2.63,18.44,80.33,94.53
2026-06-18,3.83,4.19,4.23,4.46,4.9,1.51,1.04,0.74,0.93,2.66,16.4,79.35,94.33
2026-06-19,,,,,,,,0.74,0.93,2.66,16.78,80.46,
2026-06-22,3.85,4.24,4.29,4.51,4.95,1.51,1.05,0.74,0.93,2.65,17.28,76.49,94.68
2026-06-23,3.85,4.16,4.27,4.5,4.94,1.51,1.04,0.74,0.93,2.71,19.49,75.69,94.74
2026-06-24,3.85,4.11,4.17,4.41,4.86,1.52,1.07,0.75,0.94,2.76,18.63,72.09,94.67
2026-06-25,3.84,4.09,4.15,4.4,4.86,1.54,1.09,0.76,0.95,2.78,18.89,73.74,94.4
2026-06-26,3.83,4.07,4.12,4.38,4.87,1.56,1.12,0.77,0.96,2.83,18.41,70.16,94.37
2026-06-29,3.87,4.1,4.14,4.38,4.86,1.55,1.11,0.76,0.95,2.8,17.65,71.59,94.54
2026-06-30,3.87,4.14,4.19,4.44,4.91,1.53,1.11,0.76,0.95,2.75,16.45,70.46,94.66
2026-07-01,3.85,4.17,4.24,4.48,4.97,1.54,1.12,0.76,0.94,2.74,16.59,69.24,95.25
2026-07-02,3.82,4.14,4.23,4.49,4.98,1.54,1.11,0.75,0.94,2.75,16.15,68.53,95.39
2026-07-03,,,,,,,,0.75,0.94,2.74,15.81,68.68,
2026-07-06,3.87,4.13,4.21,4.48,4.99,1.56,1.12,0.75,0.94,2.72,15.57,69.56,95.4
2026-07-07,3.86,4.19,4.27,4.55,5.05,1.55,1.12,0.76,0.94,2.67,16.13,71.78,94.97
2026-07-08,3.87,4.21,4.31,4.56,5.06,1.56,1.13,0.76,0.94,2.7,16.9,76.5,95.56
2026-07-09,3.83,4.16,4.27,4.54,5.05,1.56,1.14,0.76,0.94,2.7,15.84,74.46,95.39
2026-07-10,3.85,4.21,4.3,4.56,5.06,1.58,1.16,0.77,0.96,2.69,15.03,74.34,95.33
2026-07-13,3.89,4.26,4.37,4.62,5.1,1.56,1.14,0.78,0.96,2.69,17.16,81.62,95.62
2026-07-14,3.84,4.18,4.31,4.58,5.08,1.6,1.18,0.79,0.97,2.72,16.5,83.69,96.2
2026-07-15,3.83,4.13,4.26,4.55,5.08,1.6,1.17,0.79,0.97,2.71,15.67,83.08,96.26
2026-07-16,3.84,4.16,4.28,4.57,5.09,1.59,1.16,0.78,0.96,2.71,16.73,81.23,96.35
2026-07-17,3.85,4.18,4.28,4.55,5.06,1.59,1.17,0.79,0.97,2.73,18.77,85.01,96.28
2026-07-20,3.86,4.21,4.33,4.6,5.11,1.61,1.18,0.78,0.97,2.69,18.65,86.99,96.45
2026-07-21,3.87,4.26,4.37,4.63,5.13,1.6,1.17,0.78,0.97,2.69,17.05,93.85,96.24
2026-07-22,3.89,4.31,4.41,4.67,5.15,1.58,1.16,0.78,0.96,2.68,16.64,94.12,96.57
2026-07-23,3.95,4.37,4.46,4.71,5.17,1.58,1.15,0.79,0.98,2.77,18.7,105.32,96.57
2026-07-24,3.96,4.33,4.43,4.69,5.16,1.59,1.18,0.8,0.99,2.79,18.58,100.31,96.56
2026-07-27,3.96,4.31,4.4,4.65,5.12,1.61,1.19,0.81,1.0,2.81,18.67,91.82,95.91
2026-07-28,3.9,4.26,4.35,4.61,5.09,1.62,1.22,0.81,1.0,2.84,18.21,85.51,95.85
2026-07-29,3.83,4.22,4.37,4.67,5.2,1.6,1.2,0.81,1.0,2.87,20.66,91.95,95.65
2026-07-30,3.82,4.23,4.38,4.68,5.21,1.64,1.23,0.8,0.99,2.84,17.09,91.91,95.68
2026-07-31,3.83,4.28,4.45,4.75,5.27,1.63,1.21,0.79,0.99,2.85,15.99,96.95,95.38
2026-08-03,3.91,4.25,4.4,4.7,5.23,1.61,1.18,0.78,0.97,2.78,15.86,88.9,95.34
2026-08-04,3.89,4.2,4.33,4.63,5.18,1.64,1.2,0.78,0.97,2.73,16.5,86.47,95.38
2026-08-05,3.89,4.18,4.33,4.63,5.17,1.62,1.18,0.78,0.96,2.75,15.81,86.65,95.14
2026-08-06,3.9,4.25,4.4,4.69,5.22,1.61,1.17,0.78,0.97,2.71,15.15,89.65,95.21
2026-08-07,3.87,4.19,4.35,4.65,5.19,1.64,1.2,0.78,0.97,2.7,14.9,87.62,95.21
2026-08-10,3.89,4.25,4.41,4.72,5.25,1.62,1.18,0.78,0.97,2.7,15.46,92.74,95.3
2026-08-11,3.89,4.22,4.39,4.7,5.24,1.64,1.19,0.79,0.98,2.72,15.28,93.26,95.44
2026-08-12,3.87,4.2,4.38,4.68,5.24,1.66,1.21,0.79,0.98,2.71,14.55,92.52,95.33
2026-08-13,3.87,4.15,4.32,4.63,5.21,1.67,1.22,0.79,0.98,2.71,14.63,92.03,95.44
2026-08-14,3.86,4.17,4.36,4.68,5.25,1.69,1.24,0.8,0.98,2.67,14.25,92.02,95.43
2026-08-17,3.87,4.19,4.38,4.72,5.31,1.69,1.24,0.81,0.99,2.7,15.19,92.43,95.6
2026-08-18,3.86,4.19,4.37,4.71,5.28,1.68,1.24,0.82,1.0,2.75,15.84,95.29,95.68
2026-08-19,3.86,4.19,4.35,4.65,5.19,1.64,1.2,0.81,1.0,2.73,14.89,92.37,95.75
2026-08-20,3.87,4.19,4.39,4.69,5.23,1.64,1.19,0.82,1.0,2.75,16.01,94.0,95.71
2026-08-21,3.88,4.24,4.43,4.74,5.27,1.63,1.18,0.81,1.0,2.7,15.13,96.92,95.7
2026-08-24,3.87,4.24,4.41,4.7,5.23,1.63,1.19,0.81,1.0,2.69,15.85,92.71,95.75
2026-08-25,3.86,4.17,4.35,4.64,5.17,1.62,1.19,0.81,1.0,2.7,15.45,88.24,95.41
2026-08-26,3.85,4.19,4.37,4.66,5.18,1.61,1.18,0.8,0.99,2.67,15.21,87.77,95.43
2026-08-27,3.84,4.2,4.38,4.67,5.19,1.6,1.17,0.79,0.98,2.63,14.51,90.18,95.54
2026-08-28,3.9,4.34,4.48,4.73,5.22,1.54,1.13,0.79,0.97,2.6,14.43,89.75,95.38
2026-08-31,3.91,4.34,4.49,4.75,5.25,1.59,1.15,0.8,0.98,2.63,14.92,,95.16
2026-09-01,3.92,4.39,4.55,4.79,5.27,1.58,1.15,0.81,0.99,2.65,16.34,96.02,94.95
2026-09-02,3.92,4.39,4.54,4.79,5.27,1.58,1.15,0.81,0.99,2.66,15.2,97.59,94.97
2026-09-03,3.89,4.34,4.52,4.77,5.25,1.57,1.15,0.81,1.0,2.65,14.32,100.52,94.49
2026-09-04,3.91,4.37,4.54,4.78,5.24,1.56,1.14,0.81,0.99,2.68,14.53,102.24,94.49
2026-09-07,,,,,,,,0.81,0.99,2.68,15.3,104.47,
2026-09-08,3.94,4.39,4.57,4.8,5.25,1.57,1.13,0.81,0.99,2.67,15.72,106.12,94.82
2026-09-09,3.95,4.43,4.61,4.83,5.28,1.55,1.12,0.81,0.99,2.71,16.46,109.51,95.09
2026-09-10,4.0,4.56,4.75,4.95,5.37,1.51,1.08,0.8,0.98,2.7,17.84,120.98,95.44
2026-09-11,4.07,4.63,4.78,4.96,5.35,1.5,1.07,0.8,0.97,2.65,15.84,118.06,95.55
2026-09-14,4.11,4.65,4.8,4.97,5.34,1.47,1.04,0.8,0.98,2.71,17.1,121.25,95.55
2026-09-15,4.11,4.67,4.83,5.0,5.36,1.48,1.04,0.8,0.98,2.76,17.2,130.8,95.95
2026-09-16,4.14,4.74,4.86,5.01,5.35,1.43,0.99,0.78,0.96,2.7,17.71,127.84,95.96
2026-09-17,4.12,4.67,4.78,4.94,5.29,1.44,1.0,0.78,0.95,2.7,15.44,121.18,95.93
2026-09-18,4.14,4.76,4.86,5.01,5.34,1.4,0.97,0.77,0.94,2.68,14.81,119.66,95.87
2026-09-21,4.17,4.76,4.83,4.96,5.29,1.42,0.99,0.77,0.95,2.66,14.87,116.15,95.81
2026-09-22,4.16,4.71,4.83,4.96,5.29,1.42,1.0,0.77,0.95,2.68,14.21,114.89,95.59
2026-09-23,4.19,4.85,4.99,5.11,5.4,1.39,0.95,0.77,0.95,2.73,15.18,117.45,95.74
2026-09-24,4.24,4.87,5.03,5.18,5.47,1.39,0.95,0.79,0.97,2.8,15.67,120.92,95.96
2026-09-25,4.24,4.81,4.98,5.17,5.49,1.46,1.01,0.81,0.99,2.93,14.87,116.01,95.81
2026-09-28,4.28,4.92,5.06,5.24,5.56,1.46,1.02,0.83,1.02,3.02,16.07,119.97,95.98
2026-09-29,4.25,4.89,5.06,5.26,5.59,1.46,1.01,0.84,1.02,3.08,16.04,113.96,95.98
2026-09-30,4.2,4.88,5.09,5.29,5.64,1.47,1.0,0.84,1.03,3.12,16.34,115.91,95.83
2026-10-01,4.17,4.78,5.01,5.24,5.61,1.49,1.03,0.86,1.06,3.24,16.39,114.82,96.32
2026-10-02,4.19,4.83,5.06,5.28,5.63,1.47,1.0,0.85,1.04,3.1,15.31,135.51,96.31
2026-10-05,4.22,4.84,5.06,5.31,5.66,1.46,0.99,0.84,1.04,3.12,15.52,125.51,
2026-10-06,4.21,4.79,5.03,5.27,5.64,1.46,0.99,0.83,1.02,3.03,15.01,125.44,
2026-10-07,4.22,4.77,5.03,5.28,5.67,1.46,0.98,0.82,1.02,3.09,15.08,,
