ticker,t0,cls,sub,rank,n_items,timing,filings,scar,abs_scar,y,vol_ratio,vix,ar_bps
AAPL,2008-01-09,MANAGEMENT_GOVERNANCE,OFFICER_CHANGE,5,1,pre,1,0.4501218830150259,0.4501218830150259,0,1.3063745349697036,25.43,128.94876253872317
AAPL,2008-01-16,EARNINGS_GUIDANCE,RESULTS,6,2,after,1,-0.5343062632581919,0.5343062632581919,0,1.6235435748658094,23.34,-154.04593457759455
AAPL,2008-01-23,EARNINGS_GUIDANCE,RESULTS,6,2,pre,1,-6.312099682644719,6.312099682644719,1,1.617771565261,31.01,-1818.7534299107733
AAPL,2008-04-24,EARNINGS_GUIDANCE,RESULTS,6,2,pre,1,0.6584987534194916,0.6584987534194916,0,1.0785128071054064,20.26,234.50879949619352
AAPL,2008-06-10,OTHER,,0,1,after,1,0.4231852234997977,0.4231852234997977,0,0.6880746416363491,23.120001,151.43042553248785
AAPL,2008-07-22,EARNINGS_GUIDANCE,RESULTS,6,2,pre,1,-0.7001210118562347,0.7001210118562347,0,1.0693455154434635,23.049999,-235.96608026344188
AAPL,2008-08-27,OTHER,,0,1,after,1,-0.8558164501628568,0.8558164501628568,0,0.8094765388136967,20.49,-284.6343083641511
AAPL,2008-10-22,EARNINGS_GUIDANCE,RESULTS,6,2,pre,1,3.6390541963515872,3.6390541963515872,1,3.0112016900354126,53.110001,1216.5148586948483
AAPL,2009-01-22,EARNINGS_GUIDANCE,RESULTS,6,2,pre,1,1.9448026771520055,1.9448026771520055,0,0.9279779233619995,46.419998,740.7721001892667
AAPL,2009-03-02,MANAGEMENT_GOVERNANCE,AUDITOR_CHANGE,5,1,pre,1,1.0621436228738639,1.0621436228738639,0,0.9619388816617024,46.349998,404.40165288413573
AAPL,2009-04-23,EARNINGS_GUIDANCE,RESULTS,6,2,pre,1,-0.04556025646503766,0.04556025646503766,0,0.826356726616673,38.099998,-17.540305126830628
AAPL,2009-06-03,OTHER,,0,1,pre,1,0.8812679685773509,0.8812679685773509,0,0.7764573110342942,29.629999,332.7863157685987
AAPL,2009-07-22,EARNINGS_GUIDANCE,RESULTS,6,2,pre,1,0.5501541603573198,0.5501541603573198,0,0.6011356017766195,23.870001,204.0109826878973
AAPL,2009-08-04,MANAGEMENT_GOVERNANCE,OFFICER_CHANGE,5,1,pre,1,-0.216355324958699,0.216355324958699,0,0.5471799533101052,25.559999,-79.97400825626531
AAPL,2009-10-20,EARNINGS_GUIDANCE,RESULTS,6,2,pre,1,3.4249609752934207,3.4249609752934207,1,0.6428422347072792,21.49,852.9197437192428
AAPL,2010-01-26,EARNINGS_GUIDANCE,RESULTS,6,2,pre,1,0.9896771933391977,0.9896771933391977,0,1.2296473142805846,25.41,191.95936171355746
AAPL,2010-03-02,MANAGEMENT_GOVERNANCE,OFFICER_CHANGE,5,3,pre,1,-0.2720709941383778,0.2720709941383778,0,1.1331849538566614,19.26,-49.115350652487464
AAPL,2010-03-15,MANAGEMENT_GOVERNANCE,OFFICER_CHANGE,5,1,pre,1,-1.0279174249807002,1.0279174249807002,0,0.9140219134153261,17.58,-193.2565031044481
AAPL,2010-04-21,EARNINGS_GUIDANCE,RESULTS,6,2,pre,1,4.5135982551527105,4.5135982551527105,1,0.6333146142522835,15.73,825.9460831341659
AAPL,2010-07-21,EARNINGS_GUIDANCE,RESULTS,6,2,pre,1,0.8564239625246991,0.8564239625246991,0,1.4067845337593974,23.93,152.68684216418924
AAPL,2010-10-19,EARNINGS_GUIDANCE,RESULTS,6,2,pre,1,-1.2026821888165036,1.2026821888165036,0,1.0869213522550807,19.09,-216.56713779259184
AAPL,2010-11-18,MANAGEMENT_GOVERNANCE,OFFICER_CHANGE,5,3,pre,1,-0.021637604743354827,0.021637604743354827,0,0.8529210838704622,21.76,-3.9121047307739962
AAPL,2011-01-19,EARNINGS_GUIDANCE,RESULTS,6,3,pre,2,-0.90180078301713,0.90180078301713,0,0.6294837029189723,15.87,-150.541002402649
AAPL,2011-02-25,OTHER,,0,1,pre,1,0.6356694461417076,0.6356694461417076,0,0.9792081043034012,21.32,103.67122318169686
AAPL,2011-06-16,MANAGEMENT_GOVERNANCE,OFFICER_CHANGE,5,1,pre,1,-1.7533523387399834,1.7533523387399834,0,0.9890891766873283,21.32,-256.7894827927576
AAPL,2011-07-20,EARNINGS_GUIDANCE,RESULTS,6,2,pre,1,0.9462179237552856,0.9462179237552856,0,1.2732424378100067,19.209999,129.91009217650242
AAPL,2011-08-29,MANAGEMENT_GOVERNANCE,OFFICER_CHANGE,5,1,pre,1,-1.1386793873946817,1.1386793873946817,0,2.806260398715824,35.59,-162.26386905905423
AAPL,2011-10-06,OTHER,,0,1,intraday,1,-2.393498264160471,2.393498264160471,1,1.414492458008774,37.810001,-342.7603067223868
AAPL,2011-10-19,EARNINGS_GUIDANCE,RESULTS,6,2,pre,1,-4.225847884610969,4.225847884610969,1,1.8876538826282474,31.559999,-608.2738827011055
AAPL,2011-11-17,MANAGEMENT_GOVERNANCE,OFFICER_CHANGE,5,1,after,1,-0.940525832010931,0.940525832010931,0,1.452518110532144,33.509998,-143.68751650732113
AAPL,2012-01-25,EARNINGS_GUIDANCE,RESULTS,6,2,pre,1,3.014238678658794,3.014238678658794,1,0.7575087802929431,18.91,527.4008200346308
AAPL,2012-02-28,OTHER,,0,1,pre,1,1.7957308228803883,1.7957308228803883,0,0.9273440473210289,18.190001,311.0644116924015
AAPL,2012-04-25,EARNINGS_GUIDANCE,RESULTS,6,2,pre,1,3.4489080730066517,3.4489080730066517,1,1.7566036798503035,18.1,622.893278912788
AAPL,2012-06-29,MANAGEMENT_GOVERNANCE,OFFICER_CHANGE,5,1,pre,1,0.727555607008541,0.727555607008541,0,0.7967469809613634,19.709999,155.99620504817398
AAPL,2012-07-25,EARNINGS_GUIDANCE,RESULTS,6,2,pre,1,-2.769763136815238,2.769763136815238,1,0.705943405472882,20.469999,-596.1513902683355
AAPL,2013-01-24,EARNINGS_GUIDANCE,RESULTS,6,2,pre,1,-7.265339148668995,7.265339148668995,1,1.3908977682618964,12.46,-1626.6775726647863
AAPL,2013-03-04,OTHER,,0,1,after,1,-0.5898083724766667,0.5898083724766667,0,1.0927919661520489,15.36,-136.57657755911012
AAPL,2013-04-24,EARNINGS_GUIDANCE,RESULTS,6,4,pre,2,0.17961951681815133,0.17961951681815133,0,1.0679364035059253,13.48,45.704234959543356
AAPL,2013-04-25,OTHER,,0,2,pre,1,1.200418361622585,1.200418361622585,0,1.0514072343007468,13.61,305.1557341322388
AAPL,2013-05-06,OTHER,,0,2,pre,1,0.545226699993511,0.545226699993511,0,1.1286972340308568,12.85,141.06207004841883
AAPL,2013-06-24,MANAGEMENT_GOVERNANCE,OFFICER_CHANGE,5,1,pre,1,-0.68300553726139,0.68300553726139,0,0.5161252416593723,18.9,-178.58854137705987
AAPL,2013-07-24,EARNINGS_GUIDANCE,RESULTS,6,2,pre,1,1.9586485262404318,1.9586485262404318,0,0.6798818550103403,12.66,517.7468516521901
AAPL,2013-07-31,MANAGEMENT_GOVERNANCE,OFFICER_CHANGE,5,1,pre,1,-0.07931869265781664,0.07931869265781664,0,0.7745575718452571,13.39,-20.93340711293442
AAPL,2013-09-24,OTHER,,0,1,after,1,-0.3407013328514413,0.3407013328514413,0,1.2287039307744405,14.31,-92.56215482462866
AAPL,2013-10-29,EARNINGS_GUIDANCE,RESULTS,6,2,pre,1,-0.2397014233754327,0.2397014233754327,0,0.4964437497612512,13.31,-66.9270595957314
AAPL,2014-01-28,EARNINGS_GUIDANCE,RESULTS,6,2,pre,1,-4.370452889129044,4.370452889129044,1,0.8903814583152305,17.42,-935.4264209848507
AAPL,2014-03-06,MANAGEMENT_GOVERNANCE,OFFICER_CHANGE,5,4,pre,1,-0.316317476361788,0.316317476361788,0,0.7154727786161807,13.89,-66.73191793754886
AAPL,2014-04-24,EARNINGS_GUIDANCE,RESULTS,6,4,pre,2,4.064124109563894,4.064124109563894,1,0.5507192126993596,13.27,870.8339567280882
AAPL,2014-05-07,OTHER,,0,2,pre,1,-0.4370130580594948,0.4370130580594948,0,1.4401437336403649,13.8,-90.947920938423
AAPL,2014-06-02,MANAGEMENT_GOVERNANCE,OFFICER_CHANGE,5,1,pre,1,0.26421455606135585,0.26421455606135585,0,0.5716216643900847,11.4,54.66050300956718
AAPL,2014-06-09,OTHER,,0,2,pre,1,0.8498054687209495,0.8498054687209495,0,0.5038308842679887,10.73,187.647887904398
AAPL,2014-07-18,MANAGEMENT_GOVERNANCE,OFFICER_CHANGE,5,1,pre,1,0.1237913352303323,0.1237913352303323,0,0.5482559523665381,14.54,26.264779632348525
AAPL,2014-07-23,EARNINGS_GUIDANCE,RESULTS,6,2,pre,1,0.9685120716982392,0.9685120716982392,0,0.5741789570836685,12.24,205.2279748662076
AAPL,2014-07-24,OTHER,,0,2,pre,1,0.21764594261749085,0.21764594261749085,0,0.6826237766985292,11.52,46.126423257501735
AAPL,2014-10-21,EARNINGS_GUIDANCE,RESULTS,6,2,pre,1,1.2423584512380168,1.2423584512380168,0,1.1996219835868487,18.57,225.6026023692095
AAPL,2014-11-11,OTHER,,0,2,pre,1,1.0880044294703477,1.0880044294703477,0,0.8200547788909368,12.67,204.42759727879044
AAPL,2015-01-28,EARNINGS_GUIDANCE,RESULTS,6,2,pre,1,5.660127002387206,5.660127002387206,1,1.8105284468848004,17.219999,871.4195025547099
AAPL,2015-01-29,OTHER,,0,2,pre,1,1.1136709204128652,1.1136709204128652,0,2.1721092989387234,20.440001,171.5621141852295
AAPL,2015-02-10,OTHER,,0,2,pre,1,1.9314843901454315,1.9314843901454315,0,1.8542196489734741,18.549999,294.93308120614
AAPL,2015-03-13,OTHER,,0,2,intraday,1,-0.3304401532619212,0.3304401532619212,0,1.1210496478003005,15.42,-57.20584300206948
AAPL,2015-04-28,EARNINGS_GUIDANCE,RESULTS,6,4,pre,2,-1.995468894618728,1.995468894618728,0,0.8807863941828116,13.12,-318.2172229908676
AAPL,2015-05-14,OTHER,,0,2,pre,1,0.5040984970238582,0.5040984970238582,0,1.3015857121523786,13.76,81.92111892054878
AAPL,2015-06-11,OTHER,,0,2,pre,1,-0.656931314565329,0.656931314565329,0,0.7839024701556185,13.22,-107.19649683146055
AAPL,2015-07-22,EARNINGS_GUIDANCE,RESULTS,6,2,pre,1,-2.2946576453633507,2.2946576453633507,1,1.2064281529915768,12.22,-371.8596831944255
AAPL,2015-08-03,OTHER,,0,2,pre,1,-3.207560523685945,3.207560523685945,1,1.4283883538992996,12.12,-518.7532284230895
AAPL,2015-09-18,OTHER,,0,2,pre,1,1.4294675242752553,1.4294675242752553,0,2.4813325140648197,21.139999,231.9198734087921
AAPL,2015-10-05,MANAGEMENT_GOVERNANCE,OFFICER_CHANGE,5,1,pre,1,-0.5770340689481045,0.5770340689481045,0,1.2339446828961862,20.940001,-96.58222990288589
AAPL,2015-10-28,EARNINGS_GUIDANCE,RESULTS,6,2,pre,1,2.12874408129072,2.12874408129072,1,1.1470471776915738,15.43,370.1485548155182
AAPL,2015-12-18,MANAGEMENT_GOVERNANCE,OFFICER_CHANGE,5,1,pre,1,-0.24790421625553147,0.24790421625553147,0,1.0587522163300753,18.940001,-45.35551050786289
AAPL,2015-12-23,OTHER,,0,2,pre,1,-0.26489734272814863,0.26489734272814863,0,1.111820407343101,16.6,-49.10182028414544
AAPL,2016-01-27,EARNINGS_GUIDANCE,RESULTS,6,2,pre,1,-3.115861974396294,3.115861974396294,1,1.895235174759972,22.5,-532.8781445489319
AAPL,2016-02-24,OTHER,,0,2,pre,1,0.2102868014708657,0.2102868014708657,0,1.8335818798149957,20.98,35.44584812952204
AAPL,2016-03-02,MANAGEMENT_GOVERNANCE,OFFICER_CHANGE,5,3,pre,1,0.07528359606701056,0.07528359606701056,0,1.3049055858904413,17.700001,12.608185230755295
AAPL,2016-04-27,EARNINGS_GUIDANCE,RESULTS,6,2,pre,1,-4.792261358003105,4.792261358003105,1,0.9175763685372845,13.96,-860.3945765029438
AAPL,2016-06-23,OTHER,,0,2,pre,1,0.3796929075371732,0.3796929075371732,0,0.6168661461044139,21.17,74.52537096408648
AAPL,2016-07-27,EARNINGS_GUIDANCE,RESULTS,6,2,pre,1,4.179716994559397,4.179716994559397,1,0.6034834035378287,13.05,777.2201275759332
AAPL,2016-08-05,OTHER,,0,2,pre,1,0.9022200912468062,0.9022200912468062,0,1.229794788706495,12.42,168.29269159882992
AAPL,2016-10-26,EARNINGS_GUIDANCE,RESULTS,6,2,pre,1,-1.4721209100381287,1.4721209100381287,0,0.5319641857240263,13.46,-264.72755468576713
AAPL,2016-12-16,OTHER,,0,2,pre,1,0.3708605928020152,0.3708605928020152,0,0.645765621301629,12.79,66.58938040328366
AAPL,2017-02-01,EARNINGS_GUIDANCE,RESULTS,6,2,pre,1,3.38501963681137,3.38501963681137,1,0.44133313009675124,11.99,561.3058596819777
AAPL,2017-02-10,OTHER,,0,2,pre,1,-0.14238796836820217,0.14238796836820217,0,1.1894625368082967,10.88,-23.51940284924194
AAPL,2017-03-02,OTHER,,0,1,after,1,0.26577412669332295,0.26577412669332295,0,0.5085622061405201,12.54,43.61850838697034
AAPL,2017-03-06,OTHER,,0,2,pre,1,0.16785759953115906,0.16785759953115906,0,0.5373926024551564,10.96,27.522072928733365
AAPL,2017-05-03,EARNINGS_GUIDANCE,RESULTS,6,2,pre,1,-0.6472434997164017,0.6472434997164017,0,0.7142431370281341,10.59,-94.55409743833505
AAPL,2017-05-12,OTHER,,0,2,pre,1,0.39300823073644237,0.39300823073644237,0,0.8988685394608114,10.6,57.21969525526463
AAPL,2017-05-25,OTHER,,0,2,pre,1,-0.31788412953352857,0.31788412953352857,0,1.205476069996114,10.02,-45.787462161466
AAPL,2017-06-21,OTHER,,0,2,pre,1,0.0946810277846337,0.0946810277846337,0,1.3866507169300273,10.86,13.770192594506101
AAPL,2017-08-02,EARNINGS_GUIDANCE,RESULTS,6,2,pre,1,2.5309508313299567,2.5309508313299567,1,0.7948526669417908,10.09,358.9720121895186
AAPL,2017-08-21,OTHER,,0,2,pre,1,0.11940529908190468,0.11940529908190468,0,1.5948216381784615,14.26,16.987978481496558
AAPL,2017-09-13,OTHER,,0,2,pre,1,-1.363428391799872,1.363428391799872,0,1.0104824677223605,10.58,-175.51255957422595
AAPL,2017-10-13,MANAGEMENT_GOVERNANCE,OFFICER_CHANGE,5,1,pre,1,1.4653073413129563,1.4653073413129563,0,0.9270117951356727,9.91,198.6142982916219
AAPL,2017-11-03,EARNINGS_GUIDANCE,RESULTS,6,2,pre,1,2.185884954512357,2.185884954512357,1,1.3390606807129382,9.93,280.5230682709406
AAPL,2017-11-14,OTHER,,0,2,pre,1,-1.5626665007046565,1.5626665007046565,0,1.4105849027187072,11.5,-202.29197541013798
AAPL,2018-02-02,EARNINGS_GUIDANCE,RESULTS,6,2,pre,1,1.8363043810787378,1.8363043810787378,0,1.0614959277697997,13.47,235.7672285520969
AAPL,2018-02-15,OTHER,,0,2,pre,1,0.8179424016426925,0.8179424016426925,0,2.272793907183377,19.26,105.71618603936032
AAPL,2018-05-02,EARNINGS_GUIDANCE,RESULTS,6,2,pre,1,4.008018677187545,4.008018677187545,1,1.7072202457100256,15.49,559.5217639483284
AAPL,2018-05-08,OTHER,,0,3,pre,2,0.03741165725211813,0.03741165725211813,0,1.938967116775632,14.75,5.300957957101197
AAPL,2018-08-01,EARNINGS_GUIDANCE,RESULTS,6,2,pre,1,5.724771611031776,5.724771611031776,1,0.8622740252092418,12.83,818.8500114606765
AAPL,2018-11-02,EARNINGS_GUIDANCE,RESULTS,6,2,pre,1,-6.426252167873309,6.426252167873309,1,1.9793675868606344,19.34,-978.7034520782751
AAPL,2019-01-03,EARNINGS_GUIDANCE,RESULTS,6,2,pre,1,-4.161314851491033,4.161314851491033,1,1.4426767643394984,23.219999,-741.2200853191484
AAPL,2019-01-30,EARNINGS_GUIDANCE,RESULTS,6,2,pre,1,2.3419908583402935,2.3419908583402935,1,2.488330868907847,19.129999,404.5856415035219
AAPL,2019-02-07,MANAGEMENT_GOVERNANCE,OFFICER_CHANGE,5,1,after,1,-0.4018632440857592,0.4018632440857592,0,1.5571766594176055,15.38,-69.5538383525244
AAPL,2019-03-05,OTHER,,0,1,pre,1,0.21861528290281176,0.21861528290281176,0,0.623737571018957,14.63,41.23299757456143
AAPL,2019-05-01,EARNINGS_GUIDANCE,RESULTS,6,2,pre,1,3.1764301056049162,3.1764301056049162,1,0.7144705307040681,13.12,569.9002907970942
AAPL,2019-07-31,EARNINGS_GUIDANCE,RESULTS,6,2,pre,1,1.6151007951148306,1.6151007951148306,0,0.7812798141522769,13.94,303.02061826156853
AAPL,2019-09-12,OTHER,,0,2,pre,1,-1.3613817229956329,1.3613817229956329,0,1.2765806393354633,14.61,-255.5520011363122
AAPL,2019-09-16,MANAGEMENT_GOVERNANCE,OFFICER_CHANGE,5,1,pre,1,0.5741255604138771,0.5741255604138771,0,1.3077886049945815,13.74,107.56589021287193
AAPL,2019-10-31,EARNINGS_GUIDANCE,RESULTS,6,2,pre,1,2.345629649112619,2.345629649112619,1,0.979514406335536,12.33,398.19418668632494
AAPL,2019-11-18,OTHER,,0,2,after,1,-0.00017003583956367509,0.00017003583956367509,0,0.9143732862091469,12.05,-0.02860797562815199
AAPL,2020-01-29,EARNINGS_GUIDANCE,RESULTS,6,2,pre,1,0.9258763460833886,0.9258763460833886,0,1.4028783629195314,16.280001,133.51778602935954
AAPL,2020-02-19,OTHER,,0,2,after,1,0.030903292404811992,0.030903292404811992,0,1.8296844560333925,14.83,4.457360092850462
AAPL,2020-02-28,OTHER,,0,1,after,1,2.1701972185999456,2.1701972185999456,1,2.5379790267895457,39.16,314.3212993489198
AAPL,2020-05-01,EARNINGS_GUIDANCE,RESULTS,6,2,pre,1,1.5399729345300943,1.5399729345300943,0,2.729147382845412,34.150002,223.58519953488647
AAPL,2020-05-12,OTHER,,0,2,pre,1,1.1519399964691248,1.1519399964691248,0,1.9600971208614881,27.57,168.3613238351183
AAPL,2020-07-31,EARNINGS_GUIDANCE,RESULTS,6,2,pre,1,6.497407778769317,6.497407778769317,1,1.4971863997637802,24.76,1038.2004860986974
AAPL,2020-08-10,OTHER,,0,2,pre,1,-0.9130973100864049,0.9130973100864049,0,2.4860711853004243,22.209999,-146.09770664022685
AAPL,2020-08-21,OTHER,,0,2,pre,1,2.632040627923871,2.632040627923871,1,2.296243351541484,22.719999,424.434570723303
AAPL,2020-10-30,EARNINGS_GUIDANCE,RESULTS,6,2,pre,1,-2.983082145862137,2.983082145862137,1,1.687783831605264,37.59,-634.7943582833476
AAPL,2021-01-06,MANAGEMENT_GOVERNANCE,OFFICER_CHANGE,5,1,pre,1,-1.1518917597212879,1.1518917597212879,0,1.0344008379617047,25.34,-271.4967830387771
AAPL,2021-01-28,EARNINGS_GUIDANCE,RESULTS,6,2,pre,1,-2.694718975281797,2.694718975281797,1,1.2293926982181416,37.209999,-640.1342165587023
AAPL,2021-02-09,OTHER,,0,2,pre,1,-0.5847038090634159,0.5847038090634159,0,1.2204059589600806,21.24,-139.8200415401122
AAPL,2021-02-25,OTHER,,0,1,pre,1,-0.11002498973749145,0.11002498973749145,0,0.9293281595775882,21.34,-26.492374788342314
AAPL,2021-04-29,EARNINGS_GUIDANCE,RESULTS,6,2,pre,1,-0.6717141133490556,0.6717141133490556,0,0.732875788794689,17.280001,-164.28781346575786
AAPL,2021-07-28,EARNINGS_GUIDANCE,RESULTS,6,2,pre,1,-0.5392588138275112,0.5392588138275112,0,0.9234329365601975,19.360001,-115.85993313273521
AAPL,2021-08-06,OTHER,,0,2,pre,1,-0.20409793256645775,0.20409793256645775,0,0.8420917999839941,17.280001,-43.64401201334071
AAPL,2021-10-29,EARNINGS_GUIDANCE,RESULTS,6,2,pre,1,-1.6044554820568027,1.6044554820568027,0,0.887205841122122,16.530001,-276.1309805038648
AAPL,2021-11-15,MANAGEMENT_GOVERNANCE,OFFICER_CHANGE,5,3,pre,1,0.0979391535762239,0.0979391535762239,0,0.8776858271446596,16.290001,16.28272509411922
AAPL,2022-01-28,EARNINGS_GUIDANCE,RESULTS,6,2,pre,1,2.3196782338026263,2.3196782338026263,1,1.1808555940836454,30.49,351.28244064207627
AAPL,2022-03-07,MANAGEMENT_GOVERNANCE,OFFICER_CHANGE,5,3,pre,1,0.7670612121389534,0.7670612121389534,0,1.5937015249589652,31.98,106.91791249657238
AAPL,2022-04-29,EARNINGS_GUIDANCE,RESULTS,6,2,pre,1,0.14781524261916218,0.14781524261916218,0,2.1022708260896166,29.99,20.48279673684452
AAPL,2022-07-29,EARNINGS_GUIDANCE,RESULTS,6,2,pre,1,0.7326089555098226,0.7326089555098226,0,1.413053534600804,22.33,106.59865443485354
AAPL,2022-08-09,OTHER,,0,2,pre,1,0.28533747038504437,0.28533747038504437,0,1.5553463144228352,21.290001,41.87272065429313
AAPL,2022-08-22,MANAGEMENT_GOVERNANCE,OFFICER_CHANGE,5,3,pre,1,0.23039010886387215,0.23039010886387215,0,1.4975882975201287,20.6,33.60470030255717
AAPL,2022-10-28,EARNINGS_GUIDANCE,RESULTS,6,2,pre,1,2.3229087234740646,2.3229087234740646,1,2.090358076508376,27.389999,347.72551501100855
AAPL,2022-11-08,OTHER,,0,2,after,1,-0.8408621161499281,0.8408621161499281,0,2.5909942782902906,24.35,-125.94415682371596
AAPL,2023-02-03,EARNINGS_GUIDANCE,RESULTS,6,2,pre,1,1.898923763177462,1.898923763177462,0,1.301053140612009,18.73,285.1378352136932
AAPL,2023-03-13,OTHER,,0,1,pre,1,0.5139293943812282,0.5139293943812282,0,1.352168902717272,24.799999,76.01101729388218
AAPL,2023-05-05,EARNINGS_GUIDANCE,RESULTS,6,2,pre,1,1.3705390657196932,1.3705390657196932,0,1.1420869809468195,20.09,201.04680633699553
AAPL,2023-05-11,OTHER,,0,2,pre,1,-0.1261288924640948,0.1261288924640948,0,1.4470876302728553,16.940001,-18.414523278694585
AAPL,2023-08-04,EARNINGS_GUIDANCE,RESULTS,6,2,pre,1,-5.17618038411005,5.17618038411005,1,0.8271941920963628,15.92,-728.0668408349528
AAPL,2023-11-03,EARNINGS_GUIDANCE,RESULTS,6,2,pre,1,-0.4376021158942883,0.4376021158942883,0,1.2565210825326631,15.66,-56.522257682387874
AAPL,2024-02-02,EARNINGS_GUIDANCE,RESULTS,6,2,pre,1,-0.3147705577311437,0.3147705577311437,0,1.5304469020393325,13.88,-38.04263860540606
AAPL,2024-02-29,OTHER,,0,1,pre,1,-2.0338866634482184,2.0338866634482184,1,0.9509758502744746,13.84,-240.28234146276966
AAPL,2024-05-03,EARNINGS_GUIDANCE,RESULTS,6,2,pre,1,2.105564882160043,2.105564882160043,1,1.6362919032938823,14.68,285.15455742153597
AAPL,2024-05-06,OTHER,,0,2,pre,1,-1.0781691085625298,1.0781691085625298,0,2.0838794319297973,13.49,-146.24648373322572
AAPL,2024-08-02,EARNINGS_GUIDANCE,RESULTS,6,2,pre,1,0.46195484496247846,0.46195484496247846,0,1.2166168288173316,18.59,76.34577673925374
AAPL,2024-08-26,OTHER,,0,2,pre,1,0.3327050667269842,0.3327050667269842,0,1.2771389848402641,15.86,54.42899593407775
AAPL,2024-08-27,MANAGEMENT_GOVERNANCE,OFFICER_CHANGE,5,1,pre,1,0.03026953887779873,0.03026953887779873,0,1.2728342539978053,16.15,4.9685398748553995
AAPL,2024-09-11,OTHER,,0,1,after,1,-0.4491377121568812,0.4491377121568812,0,0.5923066146490584,19.08,-73.36089249273519
AAPL,2024-11-01,EARNINGS_GUIDANCE,RESULTS,6,2,pre,1,-1.1417768709944809,1.1417768709944809,0,1.0083312571585121,23.16,-196.25055572749852
AAPL,2025-01-06,MANAGEMENT_GOVERNANCE,OFFICER_CHANGE,5,1,pre,1,0.02834061820071609,0.02834061820071609,0,0.9827028175894611,16.129999,4.982831072310986
AAPL,2025-01-31,EARNINGS_GUIDANCE,RESULTS,6,2,pre,1,-1.7998581690468998,1.7998581690468998,0,1.3890577750338613,15.84,-316.7487313287089
AAPL,2025-02-26,OTHER,,0,1,pre,1,-1.5795075707160857,1.5795075707160857,0,1.1614974457913072,19.43,-274.0506308899328
AAPL,2025-05-02,EARNINGS_GUIDANCE,RESULTS,6,2,pre,1,-4.438061051246585,4.438061051246585,1,3.8489043354537835,24.6,-795.6411719465167
AAPL,2025-05-13,OTHER,,0,2,pre,1,-0.0841785230148091,0.0841785230148091,0,1.838238531784316,18.389999,-15.189503470965414
AAPL,2025-07-09,MANAGEMENT_GOVERNANCE,OFFICER_CHANGE,5,1,pre,1,0.1253752010176031,0.1253752010176031,0,0.8424758617317932,16.809999,23.572996881143542
AAPL,2025-07-28,MANAGEMENT_GOVERNANCE,OFFICER_CHANGE,5,1,pre,1,-0.3733580585814901,0.3733580585814901,0,0.6215905676477891,14.93,-68.41520945038769
AAPL,2025-08-01,EARNINGS_GUIDANCE,RESULTS,6,2,pre,1,-0.9201587589043666,0.9201587589043666,0,0.5009842696393938,16.719999,-168.49879017329818
AAPL,2025-10-31,EARNINGS_GUIDANCE,RESULTS,6,2,pre,1,-0.7696590708833325,0.7696590708833325,0,1.1040498383058572,16.91,-147.58176706796593
AAPL,2025-12-08,MANAGEMENT_GOVERNANCE,OFFICER_CHANGE,5,1,pre,1,0.02056350213573627,0.02056350213573627,0,0.7935932802834552,15.41,4.0012078800298045
AAPL,2026-01-05,MANAGEMENT_GOVERNANCE,OFFICER_CHANGE,5,1,pre,1,-2.4820540237913202,2.4820540237913202,1,0.4273325762144221,14.51,-485.96748128942625
AAPL,2026-01-30,EARNINGS_GUIDANCE,RESULTS,6,2,pre,1,2.25818643312858,2.25818643312858,1,0.7913030081989891,16.879999,416.6900711454381
AAPL,2026-02-25,OTHER,,0,2,pre,1,0.05061533271379714,0.05061533271379714,0,1.527197776936365,19.549999,9.062545410812115
AAPL,2026-04-21,MANAGEMENT_GOVERNANCE,OFFICER_CHANGE,5,1,pre,1,-0.15360778003649442,0.15360778003649442,0,1.1218649519806818,18.870001,-27.49934125242562
AAPL,2026-05-01,EARNINGS_GUIDANCE,RESULTS,6,2,pre,1,1.2497289164278402,1.2497289164278402,0,1.30633282123032,16.889999,208.51381068300125
AAPL,2026-07-31,EARNINGS_GUIDANCE,RESULTS,6,2,pre,1,-6.585549078442611,6.585549078442611,1,1.2666494691448016,17.09,-1133.141352847938
AAPL,2026-09-02,MANAGEMENT_GOVERNANCE,OFFICER_CHANGE,5,1,pre,1,-0.20020359533641954,0.20020359533641954,0,0.8402104338145774,16.34,-38.84360645899178
AMT,2008-02-13,MANAGEMENT_GOVERNANCE,OFFICER_CHANGE,5,1,pre,1,-0.7045404221747327,0.7045404221747327,0,2.237080431836115,26.33,-135.11553945283424
AMT,2008-02-26,EARNINGS_GUIDANCE,RESULTS,6,2,after,1,-0.061841048500386665,0.061841048500386665,0,1.6798756326776811,23.030001,-11.945263433004518
AMT,2008-03-17,OTHER,,0,2,after,1,0.7947129318950317,0.7947129318950317,0,1.467594293087238,31.16,170.97682681800458
AMT,2008-03-25,MA_CORPORATE_ACTION,MATERIAL_AGREEMENT,5,3,after,1,1.0201453876754685,1.0201453876754685,0,1.506737339897303,25.73,224.39434416450308
AMT,2008-05-02,EARNINGS_GUIDANCE,RESULTS,6,2,intraday,1,-0.37254204818638936,0.37254204818638936,0,0.9850437128818147,18.879999,-83.74966425497607
AMT,2008-06-12,MANAGEMENT_GOVERNANCE,OFFICER_CHANGE,5,2,pre,1,0.2220397682898957,0.2220397682898957,0,1.1168713097449978,24.120001,51.78830203277499
AMT,2008-06-25,MANAGEMENT_GOVERNANCE,OFFICER_CHANGE,5,1,pre,1,0.421671596052795,0.421671596052795,0,1.1984013718128526,22.42,98.29313029594239
AMT,2008-07-30,EARNINGS_GUIDANCE,RESULTS,6,2,intraday,1,0.32991938963945,0.32991938963945,0,1.1965449674756348,22.030001,75.63976432317321
AMT,2008-08-07,OTHER,,0,2,pre,1,-0.12656903470414987,0.12656903470414987,0,1.2645119444290298,20.23,-27.862302428598024
AMT,2008-10-22,OTHER,,0,1,pre,1,-3.262141025585215,3.262141025585215,1,3.998446899816929,53.110001,-726.1577959152537
AMT,2008-11-04,EARNINGS_GUIDANCE,RESULTS,6,2,after,1,-1.702657529727957,1.702657529727957,0,3.9548466970818206,53.68,-395.0568746965719
AMT,2009-02-27,EARNINGS_GUIDANCE,RESULTS,6,4,after,1,1.111324343991479,1.111324343991479,0,1.1778408030378216,44.66,371.0669216439677
AMT,2009-03-06,MANAGEMENT_GOVERNANCE,OFFICER_CHANGE,5,2,after,1,-0.2556349514193898,0.2556349514193898,0,1.2926073067264494,50.169998,-85.5510361813215
AMT,2009-03-17,OTHER,,0,1,pre,1,0.25560214639789963,0.25560214639789963,0,1.3894441787610996,43.740002,84.80580033301655
AMT,2009-04-29,EARNINGS_GUIDANCE,RESULTS,6,2,intraday,1,-1.377540214831628,1.377540214831628,0,1.2344773187178217,37.950001,-478.95452360941107
AMT,2009-05-07,OTHER,,0,1,after,1,-1.855385416708653,1.855385416708653,0,1.1586654059801158,32.450001,-647.6098286407508
AMT,2009-05-28,OTHER,,0,2,after,1,0.16728330246499687,0.16728330246499687,0,1.1447009204584355,32.360001,59.57092475393163
AMT,2009-05-29,OTHER,,0,2,after,1,-0.3264053110785115,0.3264053110785115,0,1.0934885620006247,31.67,-116.25022874427421
AMT,2009-06-11,MA_CORPORATE_ACTION,MATERIAL_AGREEMENT,5,4,pre,1,-0.02344305687207232,0.02344305687207232,0,0.9789575876310886,28.459999,-8.31992422022617
AMT,2009-06-22,OTHER,,0,2,after,1,0.9771089203459261,0.9771089203459261,0,0.6267210375217624,27.99,358.93183123908085
AMT,2009-06-25,OTHER,,0,2,pre,1,-0.3126433267007786,0.3126433267007786,0,0.8103621734856352,29.049999,-114.90614591609426
AMT,2009-07-21,OTHER,,0,2,pre,1,0.10150764907320456,0.10150764907320456,0,0.760111439184891,24.4,37.37065950089286
AMT,2009-07-29,EARNINGS_GUIDANCE,RESULTS,6,2,intraday,1,0.4653211248482214,0.4653211248482214,0,0.5769413082468768,25.01,171.08480787833335
AMT,2009-08-07,OTHER,,0,2,after,1,-0.6588658528135241,0.6588658528135241,0,0.6569208794479063,25.67,-244.24965524814448
AMT,2009-08-28,OTHER,,0,2,pre,1,-0.2826564406495269,0.2826564406495269,0,0.513106426701467,24.68,-104.65071233770449
AMT,2009-10-14,OTHER,,0,2,after,1,1.6899956935713512,1.6899956935713512,0,0.7017429378252681,22.99,543.6972603733748
AMT,2009-10-15,OTHER,,0,2,after,1,1.192557680875395,1.192557680875395,0,0.7373497744032711,22.860001,381.34884370466096
AMT,2009-10-21,MA_CORPORATE_ACTION,MATERIAL_AGREEMENT,5,2,pre,1,-0.5002957403978164,0.5002957403978164,0,0.8593566186339813,20.9,-157.00146751093732
AMT,2009-11-04,EARNINGS_GUIDANCE,RESULTS,6,2,after,1,-0.5275065948270443,0.5275065948270443,0,0.9907188449012507,28.809999,-159.48958243831416
AMT,2009-11-16,OTHER,,0,2,pre,1,0.700104927539197,0.700104927539197,0,0.8790958813032649,23.360001,188.67053894042337
AMT,2009-11-19,OTHER,,0,2,after,1,0.24602901986918646,0.24602901986918646,0,0.8692161081498717,21.629999,65.87700657612108
AMT,2009-12-30,OTHER,,0,2,after,1,0.3305377206572314,0.3305377206572314,0,0.7126594576041771,20.01,81.20342674724691
AMT,2010-02-01,OTHER,,0,2,pre,1,-0.5056869451052844,0.5056869451052844,0,0.8858052889975513,24.620001,-121.75308161200171
AMT,2010-02-25,EARNINGS_GUIDANCE,RESULTS,6,3,after,1,0.08096834689078163,0.08096834689078163,0,1.0104838722229101,20.27,17.853471563605737
AMT,2010-03-02,MANAGEMENT_GOVERNANCE,OFFICER_CHANGE,5,1,after,1,-0.11346774012540682,0.11346774012540682,0,0.9928479804132433,19.26,-24.80678789297411
AMT,2010-05-04,EARNINGS_GUIDANCE,RESULTS,6,2,intraday,1,1.1483585795877853,1.1483585795877853,0,0.8311068932592047,20.190001,193.56444319301073
AMT,2010-05-13,OTHER,,0,1,intraday,1,1.0739877656457368,1.0739877656457368,0,1.3295698971338339,25.52,186.78211432935421
AMT,2010-08-03,EARNINGS_GUIDANCE,RESULTS,6,2,intraday,1,0.09801882151918039,0.09801882151918039,0,1.725606040898673,22.01,15.643686773908925
AMT,2010-08-09,OTHER,,0,2,after,1,-0.2296754499259416,0.2296754499259416,0,1.5172971195738059,21.74,-36.28556123387255
AMT,2010-08-16,OTHER,,0,2,intraday,1,1.2971431741787192,1.2971431741787192,0,1.4838299119578504,26.24,208.62687233038056
AMT,2010-08-20,MA_CORPORATE_ACTION,MATERIAL_AGREEMENT,5,2,pre,1,-0.44175000121597296,0.44175000121597296,0,1.121248776873069,26.440001,-71.32659192099564
AMT,2010-08-24,OTHER,,0,1,pre,1,0.8455679244104782,0.8455679244104782,0,1.1215088473924477,25.66,135.63873192611987
AMT,2010-09-28,OTHER,,0,1,after,1,-0.2405027645081278,0.2405027645081278,0,0.8060848256398023,22.540001,-38.318022236172595
AMT,2010-11-05,EARNINGS_GUIDANCE,RESULTS,6,3,intraday,1,-0.25434146971564797,0.25434146971564797,0,0.7988381562915278,18.52,-39.38581957052328
AMT,2010-12-07,OTHER,,0,2,after,1,-1.176979682459268,1.176979682459268,0,1.1049901037555776,18.02,-181.2768214834439
AMT,2010-12-10,MA_CORPORATE_ACTION,MATERIAL_AGREEMENT,5,3,pre,1,-1.501269829910397,1.501269829910397,0,1.0550695444770017,17.25,-232.6711062759322
AMT,2011-02-01,OTHER,,0,1,after,1,0.5679639715748136,0.5679639715748136,0,0.8957444847029489,19.530001,86.0953702963622
AMT,2011-02-24,EARNINGS_GUIDANCE,RESULTS,6,2,after,1,1.85326751141694,1.85326751141694,0,1.2689726530235639,22.129999,277.98305058205204
AMT,2011-03-09,OTHER,,0,2,pre,1,-0.6045655724272594,0.6045655724272594,0,1.3887842218721136,19.82,-92.67007437029977
AMT,2011-03-17,MANAGEMENT_GOVERNANCE,OFFICER_CHANGE,5,3,after,1,-0.7425500586153195,0.7425500586153195,0,1.3652803369404651,29.4,-107.71610453513587
AMT,2011-03-22,OTHER,,0,2,pre,1,4.074392423491539,4.074392423491539,1,2.186564012131132,20.610001,593.2239028424975
AMT,2011-04-13,MA_CORPORATE_ACTION,MATERIAL_AGREEMENT,5,4,after,1,0.6190141480631549,0.6190141480631549,0,2.227065191888747,17.09,92.82440502714161
AMT,2011-05-03,EARNINGS_GUIDANCE,RESULTS,6,2,intraday,1,0.6745026410287448,0.6745026410287448,0,1.0875003069394222,15.99,120.39096484415063
AMT,2011-05-20,OTHER,,0,3,pre,1,1.8481159888508154,1.8481159888508154,0,0.9334820361424723,15.52,337.86651118172085
AMT,2011-06-06,OTHER,,0,3,after,2,0.5432107233280724,0.5432107233280724,0,1.4410387735870525,17.950001,99.43726777747655
AMT,2011-08-02,EARNINGS_GUIDANCE,RESULTS,6,2,intraday,1,1.8275541126152695,1.8275541126152695,0,0.9416725670703752,23.66,345.9466386340085
AMT,2011-08-26,MA_CORPORATE_ACTION,MATERIAL_AGREEMENT,5,2,pre,1,0.4241669998313239,0.4241669998313239,0,2.709604152662585,39.759998,79.9992761443262
AMT,2011-09-08,OTHER,,0,1,after,1,0.20739142130350427,0.20739142130350427,0,1.6036785286586397,33.380001,39.14564198082296
AMT,2011-09-23,OTHER,,0,2,pre,1,-0.15269447578633177,0.15269447578633177,0,1.1069123321648946,41.349998,-30.849500145354565
AMT,2011-10-05,OTHER,,0,2,after,1,-0.2143338814600044,0.2143338814600044,0,1.0730030690547656,40.82,-43.42725222488533
AMT,2011-10-07,MA_CORPORATE_ACTION,MATERIAL_AGREEMENT,5,3,pre,1,-0.899418165106549,0.899418165106549,0,1.110514784882336,36.27,-182.02160865173684
AMT,2011-11-01,EARNINGS_GUIDANCE,RESULTS,6,2,intraday,1,1.888951098268466,1.888951098268466,0,1.0254443212066133,29.959999,386.1564957320458
AMT,2011-11-30,OTHER,,0,4,pre,1,-0.993169552357282,0.993169552357282,0,0.9746638622970386,30.639999,-202.3616142768584
AMT,2011-12-09,OTHER,,0,2,pre,1,0.14387841964929576,0.14387841964929576,0,0.9989283383452618,30.59,29.113830078274816
AMT,2012-01-04,LEGAL_REGULATORY,DELISTING_NOTICE,7,8,after,1,0.9867942672241237,0.9867942672241237,0,1.1300363147277372,22.969999,205.92572122683796
AMT,2012-02-01,MA_CORPORATE_ACTION,MATERIAL_AGREEMENT,5,5,pre,1,-0.6611768526457598,0.6611768526457598,0,0.576781376532262,19.440001,-138.23820552609234
AMT,2012-02-23,MANAGEMENT_GOVERNANCE,OFFICER_CHANGE,5,1,pre,1,0.32744836371051234,0.32744836371051234,0,0.5673670719975633,18.190001,67.47815716121588
AMT,2012-02-24,EARNINGS_GUIDANCE,RESULTS,6,2,after,1,-0.8789274021584347,0.8789274021584347,0,0.5475794672924348,16.799999,-180.73562387393216
AMT,2012-02-29,EARNINGS_GUIDANCE,RESULTS,6,2,pre,1,0.4340053987741798,0.4340053987741798,0,0.5799542085984368,17.959999,89.56535406413695
AMT,2012-03-09,OTHER,,0,2,after,1,-0.7394560416730985,0.7394560416730985,0,0.7309849870162244,17.950001,-129.77750685079315
AMT,2012-03-13,MA_CORPORATE_ACTION,MATERIAL_AGREEMENT,5,3,pre,1,-0.07263080894011639,0.07263080894011639,0,0.6780219260998231,15.64,-12.755678726939259
AMT,2012-03-23,OTHER,,0,2,pre,1,-0.6927948914208272,0.6927948914208272,0,0.6917135216013038,15.57,-120.39083559811108
AMT,2012-05-03,EARNINGS_GUIDANCE,RESULTS,6,2,intraday,1,1.497860402004593,1.497860402004593,0,0.8071136409971897,16.879999,256.8819178404877
AMT,2012-06-21,OTHER,,0,3,pre,1,0.0638811886646005,0.0638811886646005,0,1.1867002938214817,17.24,9.856017724258543
AMT,2012-08-01,EARNINGS_GUIDANCE,RESULTS,6,2,intraday,1,0.11640643624364033,0.11640643624364033,0,1.6609275559887768,18.93,15.721590248144839
AMT,2012-09-20,OTHER,,0,2,pre,1,-0.32183584778817037,0.32183584778817037,0,0.7079421183582709,13.88,-46.30933562276062
AMT,2012-10-04,OTHER,,0,2,pre,1,-0.2963694772190541,0.2963694772190541,0,0.8187932759559832,15.43,-42.72770946828014
AMT,2012-11-08,OTHER,,0,1,pre,1,0.14613651833635133,0.14613651833635133,0,1.4824463914236061,19.08,19.258090730384843
AMT,2012-11-16,OTHER,,0,3,after,1,-0.1345030426505982,0.1345030426505982,0,0.9373405301138583,17.99,-17.63515661630289
AMT,2012-12-07,OTHER,,0,2,pre,1,-0.14887378181871735,0.14887378181871735,0,0.804451541529513,16.58,-20.083803012016908
AMT,2012-12-19,OTHER,,0,2,pre,1,0.43584872435346683,0.43584872435346683,0,0.5262325976042119,15.57,59.328797955856324
AMT,2013-01-04,OTHER,,0,2,pre,1,-0.2931220275944594,0.2931220275944594,0,1.0008196642547096,14.56,-41.237109706210774
AMT,2013-01-09,MA_CORPORATE_ACTION,MATERIAL_AGREEMENT,5,3,pre,1,0.7528429477704222,0.7528429477704222,0,0.9931576868006848,13.62,105.41055239043912
AMT,2013-02-27,EARNINGS_GUIDANCE,RESULTS,6,2,after,1,1.347179453108442,1.347179453108442,0,1.3448578984649293,16.870001,184.66021542050333
AMT,2013-03-05,OTHER,,0,2,after,1,-1.8862584983105775,1.8862584983105775,0,1.3730201984625159,14.01,-257.749341848897
AMT,2013-03-06,MANAGEMENT_GOVERNANCE,OFFICER_CHANGE,5,1,pre,1,-1.3010612614828632,1.3010612614828632,0,1.3803185165050438,13.48,-177.3728757873494
AMT,2013-03-07,OTHER,,0,2,pre,1,-0.7607836435817743,0.7607836435817743,0,1.4087363909925599,13.53,-103.63920461774808
AMT,2013-03-13,OTHER,,0,2,pre,1,-0.08421949937850365,0.08421949937850365,0,1.3538498539961346,12.27,-11.536345359155113
AMT,2013-03-18,MA_CORPORATE_ACTION,MATERIAL_AGREEMENT,5,4,pre,1,-0.703624370353366,0.703624370353366,0,1.1325779616284666,11.3,-97.40871411582911
AMT,2013-05-01,EARNINGS_GUIDANCE,RESULTS,6,2,intraday,1,-0.12004248435388609,0.12004248435388609,0,1.188365926922908,13.52,-17.00156132977683
AMT,2013-05-23,OTHER,,0,4,pre,1,-0.278093781917147,0.278093781917147,0,1.305983866169735,13.82,-39.13917220555821
AMT,2013-06-14,OTHER,,0,2,pre,1,0.31176946452328413,0.31176946452328413,0,1.6800020467517178,16.41,44.70684341358635
AMT,2013-07-02,MA_CORPORATE_ACTION,MATERIAL_AGREEMENT,5,4,after,1,0.3878314135458433,0.3878314135458433,0,2.231922440505461,16.370001,54.162566623187864
AMT,2013-07-16,OTHER,,0,2,after,1,-2.157577079480451,2.157577079480451,1,2.3269935036177136,13.79,-293.0114269645312
AMT,2013-07-18,OTHER,,0,1,pre,1,0.9802317310481122,0.9802317310481122,0,2.2077306141061195,13.78,132.7931349880497
AMT,2013-07-31,EARNINGS_GUIDANCE,RESULTS,6,2,intraday,1,-1.9196754267007627,1.9196754267007627,0,1.5100150968339554,13.39,-268.17027028291295
AMT,2013-08-12,OTHER,,0,2,after,1,-0.8963419753925601,0.8963419753925601,0,1.1488242961219537,13.41,-133.58153758795746
AMT,2013-08-15,OTHER,,0,2,pre,1,-0.09500712497688521,0.09500712497688521,0,1.039704610650638,13.04,-14.291749982698574
AMT,2013-08-20,MA_CORPORATE_ACTION,MATERIAL_AGREEMENT,5,3,pre,1,0.7834593786460113,0.7834593786460113,0,0.9851328593581808,15.1,117.80283427442993
AMT,2013-09-09,MA_CORPORATE_ACTION,MATERIAL_AGREEMENT,5,3,after,1,1.4558809322952166,1.4558809322952166,0,1.1729842282985534,15.85,232.37193301570875
AMT,2013-09-13,OTHER,,0,2,pre,1,-0.2107132643678632,0.2107132643678632,0,1.3170827159931204,14.29,-33.915744298824414
AMT,2013-09-24,MA_CORPORATE_ACTION,MATERIAL_AGREEMENT,5,2,after,1,1.057701222129257,1.057701222129257,0,1.3931361120234182,14.31,170.63973439752183
AMT,2013-10-03,MA_CORPORATE_ACTION,ACQUISITION_COMPLETED,6,2,intraday,1,-0.9358069225235622,0.9358069225235622,0,1.358701088636999,16.6,-145.83938050924652
AMT,2013-10-30,EARNINGS_GUIDANCE,RESULTS,6,4,intraday,1,-0.17349333700456504,0.17349333700456504,0,1.1693404681297912,13.41,-27.6874296733208
AMT,2013-12-05,OTHER,,0,2,pre,1,0.1542989424460989,0.1542989424460989,0,0.6273691264673039,14.7,24.854217611986403
AMT,2013-12-11,OTHER,,0,1,after,1,-0.7345190587786081,0.7345190587786081,0,0.5657819228393517,13.91,-118.34606084861458
AMT,2013-12-13,MA_CORPORATE_ACTION,MATERIAL_AGREEMENT,5,2,pre,1,-0.7977077572773901,0.7977077572773901,0,0.6666425666185141,15.54,-128.90370031657005
AMT,2013-12-17,OTHER,,0,2,after,1,0.9052352401764471,0.9052352401764471,0,0.6630005407520855,16.030001,146.3104784037571
AMT,2014-01-08,OTHER,,0,2,after,1,0.652440249496335,0.652440249496335,0,0.8353452839452008,12.92,105.77055585921602
AMT,2014-01-13,MA_CORPORATE_ACTION,DEBT_ISSUANCE,3,2,pre,1,0.2757241491307145,0.2757241491307145,0,0.6297668422454927,12.14,44.83973707834129
AMT,2014-02-26,EARNINGS_GUIDANCE,RESULTS,6,2,after,1,0.7239445918709076,0.7239445918709076,0,1.2091166457822577,13.67,113.72140260669165
AMT,2014-03-06,MANAGEMENT_GOVERNANCE,OFFICER_CHANGE,5,1,pre,1,0.25393436084331894,0.25393436084331894,0,0.9908237681662863,13.89,40.00323660917579
AMT,2014-03-07,OTHER,,0,2,pre,1,-0.537470214246236,0.537470214246236,0,1.0196394658179357,14.21,-83.95497058154669
AMT,2014-05-01,EARNINGS_GUIDANCE,RESULTS,6,2,intraday,1,2.7486832586831347,2.7486832586831347,1,0.6106261661277131,13.41,435.9996789746078
AMT,2014-05-06,OTHER,,0,2,pre,1,0.232808774860892,0.232808774860892,0,0.8787326800319979,13.29,36.85738745951326
AMT,2014-05-07,OTHER,,0,2,intraday,1,0.5071254957749042,0.5071254957749042,0,0.9333287295831387,13.8,80.24231616400088
AMT,2014-05-13,MA_CORPORATE_ACTION,MATERIAL_AGREEMENT,5,6,after,2,0.6428221389486556,0.6428221389486556,0,0.8934215620870758,12.23,101.14514989084387
AMT,2014-05-22,OTHER,,0,3,pre,1,-0.3684448467530876,0.3684448467530876,0,0.8930571541591525,11.91,-57.599272942597494
AMT,2014-06-17,OTHER,,0,2,after,1,-0.5318131805528006,0.5318131805528006,0,0.5639252023546744,12.65,-77.70996288729685
AMT,2014-07-30,EARNINGS_GUIDANCE,RESULTS,6,2,intraday,1,2.793385145857952,2.793385145857952,1,0.73268555197028,13.28,365.478235011324
AMT,2014-08-05,OTHER,,0,2,pre,1,0.5709690926940126,0.5709690926940126,0,1.3216699975367694,15.12,74.3532611368911
AMT,2014-08-08,MA_CORPORATE_ACTION,MATERIAL_AGREEMENT,5,3,pre,1,-0.37625646156343534,0.37625646156343534,0,1.3865598282585394,16.66,-48.85197583169274
AMT,2014-09-11,OTHER,,0,2,pre,1,-1.029878281858594,1.029878281858594,0,0.824269892393086,12.88,-125.26893936431094
AMT,2014-09-23,MA_CORPORATE_ACTION,MATERIAL_AGREEMENT,5,2,pre,1,-0.3722526803678623,0.3722526803678623,0,0.7952841008548968,13.69,-45.28118825825439
AMT,2014-10-30,EARNINGS_GUIDANCE,RESULTS,6,2,intraday,1,0.8783070275729017,0.8783070275729017,0,1.1735556441945507,15.15,101.73114041067639
AMT,2014-11-25,OTHER,,0,2,after,1,1.6670785852062813,1.6670785852062813,0,1.4239812766649407,12.62,189.61557688267328
AMT,2014-12-03,OTHER,,0,2,pre,1,-0.6214202935416648,0.6214202935416648,0,1.1082835522187129,12.85,-69.82545812604313
AMT,2014-12-19,MANAGEMENT_GOVERNANCE,OFFICER_CHANGE,5,2,pre,1,1.0968335701137861,1.0968335701137861,0,1.2530442096444099,16.809999,131.14044585894044
AMT,2015-01-13,OTHER,,0,2,pre,1,-1.0632042634938652,1.0632042634938652,0,1.2157039903096905,19.6,-124.66824260050961
AMT,2015-02-06,MA_CORPORATE_ACTION,MATERIAL_AGREEMENT,5,3,pre,1,-2.1522973254226194,2.1522973254226194,1,1.4975542646758644,16.85,-254.15786790618375
AMT,2015-02-12,OTHER,,0,2,pre,1,-0.5075966436033105,0.5075966436033105,0,1.9493352578895162,16.959999,-56.867018749122906
AMT,2015-02-24,EARNINGS_GUIDANCE,RESULTS,6,4,pre,2,0.251640975786289,0.251640975786289,0,1.7351121017034652,14.56,27.888357445245703
AMT,2015-02-25,OTHER,,0,2,after,1,3.9795109115751393,3.9795109115751393,1,1.8640619392547735,13.69,441.22292082523495
AMT,2015-02-27,OTHER,,0,2,after,1,0.20126953062792827,0.20126953062792827,0,2.1317214346164772,13.91,22.223534944478246
AMT,2015-03-04,MA_CORPORATE_ACTION,MATERIAL_AGREEMENT,5,7,after,2,0.988414064418139,0.988414064418139,0,2.0601532652289944,13.86,109.14998950132774
AMT,2015-03-10,MANAGEMENT_GOVERNANCE,OFFICER_CHANGE,5,3,pre,1,-0.7797585491988107,0.7797585491988107,0,1.697763307714343,15.06,-87.99494164415391
AMT,2015-03-30,MA_CORPORATE_ACTION,ACQUISITION_COMPLETED,6,4,intraday,1,-1.9180959963344277,1.9180959963344277,0,1.650672277494751,15.07,-228.36689669794401
AMT,2015-03-31,OTHER,,0,2,pre,1,0.9797784274891826,0.9797784274891826,0,1.6451602279531738,14.51,116.89470704884089
AMT,2015-04-15,OTHER,,0,2,pre,1,1.553499636780448,1.553499636780448,0,1.4556428678806137,13.67,199.21995924987894
AMT,2015-04-30,EARNINGS_GUIDANCE,RESULTS,6,2,intraday,1,-0.04860201449159725,0.04860201449159725,0,1.019724980774215,13.39,-6.0836312818591045
AMT,2015-05-05,OTHER,,0,2,pre,1,-0.498596159474893,0.498596159474893,0,1.0832681724949236,12.85,-63.26565321540942
AMT,2015-05-08,MA_CORPORATE_ACTION,MATERIAL_AGREEMENT,5,3,pre,1,-0.5114016218986246,0.5114016218986246,0,1.1151570307882523,15.13,-64.82574693491873
AMT,2015-06-02,MA_CORPORATE_ACTION,MATERIAL_AGREEMENT,5,3,after,1,-1.353255392253305,1.353255392253305,0,1.1666628407300468,13.97,-178.92222434302874
AMT,2015-06-12,MA_CORPORATE_ACTION,ACQUISITION_COMPLETED,6,2,pre,1,0.14107648614287382,0.14107648614287382,0,1.1913898351185335,12.85,19.054463497298904
AMT,2015-07-29,EARNINGS_GUIDANCE,RESULTS,6,2,intraday,1,-1.6479962044583065,1.6479962044583065,0,0.8810372799464299,13.44,-224.69960033921896
AMT,2015-09-11,OTHER,,0,2,pre,1,0.4109441479334208,0.4109441479334208,0,1.8487584259304999,24.370001,56.93926379875501
AMT,2015-10-20,MANAGEMENT_GOVERNANCE,OFFICER_CHANGE,5,2,pre,1,-0.05090855000716537,0.05090855000716537,0,1.3816305685977655,14.98,-6.999390568330323
AMT,2015-10-22,MA_CORPORATE_ACTION,MATERIAL_AGREEMENT,5,3,after,1,0.7088172608547048,0.7088172608547048,0,1.3315906923564769,16.700001,97.67702354307308
AMT,2015-10-29,EARNINGS_GUIDANCE,RESULTS,6,2,intraday,1,1.3383213915187417,1.3383213915187417,0,1.3893573015900753,14.33,183.69517765230222
AMT,2015-12-04,OTHER,,0,2,pre,1,-1.0122694312575382,1.0122694312575382,0,1.2034645266797612,18.110001,-139.3671935847981
AMT,2015-12-11,OTHER,,0,1,after,1,0.5246986270265843,0.5246986270265843,0,1.0389389018713415,19.34,72.56265851209278
AMT,2016-01-11,OTHER,,0,2,pre,1,-0.36332000037269757,0.36332000037269757,0,1.5013796838518423,27.01,-51.14996729546188
AMT,2016-01-13,MA_CORPORATE_ACTION,MATERIAL_AGREEMENT,5,3,pre,1,-1.1386180884118633,1.1386180884118633,0,1.436291702811192,22.469999,-159.14912727850304
AMT,2016-02-17,OTHER,,0,2,pre,1,0.06887054364259267,0.06887054364259267,0,2.156275979319642,24.110001,8.808150632638664
AMT,2016-02-29,EARNINGS_GUIDANCE,RESULTS,6,2,after,1,2.868547911839057,2.868547911839057,1,1.8288930403166297,19.809999,369.85037060666264
AMT,2016-03-04,MANAGEMENT_GOVERNANCE,OFFICER_CHANGE,5,1,pre,1,-0.042072405025908845,0.042072405025908845,0,1.9557537954411937,16.700001,-5.453379691561849
AMT,2016-03-10,OTHER,,0,2,pre,1,1.9003874597765815,1.9003874597765815,0,1.5060154171159694,18.34,245.3934073507802
AMT,2016-03-21,OTHER,,0,1,intraday,1,-0.4812334625194071,0.4812334625194071,0,1.5068805902233853,14.02,-60.91321757707539
AMT,2016-04-21,MA_CORPORATE_ACTION,ACQUISITION_COMPLETED,6,2,intraday,1,-0.07980558321851926,0.07980558321851926,0,0.9209259352938804,13.28,-10.277328623810364
AMT,2016-04-29,EARNINGS_GUIDANCE,RESULTS,6,2,intraday,1,0.7751273740256204,0.7751273740256204,0,1.0366313763653956,15.22,101.4503869789136
AMT,2016-05-11,OTHER,,0,2,pre,1,0.180833858745242,0.180833858745242,0,0.915224109769154,13.63,23.73234784860322
AMT,2016-05-16,MA_CORPORATE_ACTION,MATERIAL_AGREEMENT,5,3,pre,1,-0.35582355511767993,0.35582355511767993,0,0.9750539448654375,15.04,-46.64802582520118
AMT,2016-06-03,OTHER,,0,3,pre,1,0.2783260750563794,0.2783260750563794,0,0.8581538451009421,13.63,35.046658282679424
AMT,2016-06-20,OTHER,,0,2,pre,1,1.0359437939577225,1.0359437939577225,0,0.7552724324641374,19.41,132.46137132974565
AMT,2016-07-28,EARNINGS_GUIDANCE,RESULTS,6,2,intraday,1,-1.5648476072000448,1.5648476072000448,0,0.7771920242797404,12.83,-190.59973076720206
AMT,2016-09-19,OTHER,,0,2,pre,1,0.3834557988572829,0.3834557988572829,0,1.7237863039577597,15.37,47.68656089155716
AMT,2016-09-29,OTHER,,0,2,pre,1,0.5692538190111831,0.5692538190111831,0,1.889126454713926,12.39,70.11068803232138
AMT,2016-10-03,MA_CORPORATE_ACTION,MATERIAL_AGREEMENT,5,3,pre,1,-1.426918760780311,1.426918760780311,0,1.8735343516931455,13.29,-175.32010394503112
AMT,2016-10-27,EARNINGS_GUIDANCE,RESULTS,6,2,intraday,1,0.7841505916298595,0.7841505916298595,0,1.29866940847642,14.24,94.70906088971812
AMT,2016-11-10,OTHER,,0,1,pre,1,-2.7147432817560446,2.7147432817560446,1,1.8898860273987872,14.38,-331.4931330821971
AMT,2016-11-15,OTHER,,0,2,after,1,1.7305587833315825,1.7305587833315825,0,2.0995832472711875,14.48,213.1143415757668
AMT,2016-12-01,MA_CORPORATE_ACTION,MATERIAL_AGREEMENT,5,1,pre,1,0.42000034872515957,0.42000034872515957,0,2.3002329561618766,13.33,53.79124981529992
AMT,2016-12-09,OTHER,,0,2,pre,1,0.7019302954874018,0.7019302954874018,0,1.6496192069937785,12.64,90.04157817128264
AMT,2016-12-15,OTHER,,0,2,pre,1,-0.7293423578309027,0.7293423578309027,0,1.4932036795294301,13.19,-94.26809842399719
AMT,2016-12-20,OTHER,,0,2,after,1,-0.39279614460229795,0.39279614460229795,0,1.5112320200541791,11.71,-50.61385682561622
AMT,2017-01-12,OTHER,,0,2,pre,1,-0.1895657992833608,0.1895657992833608,0,0.5051478527050658,11.26,-29.222971592899924
AMT,2017-02-13,OTHER,,0,2,pre,1,0.2679254042521329,0.2679254042521329,0,0.7185274723027927,10.85,40.351937958703274
AMT,2017-02-28,EARNINGS_GUIDANCE,RESULTS,6,2,after,1,-0.2686636295068746,0.2686636295068746,0,0.7549813523967006,12.09,-39.586209530446546
AMT,2017-03-06,MANAGEMENT_GOVERNANCE,OFFICER_CHANGE,5,1,pre,1,-0.20038529764816257,0.20038529764816257,0,0.8130169123934186,10.96,-29.290268123679983
AMT,2017-03-15,MANAGEMENT_GOVERNANCE,OFFICER_CHANGE,5,3,pre,1,0.3566526974984708,0.3566526974984708,0,0.648465493904164,12.3,52.04371445068313
AMT,2017-03-22,OTHER,,0,4,after,2,1.3024273259521806,1.3024273259521806,0,0.6646152185008272,12.47,190.04939098523826
AMT,2017-03-31,OTHER,,0,2,pre,1,0.42526896111437074,0.42526896111437074,0,0.5891929576468926,11.54,62.352372506053364
AMT,2017-04-07,MA_CORPORATE_ACTION,MATERIAL_AGREEMENT,5,3,pre,1,0.7134021157922276,0.7134021157922276,0,0.46482972742105017,12.39,104.33629726326905
AMT,2017-04-27,EARNINGS_GUIDANCE,RESULTS,6,2,intraday,1,1.841522999898311,1.841522999898311,0,0.44991962378880385,10.85,270.4565589189574
AMT,2017-05-03,OTHER,,0,2,pre,1,-0.23458522617172645,0.23458522617172645,0,0.691956726143536,10.59,-34.681200437172926
AMT,2017-06-02,OTHER,,0,3,pre,1,-0.22683542639144413,0.22683542639144413,0,0.8763457112106788,9.89,-33.44248181413031
AMT,2017-06-15,MANAGEMENT_GOVERNANCE,OFFICER_CHANGE,5,2,after,1,1.1897497766764242,1.1897497766764242,0,0.719884182315319,10.64,175.9514605057937
AMT,2017-06-28,OTHER,,0,2,pre,1,-1.4632794653125343,1.4632794653125343,0,0.7499904829373346,11.06,-215.04970895501415
AMT,2017-07-27,EARNINGS_GUIDANCE,RESULTS,6,2,intraday,1,0.32466362832444123,0.32466362832444123,0,0.8644018320775607,9.6,49.12852127303542
AMT,2017-08-01,OTHER,,0,2,pre,1,0.6844098638554627,0.6844098638554627,0,1.1295072478240602,10.26,103.61949462738386
AMT,2017-09-13,OTHER,,0,2,after,1,-0.9729540810907645,0.9729540810907645,0,0.7836591104736409,10.58,-147.49526429215035
AMT,2017-10-10,OTHER,,0,2,intraday,1,-0.17161421795523843,0.17161421795523843,0,0.9638258776076438,10.33,-25.392217974381886
AMT,2017-10-31,EARNINGS_GUIDANCE,RESULTS,6,2,intraday,1,-1.4011533453937064,1.4011533453937064,0,1.0170373264215955,10.5,-177.26826299157344
AMT,2017-11-14,OTHER,,0,3,after,1,-0.4867737462782499,0.4867737462782499,0,1.7052520379807072,11.5,-62.37566056667696
AMT,2017-12-06,OTHER,,0,2,pre,1,1.7365202880857344,1.7365202880857344,0,1.2789387600963273,11.33,210.8648598657146
AMT,2017-12-08,OTHER,,0,2,after,1,-0.3580575185248025,0.3580575185248025,0,1.3412408891385512,10.16,-43.56072696277786
AMT,2017-12-11,MA_CORPORATE_ACTION,MATERIAL_AGREEMENT,5,3,pre,1,0.3562778380171794,0.3562778380171794,0,1.3515745299681117,9.58,43.344177174497986
AMT,2017-12-18,MA_CORPORATE_ACTION,MATERIAL_AGREEMENT,5,1,pre,1,-0.6952411221807192,0.6952411221807192,0,1.309806791865893,9.42,-87.68661659187612
AMT,2018-01-24,OTHER,,0,2,pre,1,0.7080665143707047,0.7080665143707047,0,1.2653831048587216,11.1,101.57354578308858
AMT,2018-02-28,EARNINGS_GUIDANCE,RESULTS,6,2,after,1,-2.385982357733432,2.385982357733432,1,1.6652779731169025,18.59,-352.52994112494815
AMT,2018-03-06,MANAGEMENT_GOVERNANCE,OFFICER_CHANGE,5,1,pre,1,1.4479259400161009,1.4479259400161009,0,1.7214902891315131,18.73,215.68699985796803
AMT,2018-03-09,OTHER,,0,2,pre,1,0.7616062415166533,0.7616062415166533,0,1.409620293257471,16.540001,113.40742256284399
AMT,2018-03-28,OTHER,,0,2,intraday,1,0.08582790754822027,0.08582790754822027,0,1.2433749002058891,22.5,13.316634922987504
AMT,2018-04-30,OTHER,,0,2,intraday,1,0.12528362609175106,0.12528362609175106,0,1.2008019081227923,15.41,20.113641229439605
AMT,2018-05-01,EARNINGS_GUIDANCE,RESULTS,6,2,intraday,1,0.2133045366157356,0.2133045366157356,0,1.1926939858748866,15.93,34.1683457063977
AMT,2018-05-16,OTHER,,0,2,pre,1,-0.04076221549791211,0.04076221549791211,0,0.8338675552413334,14.63,-6.564969875643982
AMT,2018-05-23,MA_CORPORATE_ACTION,MATERIAL_AGREEMENT,5,3,pre,1,-0.7305557481228153,0.7305557481228153,0,0.6711851922186112,13.22,-121.89219088599778
AMT,2018-07-31,EARNINGS_GUIDANCE,RESULTS,6,5,intraday,2,3.035373002334689,3.035373002334689,1,0.7647649392982717,14.26,501.84715084727213
AMT,2018-08-21,OTHER,,0,1,pre,1,-1.05183572676182,1.05183572676182,0,0.9601381994337469,12.49,-176.2680508588669
AMT,2018-09-10,OTHER,,0,2,after,1,0.06393769522154842,0.06393769522154842,0,0.5354301366701943,14.88,10.485917242345575
AMT,2018-09-18,MANAGEMENT_GOVERNANCE,OFFICER_CHANGE,5,3,after,1,-0.2626747629144384,0.2626747629144384,0,0.56950787230413,13.68,-44.27747161609881
AMT,2018-10-30,EARNINGS_GUIDANCE,RESULTS,6,2,intraday,1,0.5259204364399938,0.5259204364399938,0,1.276404225249934,24.700001,81.61284422010112
AMT,2018-11-29,MA_CORPORATE_ACTION,MATERIAL_AGREEMENT,5,1,pre,1,0.8875336370213743,0.8875336370213743,0,1.204386747544055,18.49,133.42362618166658
AMT,2018-12-07,OTHER,,0,2,after,1,0.05883377083656299,0.05883377083656299,0,1.0348346922424072,21.190001,9.030002041550098
AMT,2019-02-28,EARNINGS_GUIDANCE,RESULTS,6,2,after,1,1.507409638917456,1.507409638917456,0,0.7419889621367156,14.7,243.66291687395827
AMT,2019-03-05,MANAGEMENT_GOVERNANCE,OFFICER_CHANGE,5,1,pre,1,0.7592958564693653,0.7592958564693653,0,0.7282078267536826,14.63,122.98111281319956
AMT,2019-03-08,OTHER,,0,2,pre,1,0.8196918231406384,0.8196918231406384,0,0.6450632627776572,16.59,130.70333467725294
AMT,2019-03-13,OTHER,,0,2,pre,1,0.5394387849215448,0.5394387849215448,0,0.7181633784220096,13.77,86.07554218951465
AMT,2019-03-18,MA_CORPORATE_ACTION,MATERIAL_AGREEMENT,5,3,pre,1,0.15264630756670086,0.15264630756670086,0,0.6804180790346903,12.88,24.447861805640205
AMT,2019-03-22,OTHER,,0,2,pre,1,0.6677103196311577,0.6677103196311577,0,0.6721881389256467,13.63,106.31350766383478
AMT,2019-04-23,OTHER,,0,2,pre,1,-0.01667135740783441,0.01667135740783441,0,0.9408657119950772,12.42,-2.5214001108746005
AMT,2019-05-03,EARNINGS_GUIDANCE,RESULTS,6,2,intraday,1,-0.552940090735361,0.552940090735361,0,0.8076976138485772,14.42,-83.26956617377827
AMT,2019-05-20,MANAGEMENT_GOVERNANCE,OFFICER_CHANGE,5,1,pre,1,-1.625340789692409,1.625340789692409,0,0.7145452608669947,15.96,-249.7975208107596
AMT,2019-05-23,OTHER,,0,3,pre,1,0.7981929590027453,0.7981929590027453,0,0.8693664356541317,14.75,122.25422135668701
AMT,2019-05-31,MA_CORPORATE_ACTION,MATERIAL_AGREEMENT,5,3,after,1,1.6697330306063503,1.6697330306063503,0,0.9070508754584312,17.299999,251.51763585079308
AMT,2019-06-11,OTHER,,0,2,pre,1,0.4079382518189623,0.4079382518189623,0,1.0309183932631931,15.94,61.537567314510525
AMT,2019-06-14,MA_CORPORATE_ACTION,MATERIAL_AGREEMENT,5,3,pre,1,1.4488200762935248,1.4488200762935248,0,1.0783890054156218,15.82,219.75176111046045
AMT,2019-07-29,OTHER,,0,1,pre,1,1.1814296277563021,1.1814296277563021,0,0.8828072237847581,12.16,178.07154894363694
AMT,2019-07-31,EARNINGS_GUIDANCE,RESULTS,6,2,intraday,1,1.0642688529447055,1.0642688529447055,0,0.8366331587842228,13.94,160.85465399619275
AMT,2019-08-07,OTHER,,0,2,pre,1,0.5710762258433904,0.5710762258433904,0,0.8434808894024695,20.17,86.69954654358092
AMT,2019-09-04,OTHER,,0,2,after,1,-1.278684311451493,1.278684311451493,0,0.784435580419269,19.66,-199.76194967544853
AMT,2019-09-17,MANAGEMENT_GOVERNANCE,OFFICER_CHANGE,5,3,after,1,1.1002624386390742,1.1002624386390742,0,1.5029278119387364,14.67,173.19754899441165
AMT,2019-10-01,OTHER,,0,2,pre,1,-0.08292819240659692,0.08292819240659692,0,1.6587430722876402,16.24,-13.002842054639116
AMT,2019-10-04,MA_CORPORATE_ACTION,MATERIAL_AGREEMENT,5,3,pre,1,-0.016646521067006054,0.016646521067006054,0,1.5946815631896314,19.120001,-2.601348045486625
AMT,2019-10-31,EARNINGS_GUIDANCE,RESULTS,6,2,intraday,1,-0.7742959028633907,0.7742959028633907,0,1.266912621171858,12.33,-119.41750544104967
AMT,2019-12-13,MANAGEMENT_GOVERNANCE,OFFICER_CHANGE,5,3,pre,1,1.5317885739109516,1.5317885739109516,0,1.0518696965432761,13.94,238.3484790226193
AMT,2019-12-17,OTHER,,0,2,pre,1,0.5300007603227667,0.5300007603227667,0,1.1018949038944224,12.14,83.60879490758214
AMT,2019-12-23,MA_CORPORATE_ACTION,MATERIAL_AGREEMENT,5,2,pre,1,-0.32699281015345333,0.32699281015345333,0,1.2602764390579029,12.51,-52.11612443687762
AMT,2020-01-03,OTHER,,0,2,after,1,-0.07762170250350707,0.07762170250350707,0,1.1190848939329767,12.47,-12.49766694561117
AMT,2020-01-08,OTHER,,0,2,pre,1,0.5062506608617848,0.5062506608617848,0,1.1701448882957595,13.79,82.37222541690215
AMT,2020-01-13,MA_CORPORATE_ACTION,MATERIAL_AGREEMENT,5,3,pre,1,0.6539125167507241,0.6539125167507241,0,1.1568551316116016,12.56,106.7248625400107
AMT,2020-01-16,OTHER,,0,2,pre,1,-0.7410714352931026,0.7410714352931026,0,0.9818450429042406,12.42,-121.98834927142494
AMT,2020-02-26,EARNINGS_GUIDANCE,RESULTS,6,2,after,1,-2.800774001312936,2.800774001312936,1,1.1557809587728507,27.85,-479.3536209675335
AMT,2020-03-03,MANAGEMENT_GOVERNANCE,OFFICER_CHANGE,5,1,pre,1,2.3514527695162872,2.3514527695162872,1,1.8455910925555783,33.419998,404.9610313355249
AMT,2020-03-16,MANAGEMENT_GOVERNANCE,OFFICER_CHANGE,5,4,intraday,2,-2.272102467666796,2.272102467666796,1,3.3147088889870266,57.830002,-393.02344913014457
AMT,2020-04-06,MA_CORPORATE_ACTION,MATERIAL_AGREEMENT,5,2,pre,1,0.3545028973114997,0.3545028973114997,0,5.8913111581768645,46.799999,62.522572306631105
AMT,2020-04-17,MANAGEMENT_GOVERNANCE,OFFICER_CHANGE,5,2,pre,1,-0.9663453979804939,0.9663453979804939,0,4.192779488809969,40.110001,-181.24768700516464
AMT,2020-04-29,EARNINGS_GUIDANCE,RESULTS,6,2,intraday,1,-1.7968706322607346,1.7968706322607346,0,2.440623121715447,33.57,-395.79491466401805
AMT,2020-05-12,OTHER,,0,2,pre,1,0.18928596091397717,0.18928596091397717,0,1.1973690652450304,27.57,45.87770824332687
AMT,2020-05-20,OTHER,,0,3,pre,1,-0.7523148269986787,0.7523148269986787,0,1.1187244168597663,30.530001,-186.98622981381547
AMT,2020-06-03,OTHER,,0,2,after,1,-1.0622293700646475,1.0622293700646475,0,1.180801590911342,26.84,-271.65607777106385
AMT,2020-06-04,MA_CORPORATE_ACTION,MATERIAL_AGREEMENT,5,3,pre,1,-1.3307124871643832,1.3307124871643832,0,1.1587805734947947,25.66,-341.4310573889073
AMT,2020-06-05,OTHER,,0,2,pre,1,-0.47316164283800516,0.47316164283800516,0,1.2272503049377825,25.809999,-121.69220882921445
AMT,2020-07-07,OTHER,,0,2,pre,1,-0.1346822357731466,0.1346822357731466,0,1.2149608617865872,27.940001,-36.50073067403248
AMT,2020-07-27,OTHER,,0,2,after,1,1.4049403457121443,1.4049403457121443,0,0.7039083315451279,25.84,381.03500006919944
AMT,2020-07-30,EARNINGS_GUIDANCE,RESULTS,6,2,intraday,1,-1.5711102982120566,1.5711102982120566,0,0.6258454390899016,24.1,-423.84482036809294
AMT,2020-08-06,MA_CORPORATE_ACTION,MATERIAL_AGREEMENT,5,2,pre,1,0.034000936288414114,0.034000936288414114,0,0.7779770309209018,22.99,9.242100566228105
AMT,2020-09-03,OTHER,,0,2,pre,1,0.6493086424143393,0.6493086424143393,0,0.7706473859534076,26.57,171.4613712156147
AMT,2020-09-11,MA_CORPORATE_ACTION,MATERIAL_AGREEMENT,5,4,pre,1,0.26136625084431686,0.26136625084431686,0,0.7601048543799979,29.709999,69.412123160504
AMT,2020-09-16,OTHER,,0,2,after,1,-1.4413754439317608,1.4413754439317608,0,0.8995354112915149,25.59,-384.4752533205913
AMT,2020-09-24,OTHER,,0,2,intraday,1,0.10953487331974088,0.10953487331974088,0,1.103863933131055,28.58,29.38998014974131
AMT,2020-09-29,MA_CORPORATE_ACTION,MATERIAL_AGREEMENT,5,4,pre,1,0.1825941375854814,0.1825941375854814,0,1.1342332284064875,26.190001,48.84004545968488
AMT,2020-10-29,EARNINGS_GUIDANCE,RESULTS,6,2,intraday,1,-0.12511970011604326,0.12511970011604326,0,0.6335099335843475,40.279999,-32.88799571775067
AMT,2020-11-06,MA_CORPORATE_ACTION,MATERIAL_AGREEMENT,5,3,after,1,-0.8160854669004785,0.8160854669004785,0,0.6946567806439828,27.58,-216.3830752397462
AMT,2020-11-09,MANAGEMENT_GOVERNANCE,OFFICER_CHANGE,5,1,after,1,-2.028275300229531,2.028275300229531,1,0.7035911372636303,24.860001,-536.450293325014
AMT,2020-11-18,OTHER,,0,2,pre,1,0.15972521708926984,0.15972521708926984,0,0.8039526048870368,22.709999,42.02523749959486
AMT,2020-11-23,MA_CORPORATE_ACTION,MATERIAL_AGREEMENT,5,3,pre,1,-1.6437813003268964,1.6437813003268964,0,0.7930149565858525,23.700001,-432.4444816993231
AMT,2020-12-04,OTHER,,0,2,pre,1,-0.5890185754702012,0.5890185754702012,0,0.9076680015716804,21.280001,-154.19435429517264
AMT,2021-01-14,MA_CORPORATE_ACTION,MATERIAL_AGREEMENT,5,4,after,1,1.039008389968306,1.039008389968306,0,0.7827566539346873,22.209999,276.7618470667144
AMT,2021-01-20,MANAGEMENT_GOVERNANCE,OFFICER_CHANGE,5,2,after,1,0.40479138035328577,0.40479138035328577,0,0.8634668007868765,23.24,108.10651407085643
AMT,2021-02-11,MA_CORPORATE_ACTION,MATERIAL_AGREEMENT,5,3,pre,1,-0.9172961530769476,0.9172961530769476,0,0.7559616894668627,21.99,-237.55502105098148
AMT,2021-02-26,EARNINGS_GUIDANCE,RESULTS,6,2,after,1,-2.651502760693487,2.651502760693487,1,0.6195787117812912,28.889999,-670.0118132575416
AMT,2021-03-04,MANAGEMENT_GOVERNANCE,OFFICER_CHANGE,5,1,pre,1,-0.6652843621455384,0.6652843621455384,0,0.7162068822560608,26.67,-163.97718192208487
AMT,2021-03-05,OTHER,,0,2,pre,1,-0.9309636937919002,0.9309636937919002,0,0.7193523580295388,28.57,-226.67977827859926
AMT,2021-03-12,OTHER,,0,2,pre,1,0.7461824501976082,0.7461824501976082,0,1.124295815942489,21.91,169.80566903276915
AMT,2021-03-16,OTHER,,0,2,after,1,0.9552902103310913,0.9552902103310913,0,1.1293757832561353,20.030001,217.18681227594138
AMT,2021-03-25,OTHER,,0,2,pre,1,1.7564728075479517,1.7564728075479517,0,1.2951998289101572,21.200001,362.85369046547174
AMT,2021-03-30,MA_CORPORATE_ACTION,MATERIAL_AGREEMENT,5,3,pre,1,-0.4518240685489255,0.4518240685489255,0,1.3287258703979095,20.74,-92.4406528646629
AMT,2021-04-29,EARNINGS_GUIDANCE,RESULTS,6,2,intraday,1,0.6839570957265864,0.6839570957265864,0,0.5909592582113792,17.280001,139.95898015455958
AMT,2021-05-05,OTHER,,0,3,intraday,1,-1.18319143051421,1.18319143051421,0,0.6783682087959675,19.48,-243.1027684434803
AMT,2021-05-07,OTHER,,0,2,after,1,1.1035865600004193,1.1035865600004193,0,0.700787386178237,18.389999,226.54650885552226
AMT,2021-05-11,MA_CORPORATE_ACTION,MATERIAL_AGREEMENT,5,3,pre,1,-0.02806309604987652,0.02806309604987652,0,0.7345811508766524,19.66,-5.61156359430999
AMT,2021-05-19,OTHER,,0,2,pre,1,0.7217895354010847,0.7217895354010847,0,0.7198047816022058,21.34,142.1724071640666
AMT,2021-05-24,MA_CORPORATE_ACTION,MATERIAL_AGREEMENT,5,4,pre,1,0.51013655422566,0.51013655422566,0,0.7738158441390258,20.15,100.08772340603822
AMT,2021-06-03,OTHER,,0,2,intraday,1,0.36014984024406355,0.36014984024406355,0,0.7591978835259806,17.48,71.12622955350544
AMT,2021-06-16,OTHER,,0,3,intraday,1,0.39335084069155724,0.39335084069155724,0,0.5944642179840905,17.02,75.74160613359905
AMT,2021-07-29,EARNINGS_GUIDANCE,RESULTS,6,2,intraday,1,-0.3455981370262515,0.3455981370262515,0,0.49372127796045645,18.309999,-63.00141777081335
AMT,2021-08-17,OTHER,,0,2,after,1,0.7489522020843232,0.7489522020843232,0,0.5982241576151425,16.120001,136.0617596783462
AMT,2021-09-15,OTHER,,0,1,after,1,-0.09487644724632648,0.09487644724632648,0,1.0027305157990833,19.459999,-16.188701928158135
AMT,2021-09-17,OTHER,,0,2,pre,1,-0.2513855467729684,0.2513855467729684,0,0.9026622797061995,18.690001,-42.99586582214824
AMT,2021-09-24,OTHER,,0,2,pre,1,-2.5586356483761463,2.5586356483761463,1,0.9659033628655966,18.629999,-439.0368104399047
AMT,2021-09-28,MA_CORPORATE_ACTION,MATERIAL_AGREEMENT,5,3,pre,1,-0.18945016680548207,0.18945016680548207,0,1.0390577693636538,18.76,-32.5476231966928
AMT,2021-09-30,OTHER,,0,2,pre,1,-0.74177394342532,0.74177394342532,0,0.9942556993827164,22.559999,-127.35091524714264
AMT,2021-10-06,MA_CORPORATE_ACTION,MATERIAL_AGREEMENT,5,4,pre,1,-0.10436925130526852,0.10436925130526852,0,0.9264186370453293,21.299999,-18.015605375868958
AMT,2021-10-19,OTHER,,0,2,pre,1,1.2702275334564364,1.2702275334564364,0,0.9515506425013844,16.309999,218.93814018181683
AMT,2021-10-26,OTHER,,0,2,after,1,0.2587399128289421,0.2587399128289421,0,0.9090819239579125,15.24,44.60879136455554
AMT,2021-10-28,EARNINGS_GUIDANCE,RESULTS,6,2,intraday,1,-1.1966585156805731,1.1966585156805731,0,0.8448604724077114,16.98,-203.23625458887946
AMT,2021-11-16,MA_CORPORATE_ACTION,MATERIAL_AGREEMENT,5,4,after,1,-0.7703001107207904,0.7703001107207904,0,1.1333520038172475,16.49,-129.1229865718396
AMT,2021-12-09,MA_CORPORATE_ACTION,MATERIAL_AGREEMENT,5,3,pre,1,-0.9214427366766837,0.9214427366766837,0,1.4486180512166051,19.9,-151.71108610920382
AMT,2021-12-17,MANAGEMENT_GOVERNANCE,OFFICER_CHANGE,5,3,after,1,0.4945921714912657,0.4945921714912657,0,1.1995598637211338,20.57,81.34148485117392
AMT,2021-12-29,MA_CORPORATE_ACTION,ACQUISITION_COMPLETED,6,3,pre,1,0.5677765367187877,0.5677765367187877,0,1.0467808880427183,17.540001,93.38065460022153
AMT,2022-02-25,EARNINGS_GUIDANCE,RESULTS,6,2,after,1,-2.15432785062324,2.15432785062324,1,1.4943998701771093,30.32,-346.3338544191866
AMT,2022-03-02,MANAGEMENT_GOVERNANCE,OFFICER_CHANGE,5,1,pre,1,1.2516180022333712,1.2516180022333712,0,1.2315835357532119,33.32,201.43371250666874
AMT,2022-03-14,MANAGEMENT_GOVERNANCE,OFFICER_CHANGE,5,3,after,1,-0.19941208683221928,0.19941208683221928,0,1.2983091364290362,30.75,-32.25587036424381
AMT,2022-03-30,OTHER,,0,4,after,2,1.1831487582056541,1.1831487582056541,0,1.3270463647472615,18.9,191.9535039604535
AMT,2022-04-04,MA_CORPORATE_ACTION,MATERIAL_AGREEMENT,5,3,pre,1,1.6908644473130066,1.6908644473130066,0,1.338579022315968,19.629999,273.1499845947221
AMT,2022-04-27,EARNINGS_GUIDANCE,RESULTS,6,2,intraday,1,-1.7206682607311097,1.7206682607311097,0,1.3166257064856721,33.52,-282.3152101023075
AMT,2022-05-20,MANAGEMENT_GOVERNANCE,OFFICER_CHANGE,5,4,pre,1,3.208848439438245,3.208848439438245,1,1.6853465385228836,29.35,556.8134748002993
AMT,2022-05-24,OTHER,,0,2,after,1,2.4685593578237834,2.4685593578237834,1,1.9614461034244364,28.48,427.21342087038477
AMT,2022-06-02,OTHER,,0,1,intraday,1,3.0342007610973125,3.0342007610973125,1,1.9492040196072913,25.690001,536.3047940950931
AMT,2022-06-03,OTHER,,0,2,intraday,1,1.5860100489226772,1.5860100489226772,0,2.019518061216453,24.719999,279.3424886493649
AMT,2022-06-08,MA_CORPORATE_ACTION,MATERIAL_AGREEMENT,5,3,pre,1,-0.011613648159029637,0.011613648159029637,0,1.5153408053332782,24.02,-2.048039877880865
AMT,2022-07-12,OTHER,,0,3,after,1,0.07346624504172419,0.07346624504172419,0,1.1766607718361106,26.17,14.575526867893146
AMT,2022-07-22,OTHER,,0,2,after,1,0.641561601931265,0.641561601931265,0,1.1462230213592963,23.110001,129.45624001910147
AMT,2022-07-28,EARNINGS_GUIDANCE,RESULTS,6,2,intraday,1,1.4335704374836982,1.4335704374836982,0,1.0679267084183643,23.24,292.9627700458185
AMT,2022-08-09,OTHER,,0,1,pre,1,0.30172554005837987,0.30172554005837987,0,1.155381507342343,21.290001,61.9561234385008
AMT,2022-08-12,MA_CORPORATE_ACTION,AGREEMENT_TERMINATED,5,1,pre,1,0.6284518228463071,0.6284518228463071,0,1.1751960414929348,20.200001,129.12967947565562
AMT,2022-09-01,OTHER,,0,2,after,1,-0.3123837657647385,0.3123837657647385,0,0.8332209451982586,25.870001,-65.10040976224037
AMT,2022-09-22,OTHER,,0,2,intraday,1,-0.30446270495748773,0.30446270495748773,0,1.2750441813639797,27.99,-64.08648978760178
AMT,2022-10-04,MANAGEMENT_GOVERNANCE,OFFICER_CHANGE,5,3,pre,1,-1.5883593481284446,1.5883593481284446,0,1.2390152400285206,30.1,-334.27173006822574
AMT,2022-10-27,EARNINGS_GUIDANCE,RESULTS,6,2,intraday,1,1.2389858693378326,1.2389858693378326,0,1.8209860944473466,27.280001,262.74516406038504
AMT,2022-12-09,OTHER,,0,2,after,1,0.6126221070266874,0.6126221070266874,0,0.9665963245825758,22.290001,137.97320445131683
AMT,2023-02-24,EARNINGS_GUIDANCE,RESULTS,6,2,after,1,-1.2947630451526853,1.2947630451526853,0,0.8587040095044892,21.139999,-288.2549323201249
AMT,2023-03-02,OTHER,,0,2,after,1,0.8075471785867316,0.8075471785867316,0,0.8304594425379406,20.58,179.85712905030638
AMT,2023-03-03,MANAGEMENT_GOVERNANCE,OFFICER_CHANGE,5,1,pre,1,-0.39791603058410546,0.39791603058410546,0,0.876943536794581,19.59,-88.4963853497633
AMT,2023-03-06,MA_CORPORATE_ACTION,MATERIAL_AGREEMENT,5,3,pre,1,-1.7386446940779667,1.7386446940779667,0,0.9414199037795693,18.49,-387.4420854265524
AMT,2023-03-09,OTHER,,0,2,pre,1,0.20100271736991987,0.20100271736991987,0,1.0899502493700048,19.110001,45.26963090075824
AMT,2023-03-10,MANAGEMENT_GOVERNANCE,OFFICER_CHANGE,5,3,after,1,1.7674425357470267,1.7674425357470267,0,1.1149059246767352,22.610001,397.9176050503873
AMT,2023-03-14,MA_CORPORATE_ACTION,MATERIAL_AGREEMENT,5,2,pre,1,0.9730808402626165,0.9730808402626165,0,1.1944725553536177,26.52,218.10907181366906
AMT,2023-04-03,MANAGEMENT_GOVERNANCE,OFFICER_CHANGE,5,1,pre,1,-0.0610308688182439,0.0610308688182439,0,1.3909069051124154,18.700001,-13.34942602824539
AMT,2023-04-26,EARNINGS_GUIDANCE,RESULTS,6,2,intraday,1,0.29769744532423453,0.29769744532423453,0,0.7809779006579901,18.76,64.39405742742234
AMT,2023-05-10,OTHER,,0,2,pre,1,0.5467869779119569,0.5467869779119569,0,0.8513558002078828,17.709999,115.99073917108468
AMT,2023-05-17,MA_CORPORATE_ACTION,MATERIAL_AGREEMENT,5,3,pre,1,-0.8683555644406208,0.8683555644406208,0,1.0184284036350086,17.99,-182.28646623656195
AMT,2023-05-23,OTHER,,0,2,pre,1,-1.5832971482192062,1.5832971482192062,0,1.1357131024766955,17.209999,-328.484150095673
AMT,2023-06-30,MA_CORPORATE_ACTION,MATERIAL_AGREEMENT,5,3,pre,1,0.16488426446110988,0.16488426446110988,0,0.7609347077660585,13.54,34.30667469230064
AMT,2023-07-21,OTHER,,0,2,after,1,1.6142073027151789,1.6142073027151789,0,1.0084620211455984,13.99,325.64793036605147
AMT,2023-07-27,EARNINGS_GUIDANCE,RESULTS,6,2,intraday,1,-0.2091577576409175,0.2091577576409175,0,1.1613401013503197,13.19,-42.101984001123164
AMT,2023-09-13,OTHER,,0,2,pre,1,0.2113163278027786,0.2113163278027786,0,0.9193168702689976,14.23,44.718612132360526
AMT,2023-09-18,MA_CORPORATE_ACTION,MATERIAL_AGREEMENT,5,3,pre,1,-0.4799295109876338,0.4799295109876338,0,0.7560303728922524,13.79,-101.28309913938693
AMT,2023-09-21,OTHER,,0,2,pre,1,-2.010471765162619,2.010471765162619,1,0.7512710818927076,15.14,-423.52442717715195
AMT,2023-10-26,EARNINGS_GUIDANCE,RESULTS,6,2,intraday,1,4.048731825183651,4.048731825183651,1,1.2318289956753,20.190001,805.2111485027058
AMT,2023-12-15,OTHER,,0,3,after,1,-0.36425209915227663,0.36425209915227663,0,0.7035743859376622,12.48,-79.84713960694123
AMT,2024-01-08,OTHER,,0,2,after,1,-0.9489255040827159,0.9489255040827159,0,0.6553259640388024,13.35,-209.3892979276863
AMT,2024-02-08,MANAGEMENT_GOVERNANCE,OFFICER_CHANGE,5,1,pre,1,-0.03595660221852899,0.03595660221852899,0,0.8846807932583103,12.83,-7.842538541184998
AMT,2024-02-28,EARNINGS_GUIDANCE,RESULTS,6,2,after,1,2.910035742378748,2.910035742378748,1,0.7443004850795567,13.43,626.2371797040652
AMT,2024-03-04,MANAGEMENT_GOVERNANCE,OFFICER_CHANGE,5,1,pre,1,1.3757466687114372,1.3757466687114372,0,0.9623474248471309,13.11,295.85870128749457
AMT,2024-03-05,OTHER,,0,2,pre,1,0.25678308457445675,0.25678308457445675,0,0.9310283437805581,13.49,55.209680620572875
AMT,2024-03-08,MA_CORPORATE_ACTION,MATERIAL_AGREEMENT,5,3,pre,1,0.8168849060315101,0.8168849060315101,0,0.9349199476983415,14.44,175.52173128277087
AMT,2024-03-15,MANAGEMENT_GOVERNANCE,OFFICER_CHANGE,5,3,pre,1,-0.6653394542992846,0.6653394542992846,0,0.9744939140719859,14.4,-139.64098244989887
AMT,2024-04-30,EARNINGS_GUIDANCE,RESULTS,6,2,intraday,1,1.266934149809812,1.266934149809812,0,1.1156887774620785,14.67,270.7652218680557
AMT,2024-05-23,OTHER,,0,2,pre,1,-1.2139017331915982,1.2139017331915982,0,0.9938369564116338,12.29,-261.9475067882732
AMT,2024-05-30,MA_CORPORATE_ACTION,MATERIAL_AGREEMENT,5,3,pre,1,2.5205275022429574,2.5205275022429574,1,0.9491849910515106,14.28,549.4899820708105
AMT,2024-07-30,EARNINGS_GUIDANCE,RESULTS,6,2,intraday,1,0.7960468649375617,0.7960468649375617,0,0.9012865666707097,16.6,174.2064057448844
AMT,2024-09-12,OTHER,,0,2,intraday,1,-0.48769190654747063,0.48769190654747063,0,0.7492012787327312,17.690001,-109.65724525485851
AMT,2024-09-13,OTHER,,0,2,pre,1,0.3424725602330211,0.3424725602330211,0,0.6526414060158376,17.07,78.05084508152808
AMT,2024-10-29,EARNINGS_GUIDANCE,RESULTS,6,2,intraday,1,-1.9957617878589513,1.9957617878589513,0,0.9320905016686473,19.799999,-416.5828456170862
AMT,2024-11-01,MANAGEMENT_GOVERNANCE,OFFICER_CHANGE,5,1,pre,1,-0.39773394004255896,0.39773394004255896,0,1.1399914120311077,23.16,-80.78243918567199
AMT,2024-11-20,OTHER,,0,2,after,1,0.35561008444109354,0.35561008444109354,0,1.5839543530795264,16.35,72.28509307586525
AMT,2024-11-22,MA_CORPORATE_ACTION,MATERIAL_AGREEMENT,5,3,pre,1,1.0906248783490076,1.0906248783490076,0,1.5413264535419842,16.870001,222.36464305300538
AMT,2024-12-06,OTHER,,0,2,pre,1,-0.03382339099216274,0.03382339099216274,0,0.7499812845670787,13.54,-6.996049639776785
AMT,2025-01-29,MA_CORPORATE_ACTION,MATERIAL_AGREEMENT,5,2,pre,1,-0.2797541077716948,0.2797541077716948,0,1.298706836435693,16.41,-62.77135325564063
AMT,2025-02-06,MANAGEMENT_GOVERNANCE,OFFICER_CHANGE,5,2,pre,1,0.32026471457804007,0.32026471457804007,0,1.2477475703019079,15.77,73.66216818208106
AMT,2025-02-26,EARNINGS_GUIDANCE,RESULTS,6,2,after,1,0.09945030192999144,0.09945030192999144,0,1.0733717697620553,19.43,22.700773153344763
AMT,2025-03-06,MANAGEMENT_GOVERNANCE,OFFICER_CHANGE,5,1,after,1,0.7325973942506872,0.7325973942506872,0,1.0437477294270041,21.93,172.5638209795164
AMT,2025-03-07,OTHER,,0,2,pre,1,1.2553097058084404,1.2553097058084404,0,1.058221810427849,24.870001,295.4887526064508
AMT,2025-03-12,OTHER,,0,2,pre,1,-0.42204576452504466,0.42204576452504466,0,1.0921267902469454,26.92,-101.01918700124772
AMT,2025-03-17,MA_CORPORATE_ACTION,MATERIAL_AGREEMENT,5,3,pre,1,0.7680098039546517,0.7680098039546517,0,1.0699274785202573,21.77,184.0604325352139
AMT,2025-03-21,MANAGEMENT_GOVERNANCE,OFFICER_CHANGE,5,1,pre,1,-0.2790824273183863,0.2790824273183863,0,1.0009850981346387,19.799999,-66.83982659921908
AMT,2025-04-29,EARNINGS_GUIDANCE,RESULTS,6,2,intraday,1,2.6958610441684288,2.6958610441684288,1,1.3770878015167898,25.15,637.9337481526508
AMT,2025-05-16,OTHER,,0,3,pre,1,0.6667755650788024,0.6667755650788024,0,1.3858119595891143,17.83,155.1040718563522
AMT,2025-05-22,OTHER,,0,2,pre,1,-0.4131384837714477,0.4131384837714477,0,1.1674501813414169,20.870001,-100.43321402969187
AMT,2025-06-02,MA_CORPORATE_ACTION,MATERIAL_AGREEMENT,5,3,after,1,-0.30453705762566463,0.30453705762566463,0,1.030144693543126,18.57,-74.62982410533591
AMT,2025-07-29,EARNINGS_GUIDANCE,RESULTS,6,2,intraday,1,-2.9181177642848644,2.9181177642848644,1,0.6987543141796987,15.03,-715.9378349477336
AMT,2025-08-26,MANAGEMENT_GOVERNANCE,OFFICER_CHANGE,5,2,after,1,-1.5444835852406358,1.5444835852406358,0,0.8551354529559473,14.79,-379.17494628850733
AMT,2025-09-08,OTHER,,0,1,pre,1,-0.782168740172974,0.782168740172974,0,0.6849075757488134,15.18,-192.51898705790865
AMT,2025-09-12,OTHER,,0,2,pre,1,-0.8022912347795618,0.8022912347795618,0,0.7623529107276208,14.71,-202.05596852120846
AMT,2025-09-17,MA_CORPORATE_ACTION,MATERIAL_AGREEMENT,5,3,pre,1,-0.3358329407053661,0.3358329407053661,0,0.7143499823407121,16.360001,-84.71923310871713
AMT,2025-09-19,MANAGEMENT_GOVERNANCE,OFFICER_CHANGE,5,3,pre,1,0.0523212879199861,0.0523212879199861,0,0.749303157877298,15.7,13.194518183458417
AMT,2025-09-25,OTHER,,0,1,pre,1,0.2864267080020747,0.2864267080020747,0,0.6800487396059136,16.18,72.00682073535359
AMT,2025-10-28,EARNINGS_GUIDANCE,RESULTS,6,2,intraday,1,-2.468116280331837,2.468116280331837,1,0.6446789961060578,15.79,-583.0840384573594
AMT,2025-11-10,MANAGEMENT_GOVERNANCE,OFFICER_CHANGE,5,1,after,1,1.5606961312106742,1.5606961312106742,0,0.8293722472800661,19.08,365.76389666788947
AMT,2025-12-03,OTHER,,0,2,pre,1,0.7101270996749853,0.7101270996749853,0,0.733705649431777,16.59,164.35854957231862
AMT,2025-12-05,OTHER,,0,2,pre,1,1.0214533601298033,1.0214533601298033,0,0.760660977111317,15.78,235.84051859692352
AMT,2025-12-08,MA_CORPORATE_ACTION,MATERIAL_AGREEMENT,5,3,pre,1,0.11741470926398512,0.11741470926398512,0,0.7748031019323396,15.41,26.609640145948966
AMT,2026-01-29,OTHER,,0,1,pre,1,0.4619640196455318,0.4619640196455318,0,0.906404248573765,16.35,100.63870086206593
AMT,2026-01-30,MANAGEMENT_GOVERNANCE,OFFICER_CHANGE,5,1,pre,1,-1.9632677549084245,1.9632677549084245,0,0.93885460585286,16.879999,-427.7269897195818
AMT,2026-02-25,EARNINGS_GUIDANCE,RESULTS,6,2,after,1,-1.253204409261828,1.253204409261828,0,1.3983669989901313,19.549999,-263.58296953821343
AMT,2026-03-02,MANAGEMENT_GOVERNANCE,OFFICER_CHANGE,5,1,pre,1,-0.3577120720396486,0.3577120720396486,0,1.5925803346498035,19.860001,-75.37824273514528
AMT,2026-03-06,OTHER,,0,2,pre,1,-0.2050458586553406,0.2050458586553406,0,1.4227961138936578,23.75,-43.1763358163878
AMT,2026-03-11,MANAGEMENT_GOVERNANCE,OFFICER_CHANGE,5,1,pre,1,-1.5782332597726538,1.5782332597726538,0,1.3800106626956756,24.93,-332.3439174416347
AMT,2026-04-28,EARNINGS_GUIDANCE,RESULTS,6,2,intraday,1,0.7394221467279368,0.7394221467279368,0,1.0496562156782738,18.02,151.52982367126222
AMT,2026-05-08,MA_CORPORATE_ACTION,MATERIAL_AGREEMENT,5,2,pre,1,-0.49752974354620344,0.49752974354620344,0,1.0224042303215506,17.08,-101.27130900632301
AMT,2026-05-20,OTHER,,0,2,pre,1,0.3261635837820531,0.3261635837820531,0,1.1906164324388158,18.059999,66.60809326673474
AMT,2026-05-28,MA_CORPORATE_ACTION,MATERIAL_AGREEMENT,5,3,after,1,0.5824609149581065,0.5824609149581065,0,1.1555442257566617,16.290001,119.83872893634938
AMT,2026-06-03,OTHER,,0,1,pre,1,2.1775782116520905,2.1775782116520905,1,1.050790832513636,15.77,456.55749784092177
AMT,2026-06-05,OTHER,,0,1,pre,1,-1.1276819649288425,1.1276819649288425,0,1.4346049414137059,15.4,-237.32191474395736
AMT,2026-07-28,EARNINGS_GUIDANCE,RESULTS,6,2,intraday,1,3.278479909791803,3.278479909791803,1,0.8856437158936042,18.67,718.2247179573853
AMT,2026-09-10,OTHER,,0,2,pre,1,0.5949871913615543,0.5949871913615543,0,0.7673394406188031,16.459999,140.72364719593585
AMT,2026-09-15,MA_CORPORATE_ACTION,MATERIAL_AGREEMENT,5,3,pre,1,-0.20662548103103254,0.20662548103103254,0,0.7755785890977244,17.1,-49.08474427762388
AMT,2026-09-21,MANAGEMENT_GOVERNANCE,OFFICER_CHANGE,5,3,after,1,0.43011115740900774,0.43011115740900774,0,0.7612998696205485,14.81,104.28926409623047
AMZN,2008-01-31,EARNINGS_GUIDANCE,RESULTS,6,2,pre,1,-1.0846140198015197,1.0846140198015197,0,0.8859157730391676,27.620001,-464.6131645990808
AMZN,2008-02-01,OTHER,,0,2,pre,1,-1.4232657861085458,1.4232657861085458,0,0.9940914051520221,26.200001,-609.5983787047176
AMZN,2008-02-11,OTHER,,0,2,after,1,-0.30312853454803435,0.30312853454803435,0,1.036012703579283,28.01,-130.19932410683066
AMZN,2008-04-18,OTHER,,0,2,intraday,1,1.666887326976158,1.666887326976158,0,0.973426308491128,20.370001,672.1565946823614
AMZN,2008-04-24,EARNINGS_GUIDANCE,RESULTS,6,2,pre,1,-0.4398675615245939,0.4398675615245939,0,1.0998683906398565,20.26,-176.9262167339105
AMZN,2008-05-12,OTHER,,0,2,pre,1,0.3954052123006771,0.3954052123006771,0,0.9475945353203978,19.41,157.55861660723988
AMZN,2008-06-11,OTHER,,0,1,intraday,1,-0.8076611405848848,0.8076611405848848,0,0.9109637716919646,23.18,-327.0805405507834
AMZN,2008-07-24,EARNINGS_GUIDANCE,RESULTS,6,3,pre,2,3.81877391287844,3.81877391287844,1,1.3321362936569634,21.309999,1309.0631786300364
AMZN,2008-08-19,OTHER,,0,2,after,1,-0.10252470963487235,0.10252470963487235,0,1.543950457954945,20.98,-35.57432170882704
AMZN,2008-09-18,OTHER,,0,1,pre,1,1.0669857043319653,1.0669857043319653,0,1.1359599441182406,36.220001,405.61143254284
AMZN,2008-10-23,EARNINGS_GUIDANCE,RESULTS,6,2,pre,1,0.8945345507334913,0.8945345507334913,0,2.7909317938785025,69.650002,315.1033158299176
AMZN,2008-11-18,MANAGEMENT_GOVERNANCE,OFFICER_CHANGE,5,1,pre,1,-1.0343260190004533,1.0343260190004533,0,2.271457068424209,69.150002,-382.4267890795348
AMZN,2009-01-30,EARNINGS_GUIDANCE,RESULTS,6,2,pre,1,5.517215428225821,5.517215428225821,1,1.21285930334346,42.630001,2278.2272012014723
AMZN,2009-02-19,OTHER,,0,2,pre,1,1.1070236134852631,1.1070236134852631,0,1.5848129078900752,48.459999,454.08615345698615
AMZN,2009-03-09,MANAGEMENT_GOVERNANCE,OFFICER_CHANGE,5,1,pre,1,0.2249941890038974,0.2249941890038974,0,1.0981151837754486,49.330002,93.13848926435757
AMZN,2009-04-17,OTHER,,0,2,intraday,1,0.8551968983392556,0.8551968983392556,0,0.9651200331684623,35.790001,388.67606458735173
AMZN,2009-04-24,EARNINGS_GUIDANCE,RESULTS,6,2,pre,1,0.41950174892530556,0.41950174892530556,0,0.7420821100926629,37.150002,192.18895140793268
AMZN,2009-06-15,OTHER,,0,1,pre,1,0.25385299487004204,0.25385299487004204,0,0.6415306294505092,28.15,117.82613705726108
AMZN,2009-07-23,MA_CORPORATE_ACTION,MATERIAL_AGREEMENT,5,4,pre,1,-1.2952714580277205,1.2952714580277205,0,0.6961847535510371,23.469999,-574.3322057742406
AMZN,2009-07-24,EARNINGS_GUIDANCE,RESULTS,6,4,pre,2,-2.6903947048292864,2.6903947048292864,1,0.753327084373865,23.43,-1193.8077897595492
AMZN,2009-10-23,EARNINGS_GUIDANCE,RESULTS,6,2,pre,1,8.012458156152254,8.012458156152254,1,0.6357859235908779,20.690001,3061.156836357558
AMZN,2009-11-03,OTHER,,0,2,after,1,-0.6878908445839247,0.6878908445839247,0,2.0487751102000034,29.780001,-260.19605707275434
AMZN,2010-01-29,EARNINGS_GUIDANCE,RESULTS,6,2,pre,1,-1.7758383105007398,1.7758383105007398,0,0.7438815544502274,23.73,-663.5871554027575
AMZN,2010-03-17,MANAGEMENT_GOVERNANCE,OFFICER_CHANGE,5,1,pre,1,0.027434436979746367,0.027434436979746367,0,0.5814018394597267,17.690001,10.075321465387084
AMZN,2010-04-14,OTHER,,0,2,intraday,1,0.7711467591263712,0.7711467591263712,0,0.7725284766377327,16.200001,280.5135512394769
AMZN,2010-04-23,EARNINGS_GUIDANCE,RESULTS,6,2,pre,1,-0.7180805705632779,0.7180805705632779,0,0.7219792891909108,16.469999,-257.2100803742063
AMZN,2010-07-23,EARNINGS_GUIDANCE,RESULTS,6,2,pre,1,-0.9652611725963056,0.9652611725963056,0,1.1106522743469243,24.629999,-337.846715002131
AMZN,2010-10-22,EARNINGS_GUIDANCE,RESULTS,6,2,pre,1,0.721249611065418,0.721249611065418,0,1.454700755718589,19.27,172.29227746950946
AMZN,2010-11-09,OTHER,,0,2,after,1,0.4046115811872642,0.4046115811872642,0,1.1912315198623944,18.290001,94.32114732091478
AMZN,2010-12-20,MANAGEMENT_GOVERNANCE,OFFICER_CHANGE,5,1,after,1,1.186008534394197,1.186008534394197,0,1.0177949441056844,16.110001,278.7047122015951
AMZN,2011-01-28,EARNINGS_GUIDANCE,RESULTS,6,2,pre,1,-3.296419611427067,3.296419611427067,1,1.1473563157866253,16.15,-735.3173605992632
AMZN,2011-03-25,OTHER,,0,1,pre,1,-0.5366863208038962,0.5366863208038962,0,0.987218435014239,18.0,-119.46212393437465
AMZN,2011-04-27,EARNINGS_GUIDANCE,RESULTS,6,2,pre,1,2.5683014056018285,2.5683014056018285,1,0.8889638638239434,15.62,548.4364677594689
AMZN,2011-04-28,OTHER,,0,2,after,1,-0.552716122422491,0.552716122422491,0,1.3783484053992587,15.35,-118.48127963551363
AMZN,2011-06-13,OTHER,,0,1,pre,1,-0.025917246669796775,0.025917246669796775,0,1.0415197580962292,18.860001,-5.882263146866646
AMZN,2011-07-27,EARNINGS_GUIDANCE,RESULTS,6,2,pre,1,3.332480626492124,3.332480626492124,1,0.9143668239119024,20.23,736.248578025463
AMZN,2011-09-09,MANAGEMENT_GOVERNANCE,OFFICER_CHANGE,5,1,pre,1,0.7886278250617953,0.7886278250617953,0,1.9303079703370714,34.32,183.7789617818207
AMZN,2011-10-26,EARNINGS_GUIDANCE,RESULTS,6,2,pre,1,-6.319676450664134,6.319676450664134,1,1.5556723380914048,32.220001,-1441.9374028733148
AMZN,2012-02-01,EARNINGS_GUIDANCE,RESULTS,6,2,pre,1,-2.7379640672520607,2.7379640672520607,1,0.9471740185598978,19.440001,-774.446277984379
AMZN,2012-02-10,MANAGEMENT_GOVERNANCE,OFFICER_CHANGE,5,1,pre,1,1.2316496939201176,1.2316496939201176,0,1.340168416285747,18.629999,353.23576624423885
AMZN,2012-03-20,OTHER,,0,2,pre,1,1.2418118039937514,1.2418118039937514,0,0.5774027366232845,15.04,379.3034899942572
AMZN,2012-04-16,OTHER,,0,2,after,1,-0.397906305808212,0.397906305808212,0,0.8880143473820116,19.549999,-119.86866399177637
AMZN,2012-04-27,EARNINGS_GUIDANCE,RESULTS,6,2,pre,1,5.725628488839318,5.725628488839318,1,0.6952821824851318,16.24,1722.651762166849
AMZN,2012-05-02,OTHER,,0,1,pre,1,0.28434024503435673,0.28434024503435673,0,1.7194551196351644,16.6,85.25698874085792
AMZN,2012-07-27,EARNINGS_GUIDANCE,RESULTS,6,2,pre,1,1.6383280675951861,1.6383280675951861,0,0.7215822750650459,17.530001,539.7115971161905
AMZN,2012-10-08,MA_CORPORATE_ACTION,MATERIAL_AGREEMENT,5,1,pre,1,-0.5185415018428196,0.5185415018428196,0,0.5525005784543524,14.33,-161.66060683687678
AMZN,2012-11-30,OTHER,,0,2,pre,1,0.011930229628297609,0.011930229628297609,0,0.765609655001739,15.06,3.090170039263822
AMZN,2013-01-30,EARNINGS_GUIDANCE,RESULTS,6,2,pre,1,1.0180631209171767,1.0180631209171767,0,1.2919264735651972,13.31,242.41599546895515
AMZN,2013-04-12,OTHER,,0,2,intraday,1,0.7544397229201167,0.7544397229201167,0,0.7295179882733724,12.24,187.8216078535061
AMZN,2013-04-26,EARNINGS_GUIDANCE,RESULTS,6,2,pre,1,-4.9013925049627245,4.9013925049627245,1,1.0515161340494794,13.62,-1013.6132863131539
AMZN,2013-07-26,EARNINGS_GUIDANCE,RESULTS,6,2,pre,1,0.5159257380797108,0.5159257380797108,0,0.7338068387994263,12.97,108.09492176333039
AMZN,2013-10-25,EARNINGS_GUIDANCE,RESULTS,6,2,pre,1,3.5425151517308047,3.5425151517308047,1,1.5079143225306546,13.2,677.0925290974225
AMZN,2014-01-31,EARNINGS_GUIDANCE,RESULTS,6,2,pre,1,-6.208530023778554,6.208530023778554,1,1.3361498184378724,17.290001,-1158.8295877253806
AMZN,2014-04-10,OTHER,,0,2,intraday,1,-0.7838157992371787,0.7838157992371787,0,1.1054145784008982,13.82,-169.7004044062648
AMZN,2014-04-25,EARNINGS_GUIDANCE,RESULTS,6,2,pre,1,-6.019549623894461,6.019549623894461,1,1.4861435050655583,13.32,-1217.969082383326
AMZN,2014-07-25,EARNINGS_GUIDANCE,RESULTS,6,2,pre,1,-4.410588462043848,4.410588462043848,1,1.062291251262034,11.84,-1024.9425403403063
AMZN,2014-08-01,MANAGEMENT_GOVERNANCE,OFFICER_CHANGE,5,1,pre,1,-0.1333179866835368,0.1333179866835368,0,1.837880417230883,16.950001,-31.102007664663475
AMZN,2014-08-26,OTHER,,0,2,pre,1,1.194989134311123,1.194989134311123,0,0.7426064260498625,11.7,287.09348831278606
AMZN,2014-09-04,MANAGEMENT_GOVERNANCE,OFFICER_CHANGE,5,2,after,1,0.734425146193797,0.734425146193797,0,0.6138905982546132,12.36,175.67201710573542
AMZN,2014-09-08,MA_CORPORATE_ACTION,MATERIAL_AGREEMENT,5,3,pre,1,-1.096537575795998,1.096537575795998,0,0.572286656038737,12.09,-278.5990002413629
AMZN,2014-09-26,OTHER,,0,1,pre,1,-0.395026654532506,0.395026654532506,0,0.8322604692680226,15.64,-100.38467247725276
AMZN,2014-10-24,EARNINGS_GUIDANCE,RESULTS,6,2,pre,1,-3.594254843267214,3.594254843267214,1,0.746162144798174,16.530001,-856.6960522307286
AMZN,2014-12-08,OTHER,,0,2,pre,1,0.6484698637299386,0.6484698637299386,0,0.9454711721364851,11.89,167.80441908241323
AMZN,2015-01-30,EARNINGS_GUIDANCE,RESULTS,6,2,pre,1,6.532449368437865,6.532449368437865,1,1.0745432423841388,18.76,1603.2041238793972
AMZN,2015-04-24,EARNINGS_GUIDANCE,RESULTS,6,5,pre,2,4.492853975659437,4.492853975659437,1,0.674123146906342,12.48,1179.135750286935
AMZN,2015-06-15,MANAGEMENT_GOVERNANCE,OFFICER_CHANGE,5,2,pre,2,-0.3146248110540157,0.3146248110540157,0,0.4703565153292938,13.78,-89.76647416782363
AMZN,2015-07-24,EARNINGS_GUIDANCE,RESULTS,6,2,pre,1,4.222501187123114,4.222501187123114,1,0.7626038404622233,12.64,1103.2589123873606
AMZN,2015-10-23,EARNINGS_GUIDANCE,RESULTS,6,2,pre,1,2.323787391235512,2.323787391235512,1,1.0150804336249073,14.45,615.6486587944443
AMZN,2016-01-29,EARNINGS_GUIDANCE,RESULTS,6,2,pre,1,-6.084406620585039,6.084406620585039,1,2.0839040479278013,22.42,-1349.5209235280956
AMZN,2016-02-11,MANAGEMENT_GOVERNANCE,OFFICER_CHANGE,5,2,pre,1,0.8616949108216478,0.8616949108216478,0,2.387125584350449,26.290001,191.40051919489972
AMZN,2016-02-26,OTHER,,0,2,pre,1,0.11426262378606501,0.11426262378606501,0,1.9891478311271233,19.110001,25.85594174518515
AMZN,2016-04-06,OTHER,,0,2,pre,1,0.22128057225124523,0.22128057225124523,0,0.6665717945527904,15.42,61.85820049210873
AMZN,2016-04-29,EARNINGS_GUIDANCE,RESULTS,6,2,pre,1,4.839262334859248,4.839262334859248,1,0.7315222511812522,15.22,1218.6597059454257
AMZN,2016-05-23,MA_CORPORATE_ACTION,MATERIAL_AGREEMENT,5,3,pre,1,-0.5805769561900216,0.5805769561900216,0,1.4121275589768059,15.2,-147.0727197233206
AMZN,2016-07-29,EARNINGS_GUIDANCE,RESULTS,6,2,pre,1,0.6429823024462837,0.6429823024462837,0,0.47957782165444673,12.72,162.27231092512832
AMZN,2016-09-09,MANAGEMENT_GOVERNANCE,OFFICER_CHANGE,5,1,pre,1,-0.2952311596317675,0.2952311596317675,0,0.2898912972276414,12.51,-73.60242654541136
AMZN,2016-10-28,EARNINGS_GUIDANCE,RESULTS,6,2,pre,1,-1.4000228605023057,1.4000228605023057,0,0.5576466604032579,15.36,-329.8228741671828
AMZN,2017-02-03,EARNINGS_GUIDANCE,RESULTS,6,2,pre,1,-2.523381664553271,2.523381664553271,1,0.6262224478259178,11.93,-461.289128335296
AMZN,2017-03-20,MANAGEMENT_GOVERNANCE,OFFICER_CHANGE,5,1,pre,1,0.13186504525452172,0.13186504525452172,0,0.3167291508168036,11.28,23.975283534886866
AMZN,2017-04-12,OTHER,,0,2,pre,1,-0.5669014638400743,0.5669014638400743,0,0.7010863815669672,15.07,-101.55384577508211
AMZN,2017-04-28,EARNINGS_GUIDANCE,RESULTS,6,2,pre,1,2.26399786736755,2.26399786736755,1,0.8364281371242693,10.36,320.4672358896067
AMZN,2017-06-19,MA_CORPORATE_ACTION,MATERIAL_AGREEMENT,5,3,after,1,0.19496566145401653,0.19496566145401653,0,1.2316755090382074,10.38,28.211251209781665
AMZN,2017-07-28,EARNINGS_GUIDANCE,RESULTS,6,2,pre,1,-3.7565555786851674,3.7565555786851674,1,0.8818930251692638,10.11,-558.2037267167082
AMZN,2017-08-16,OTHER,,0,4,after,2,-0.486668505890216,0.486668505890216,0,1.186768762098649,12.04,-73.93883083812054
AMZN,2017-08-23,MA_CORPORATE_ACTION,AGREEMENT_TERMINATED,5,3,pre,1,-0.5838193216729652,0.5838193216729652,0,1.2224865324237961,11.35,-89.034357901306
AMZN,2017-08-25,OTHER,,0,2,pre,1,-0.6605298678782274,0.6605298678782274,0,1.1767332982492102,12.23,-100.82117334077212
AMZN,2017-08-28,MA_CORPORATE_ACTION,ACQUISITION_COMPLETED,6,2,intraday,1,0.4797324393414844,0.4797324393414844,0,1.096354849358772,11.28,73.2320918654826
AMZN,2017-09-11,OTHER,,0,1,pre,1,0.047966461156251354,0.047966461156251354,0,0.9138397905235237,12.12,7.429139590872918
AMZN,2017-10-27,EARNINGS_GUIDANCE,RESULTS,6,2,pre,1,9.234938461893218,9.234938461893218,1,0.8063874044025149,11.3,1271.21276037238
AMZN,2017-11-14,OTHER,,0,1,pre,1,0.4255820742323528,0.4255820742323528,0,3.022571638960593,11.5,56.37258978192744
AMZN,2017-12-21,OTHER,,0,2,pre,1,-0.7012552759452457,0.7012552759452457,0,0.9206448947920678,9.72,-120.3700786842459
AMZN,2018-02-02,EARNINGS_GUIDANCE,RESULTS,6,2,pre,1,5.265886320183818,5.265886320183818,1,1.320644811804104,13.47,877.3481439811948
AMZN,2018-04-19,OTHER,,0,2,pre,1,0.6264023930435193,0.6264023930435193,0,1.9223568065435326,15.6,119.03429406692268
AMZN,2018-04-27,EARNINGS_GUIDANCE,RESULTS,6,2,pre,1,1.8779761252060205,1.8779761252060205,0,1.6155500315902278,16.24,356.00145050045376
AMZN,2018-04-30,MA_CORPORATE_ACTION,MATERIAL_AGREEMENT,5,4,pre,1,0.5210847586090044,0.5210847586090044,0,1.6518496038149024,15.41,98.59506025135485
AMZN,2018-06-04,OTHER,,0,1,pre,1,1.2171703668468679,1.2171703668468679,0,0.511167566668824,13.46,238.93166411845172
AMZN,2018-07-27,EARNINGS_GUIDANCE,RESULTS,6,2,pre,1,-0.2990478111076072,0.2990478111076072,0,0.9257615705361669,12.14,-58.78449077802224
AMZN,2018-10-26,EARNINGS_GUIDANCE,RESULTS,6,2,pre,1,-7.250644006415559,7.250644006415559,1,2.466287856812514,24.219999,-1238.2050672135385
AMZN,2019-02-01,EARNINGS_GUIDANCE,RESULTS,6,2,pre,1,-3.441205397132609,3.441205397132609,1,1.5668786997958144,16.57,-655.9568781444402
AMZN,2019-02-05,MANAGEMENT_GOVERNANCE,OFFICER_CHANGE,5,1,pre,1,-0.1036581355620013,0.1036581355620013,0,1.6588135399031676,15.73,-19.955494192549548
AMZN,2019-02-26,MANAGEMENT_GOVERNANCE,OFFICER_CHANGE,5,1,pre,1,0.33415507113371784,0.33415507113371784,0,1.6238909155401358,14.85,64.44183903353421
AMZN,2019-04-05,OTHER,,0,1,after,1,0.37196016588747527,0.37196016588747527,0,0.896739115751689,13.58,73.09827657787673
AMZN,2019-04-11,OTHER,,0,2,pre,1,-0.7027693305552465,0.7027693305552465,0,0.8138007068429558,13.3,-137.83149055789843
AMZN,2019-04-26,EARNINGS_GUIDANCE,RESULTS,6,2,pre,1,0.41538485271416536,0.41538485271416536,0,0.5641574457920461,13.25,79.47370174766235
AMZN,2019-07-26,EARNINGS_GUIDANCE,RESULTS,6,2,pre,1,-2.0215442899783342,2.0215442899783342,1,0.6573418152954612,12.74,-391.1345256773998
AMZN,2019-08-02,MANAGEMENT_GOVERNANCE,OFFICER_CHANGE,5,2,pre,1,1.228578649671259,1.228578649671259,0,0.7468444249760726,17.870001,237.55727294467434
AMZN,2019-10-25,EARNINGS_GUIDANCE,RESULTS,6,2,pre,1,-0.9683724725580029,0.9683724725580029,0,0.8760657846531278,13.71,-153.70661279882225
AMZN,2019-11-20,OTHER,,0,1,pre,1,-0.05459665779182138,0.05459665779182138,0,0.6873857823312711,12.86,-8.095544102586878
AMZN,2020-01-31,EARNINGS_GUIDANCE,RESULTS,6,2,pre,1,7.127877320223188,7.127877320223188,1,1.1020976841085401,15.49,837.901722096258
AMZN,2020-04-16,OTHER,,0,2,pre,1,-0.04660867186258688,0.04660867186258688,0,2.3381924637795053,40.84,-6.844814409409928
AMZN,2020-05-01,EARNINGS_GUIDANCE,RESULTS,6,2,pre,1,-2.929816149214525,2.929816149214525,1,2.013476018540003,34.150002,-479.09441248667116
AMZN,2020-06-01,OTHER,,0,3,pre,1,0.19439081524211832,0.19439081524211832,0,0.8717757166038818,27.51,35.30822074282808
AMZN,2020-06-04,OTHER,,0,2,pre,1,-0.7440689673979811,0.7440689673979811,0,0.8408600409425528,25.66,-135.86775931103293
AMZN,2020-06-24,MA_CORPORATE_ACTION,MATERIAL_AGREEMENT,5,3,pre,1,0.30878075769985097,0.30878075769985097,0,0.9369186136825846,31.370001,61.984134825767185
AMZN,2020-07-31,EARNINGS_GUIDANCE,RESULTS,6,2,pre,1,0.40555868941748935,0.40555868941748935,0,1.8069735888512068,24.76,83.21012153695548
AMZN,2020-08-24,MANAGEMENT_GOVERNANCE,OFFICER_CHANGE,5,2,after,1,0.3258767753949526,0.3258767753949526,0,1.15949917551313,22.540001,69.58072750038902
AMZN,2020-09-10,MANAGEMENT_GOVERNANCE,OFFICER_CHANGE,5,1,pre,1,-1.728063599071366,1.728063599071366,0,1.247972697804462,28.809999,-399.7756754390434
AMZN,2020-10-30,EARNINGS_GUIDANCE,RESULTS,6,2,pre,1,-2.8329232962353004,2.8329232962353004,1,1.2984406533799775,37.59,-701.3125109965719
AMZN,2021-01-27,MANAGEMENT_GOVERNANCE,OFFICER_CHANGE,5,1,pre,1,-0.663289030533392,0.663289030533392,0,0.8574060120895232,23.02,-176.98656120768604
AMZN,2021-02-03,EARNINGS_GUIDANCE,RESULTS,6,3,pre,1,-0.9578715368963421,0.9578715368963421,0,1.0149670426047737,25.559999,-255.18692638015912
AMZN,2021-04-15,OTHER,,0,2,pre,1,0.24600775978221573,0.24600775978221573,0,0.8617112164078037,16.99,60.07587407260116
AMZN,2021-04-30,EARNINGS_GUIDANCE,RESULTS,6,2,pre,1,-0.8088025820187837,0.8088025820187837,0,0.6916175388128867,17.610001,-188.68367947571494
AMZN,2021-05-13,OTHER,,0,2,pre,1,-0.2549762595563171,0.2549762595563171,0,0.8823773033104423,27.59,-59.09650284969984
AMZN,2021-07-30,EARNINGS_GUIDANCE,RESULTS,6,2,pre,1,-3.3487440007238654,3.3487440007238654,1,0.7745487367726239,17.700001,-669.627123902802
AMZN,2021-09-21,MANAGEMENT_GOVERNANCE,OFFICER_CHANGE,5,1,pre,1,0.044812696953659234,0.044812696953659234,0,0.7816025058200022,25.709999,9.087635394559799
AMZN,2021-10-29,EARNINGS_GUIDANCE,RESULTS,6,2,pre,1,-2.3153000570042925,2.3153000570042925,1,1.1963558975081983,16.530001,-395.81824841158533
AMZN,2021-11-15,MANAGEMENT_GOVERNANCE,OFFICER_CHANGE,5,1,after,1,0.14522526753714132,0.14522526753714132,0,1.3645534232909737,16.290001,24.516990179114153
AMZN,2022-02-04,EARNINGS_GUIDANCE,RESULTS,6,2,pre,1,7.448916697557495,7.448916697557495,1,2.3854606914330683,24.35,1296.6117688734682
AMZN,2022-03-10,OTHER,,0,1,pre,1,3.8664829248706964,3.8664829248706964,1,1.9595400485358156,32.450001,671.10994006501
AMZN,2022-04-29,EARNINGS_GUIDANCE,RESULTS,6,2,pre,1,-4.6574269213422195,4.6574269213422195,1,1.6654939982934804,29.99,-1052.867823266052
AMZN,2022-06-06,MANAGEMENT_GOVERNANCE,OFFICER_CHANGE,5,1,after,1,-0.4185761585877004,0.4185761585877004,0,2.1259665874716407,24.790001,-95.32039708959387
AMZN,2022-07-29,EARNINGS_GUIDANCE,RESULTS,6,2,pre,1,3.5381385491066664,3.5381385491066664,1,1.5410556395319952,22.33,854.740296793112
AMZN,2022-10-28,EARNINGS_GUIDANCE,RESULTS,6,2,pre,1,-4.178017707675528,4.178017707675528,1,1.6353599825642835,27.389999,-1064.2181490109656
AMZN,2022-11-21,MA_CORPORATE_ACTION,MATERIAL_AGREEMENT,5,3,pre,1,-1.0163171225672611,1.0163171225672611,0,2.2272603197897833,23.120001,-254.9360355930718
AMZN,2022-12-02,OTHER,,0,2,pre,1,-0.5998704144207594,0.5998704144207594,0,1.9077858840558286,19.84,-152.98597658552976
AMZN,2023-01-04,MA_CORPORATE_ACTION,MATERIAL_AGREEMENT,5,3,pre,1,-0.7648831148388436,0.7648831148388436,0,1.0193880514280762,22.9,-217.79264672102363
AMZN,2023-01-09,OTHER,,0,2,pre,1,1.2632987671314135,1.2632987671314135,0,1.1058879166417706,21.129999,359.73090211351354
AMZN,2023-02-03,EARNINGS_GUIDANCE,RESULTS,6,2,pre,1,-2.6596230610494183,2.6596230610494183,1,1.3148391079245791,18.73,-676.5780790629492
AMZN,2023-04-13,OTHER,,0,2,pre,1,1.2238161984572449,1.2238161984572449,0,1.0304856049316886,19.09,321.86087563505964
AMZN,2023-04-28,EARNINGS_GUIDANCE,RESULTS,6,2,pre,1,-3.3736962093877065,3.3736962093877065,1,1.2838159064047847,17.030001,-840.2143315438199
AMZN,2023-08-04,EARNINGS_GUIDANCE,RESULTS,6,2,pre,1,3.6683892989101623,3.6683892989101623,1,0.9571455918321911,15.92,934.3202053257728
AMZN,2023-09-14,MANAGEMENT_GOVERNANCE,OFFICER_CHANGE,5,1,pre,1,-0.9094427186226578,0.9094427186226578,0,0.8198011564447538,13.48,-235.51330224261446
AMZN,2023-10-27,EARNINGS_GUIDANCE,RESULTS,6,2,pre,1,3.846760200319772,3.846760200319772,1,1.2516353233878146,20.68,913.5854161025995
AMZN,2023-11-02,MA_CORPORATE_ACTION,MATERIAL_AGREEMENT,5,4,pre,1,-1.3685731248457182,1.3685731248457182,0,1.538990591952385,16.870001,-323.3792445823001
AMZN,2024-02-02,EARNINGS_GUIDANCE,RESULTS,6,2,pre,1,2.433593992540483,2.433593992540483,1,0.7832645608480993,13.88,554.6312433804618
AMZN,2024-04-11,OTHER,,0,2,pre,1,0.40701983934841407,0.40701983934841407,0,0.6797626028007275,15.8,91.07745373615448
AMZN,2024-05-01,EARNINGS_GUIDANCE,RESULTS,6,2,pre,1,2.1068921282471567,2.1068921282471567,1,1.1635590413077859,15.65,439.014802619869
AMZN,2024-05-06,OTHER,,0,2,pre,1,-0.2435736660486355,0.2435736660486355,0,1.221591127975572,13.49,-50.65498327196628
AMZN,2024-05-15,MANAGEMENT_GOVERNANCE,OFFICER_CHANGE,5,1,pre,1,-1.752782527031426,1.752782527031426,0,1.2231326195503083,13.42,-354.6584260150922
AMZN,2024-08-02,EARNINGS_GUIDANCE,RESULTS,6,2,pre,1,-3.3087692086824383,3.3087692086824383,1,1.1926310043840915,18.59,-591.4319922314069
AMZN,2024-11-01,EARNINGS_GUIDANCE,RESULTS,6,2,pre,1,2.69932327571522,2.69932327571522,1,1.2009310161424338,23.16,472.62801403969127
AMZN,2025-02-07,EARNINGS_GUIDANCE,RESULTS,6,2,pre,1,-1.0922485865541913,1.0922485865541913,0,1.041142623157596,15.5,-196.96251931424027
AMZN,2025-04-10,OTHER,,0,2,pre,1,0.5417543324084256,0.5417543324084256,0,2.960896180266599,33.619999,101.60169372200795
AMZN,2025-05-02,EARNINGS_GUIDANCE,RESULTS,6,2,pre,1,-1.7252124667268578,1.7252124667268578,0,3.192855191905128,24.6,-322.94706705399994
AMZN,2025-08-01,EARNINGS_GUIDANCE,RESULTS,6,2,pre,1,-5.443785621041432,5.443785621041432,1,0.7888064413134773,16.719999,-996.3479415198841
AMZN,2025-10-31,EARNINGS_GUIDANCE,RESULTS,6,2,pre,1,6.2766170888242545,6.2766170888242545,1,1.3217837309423868,16.91,1243.7187558709927
AMZN,2025-11-21,OTHER,,0,2,pre,1,0.5245085735192869,0.5245085735192869,0,2.138272314629333,26.42,101.14728070152981
AMZN,2026-02-06,EARNINGS_GUIDANCE,RESULTS,6,2,pre,1,-4.501109834242791,4.501109834242791,1,1.1522547402011183,21.77,-950.4137697507442
AMZN,2026-03-02,MA_CORPORATE_ACTION,MATERIAL_AGREEMENT,5,4,after,1,0.28759708554786634,0.28759708554786634,0,1.4259354011256278,19.860001,61.13625144136216
AMZN,2026-03-16,OTHER,,0,2,pre,1,0.9116966909904234,0.9116966909904234,0,1.070836727298899,27.190001,195.6107473566925
AMZN,2026-03-17,OTHER,,0,2,pre,1,0.33478879766828745,0.33478879766828745,0,1.0736087400800398,23.51,71.86503347612825
AMZN,2026-04-09,OTHER,,0,2,pre,1,3.112440710768253,3.112440710768253,1,1.3181448374326747,21.040001,690.9836248404678
AMZN,2026-04-15,OTHER,,0,2,after,1,-0.47918844881673317,0.47918844881673317,0,1.5453483642721177,18.360001,-106.68194151577075
AMZN,2026-04-30,EARNINGS_GUIDANCE,RESULTS,6,2,pre,1,0.14646312694605643,0.14646312694605643,0,1.1463939974556072,18.809999,32.27761594325914
AMZN,2026-06-11,MA_CORPORATE_ACTION,MATERIAL_AGREEMENT,5,3,after,1,-1.3693995501730296,1.3693995501730296,0,1.0978113547892483,22.219999,-308.08068070978845
AMZN,2026-06-15,OTHER,,0,2,pre,1,0.622316502326406,0.622316502326406,0,1.1379606978455472,17.68,140.11434884767442
AMZN,2026-07-10,OTHER,,0,2,pre,1,0.3132914780493021,0.3132914780493021,0,1.2291624199341376,15.84,70.5563057027525
AMZN,2026-07-31,EARNINGS_GUIDANCE,RESULTS,6,2,pre,1,7.283490570101116,7.283490570101116,1,1.2113472656440036,17.09,1575.2722354085886
AMZN,2026-09-10,MANAGEMENT_GOVERNANCE,OFFICER_CHANGE,5,1,pre,1,0.6645833538789454,0.6645833538789454,0,1.0306186363381746,16.459999,147.24061699692638
AMZN,2026-09-15,OTHER,,0,2,pre,1,-0.6926072765012551,0.6926072765012551,0,0.9285883169352055,17.1,-178.6181235879654
BA,2008-01-30,EARNINGS_GUIDANCE,RESULTS,6,2,intraday,1,1.330125865602312,1.330125865602312,0,2.1854115490071218,27.32,201.8996572302273
BA,2008-03-19,MANAGEMENT_GOVERNANCE,OFFICER_CHANGE,5,2,after,1,-1.0286690059973143,1.0286690059973143,0,1.5078606749370669,25.790001,-179.68525201436356
BA,2008-04-23,EARNINGS_GUIDANCE,RESULTS,6,2,intraday,1,2.9441893378258617,2.9441893378258617,1,1.2654411863621498,20.870001,546.2861592285348
BA,2008-05-01,OTHER,,0,2,after,1,-0.21056455459207205,0.21056455459207205,0,1.2856417006781118,20.790001,-40.493931698101676
BA,2008-07-23,EARNINGS_GUIDANCE,RESULTS,6,2,intraday,1,-4.211498690832617,4.211498690832617,1,1.6484916348664196,21.18,-884.7306064251255
BA,2008-10-22,EARNINGS_GUIDANCE,RESULTS,6,2,intraday,1,1.7224970700437114,1.7224970700437114,0,2.774951470501572,53.110001,412.36333866363924
BA,2008-10-30,MANAGEMENT_GOVERNANCE,OFFICER_CHANGE,5,3,after,1,0.873713477812692,0.873713477812692,0,3.6316211780073964,69.959999,215.52261423175563
BA,2008-11-21,MA_CORPORATE_ACTION,MATERIAL_AGREEMENT,5,3,after,1,-0.17278272119591806,0.17278272119591806,0,2.822262853859683,80.860001,-42.5398302234143
BA,2008-12-17,MANAGEMENT_GOVERNANCE,OFFICER_CHANGE,5,3,after,1,0.28547475523805554,0.28547475523805554,0,2.224984907972961,52.369999,76.9834991751538
BA,2009-01-28,EARNINGS_GUIDANCE,RESULTS,6,2,intraday,1,-1.9553514551271556,1.9553514551271556,0,1.1574617909807496,42.25,-562.0007523435679
BA,2009-02-10,EARNINGS_GUIDANCE,RESULTS,6,2,after,1,-0.6875656241342913,0.6875656241342913,0,1.3542348567260774,43.639999,-197.59610174421076
BA,2009-02-11,MANAGEMENT_GOVERNANCE,OFFICER_CHANGE,5,2,after,1,-0.3739797525310152,0.3739797525310152,0,1.499100900584132,46.669998,-107.5545938778497
BA,2009-02-27,MANAGEMENT_GOVERNANCE,OFFICER_CHANGE,5,2,after,1,-1.3876991888143564,1.3876991888143564,0,1.4445952122295356,44.66,-395.7192322534927
BA,2009-03-16,OTHER,,0,2,after,1,0.3040284005600869,0.3040284005600869,0,1.6323203372034005,42.360001,88.40184779811418
BA,2009-04-22,EARNINGS_GUIDANCE,RESULTS,6,2,intraday,1,1.183812021284904,1.183812021284904,0,1.4810793123732267,37.139999,349.8142422409345
BA,2009-05-01,MANAGEMENT_GOVERNANCE,OFFICER_CHANGE,5,2,after,1,0.7250866620135917,0.7250866620135917,0,1.1937656325593025,36.5,216.88685195307139
BA,2009-06-10,MANAGEMENT_GOVERNANCE,OFFICER_CHANGE,5,3,after,1,-1.052383079558517,1.052383079558517,0,1.1563206213671566,28.27,-319.422888273678
BA,2009-06-24,OTHER,,0,2,after,1,-1.957959449409813,1.957959449409813,0,1.4261325756676015,30.58,-581.9676054676
BA,2009-06-25,OTHER,,0,1,intraday,1,-0.1078874088750354,0.1078874088750354,0,1.5518804246273488,29.049999,-32.036209677663194
BA,2009-06-29,MANAGEMENT_GOVERNANCE,OFFICER_CHANGE,5,2,after,1,0.4812972478750968,0.4812972478750968,0,1.5797845244830429,25.93,142.17795035030912
BA,2009-07-07,MA_CORPORATE_ACTION,MATERIAL_AGREEMENT,5,2,intraday,1,-0.17353890171302258,0.17353890171302258,0,1.1945347351098323,29.0,-51.22240902265518
BA,2009-07-22,EARNINGS_GUIDANCE,RESULTS,6,2,intraday,1,-1.5653170137426673,1.5653170137426673,0,1.1449695046928625,23.870001,-459.4903093596174
BA,2009-07-28,OTHER,,0,2,intraday,1,1.1182188692011634,1.1182188692011634,0,0.8702907476831853,24.280001,328.22478385324274
BA,2009-08-27,OTHER,,0,2,intraday,1,2.1208356289354633,2.1208356289354633,1,0.8871672668063915,24.950001,645.1415379874898
BA,2009-09-01,MANAGEMENT_GOVERNANCE,OFFICER_CHANGE,5,3,after,1,3.5375254171470566e-05,3.5375254171470566e-05,0,1.2234204847461698,26.01,0.010773706085615703
BA,2009-09-15,OTHER,,0,2,intraday,1,0.33244842801423186,0.33244842801423186,0,1.1320353351361923,23.860001,100.84670836636197
BA,2009-10-06,OTHER,,0,2,intraday,1,-0.8459924645743396,0.8459924645743396,0,0.7817716089152701,26.84,-256.41991598829276
BA,2009-10-09,MANAGEMENT_GOVERNANCE,OFFICER_CHANGE,5,3,intraday,1,-0.7227022612154727,0.7227022612154727,0,0.7490623900892317,24.18,-219.8566938526756
BA,2009-10-21,EARNINGS_GUIDANCE,RESULTS,6,2,intraday,1,-0.5429115011476711,0.5429115011476711,0,0.867961642798833,20.9,-162.04336381493025
BA,2009-10-30,MANAGEMENT_GOVERNANCE,OFFICER_CHANGE,5,2,after,1,0.2829536432179192,0.2829536432179192,0,0.8706978256342075,24.76,83.10960526921886
BA,2009-11-06,OTHER,,0,2,after,1,0.22065647024939075,0.22065647024939075,0,0.9976292007989229,25.43,61.87537722447017
BA,2009-11-10,OTHER,,0,1,intraday,1,-0.6835339324173108,0.6835339324173108,0,1.0531804302118712,23.15,-189.89127000430145
BA,2009-11-16,MA_CORPORATE_ACTION,MATERIAL_AGREEMENT,5,3,after,1,0.6852735886599193,0.6852735886599193,0,1.016486625092299,23.360001,190.22548458340708
BA,2009-11-17,OTHER,,0,1,intraday,1,-0.3569045504560751,0.3569045504560751,0,1.1008065314651736,22.889999,-98.50038243588939
BA,2009-11-20,OTHER,,0,2,intraday,1,0.45652359109136414,0.45652359109136414,0,1.0249765417434435,22.629999,125.12145896172699
BA,2010-01-27,EARNINGS_GUIDANCE,RESULTS,6,2,intraday,1,3.504819917956271,3.504819917956271,1,1.0331024241668938,24.549999,873.9849878400896
BA,2010-02-10,MANAGEMENT_GOVERNANCE,OFFICER_CHANGE,5,2,after,1,0.16009149582781468,0.16009149582781468,0,1.3646214186923595,26.0,39.63151814539919
BA,2010-02-11,MANAGEMENT_GOVERNANCE,OFFICER_CHANGE,5,3,pre,1,-0.4002690832730207,0.4002690832730207,0,1.3686475562874465,25.4,-98.07676825720345
BA,2010-03-01,MANAGEMENT_GOVERNANCE,OFFICER_CHANGE,5,2,after,1,0.1480019412580254,0.1480019412580254,0,0.9253841686729017,19.5,36.06647077281665
BA,2010-03-11,MANAGEMENT_GOVERNANCE,OFFICER_CHANGE,5,2,after,1,-0.40254512897289496,0.40254512897289496,0,0.8244055573405952,18.57,-98.4124427439204
BA,2010-03-31,OTHER,,0,2,intraday,1,-0.55108502913867,0.55108502913867,0,0.7584988636061704,17.129999,-133.70311566634004
BA,2010-04-21,EARNINGS_GUIDANCE,RESULTS,6,2,intraday,1,2.267164094081048,2.267164094081048,1,0.5159502162868568,15.73,536.1231608455525
BA,2010-04-29,OTHER,,0,1,after,1,0.1919058659395472,0.1919058659395472,0,0.8028456089040197,21.08,45.49144781536436
BA,2010-06-11,MANAGEMENT_GOVERNANCE,OFFICER_CHANGE,5,3,after,1,0.3918780460410574,0.3918780460410574,0,1.7022544499195187,30.57,80.98366143026975
BA,2010-07-28,EARNINGS_GUIDANCE,RESULTS,6,2,intraday,1,-0.48165577566708995,0.48165577566708995,0,1.4034515098965128,23.190001,-93.8192390156266
BA,2010-08-27,OTHER,,0,2,intraday,1,0.5452752361306163,0.5452752361306163,0,1.3591106207986203,27.370001,95.86270738677797
BA,2010-10-20,EARNINGS_GUIDANCE,RESULTS,6,2,intraday,1,1.0082854442957354,1.0082854442957354,0,1.2450421143253514,20.629999,167.2036088172744
BA,2010-11-17,MA_CORPORATE_ACTION,MATERIAL_AGREEMENT,5,3,after,1,0.4178463847288949,0.4178463847288949,0,1.3922078833850133,22.58,69.9230088666142
BA,2010-12-06,MANAGEMENT_GOVERNANCE,OFFICER_CHANGE,5,3,after,1,-0.39080288887061254,0.39080288887061254,0,1.6807258708777837,18.01,-64.23802988721718
BA,2011-01-12,MANAGEMENT_GOVERNANCE,OFFICER_CHANGE,5,3,after,1,0.154451198752715,0.154451198752715,0,0.8555249306753485,16.889999,25.56749030212998
BA,2011-01-26,EARNINGS_GUIDANCE,RESULTS,6,2,intraday,1,-2.0553241428114153,2.0553241428114153,1,0.838871902672784,17.59,-309.7084206215244
BA,2011-04-27,EARNINGS_GUIDANCE,RESULTS,6,2,intraday,1,1.9033566443179981,1.9033566443179981,0,0.8393085649980522,15.62,279.728561609514
BA,2011-05-04,OTHER,,0,3,after,1,0.5564967567348089,0.5564967567348089,0,1.04979823855808,16.700001,82.39056861723871
BA,2011-06-15,MANAGEMENT_GOVERNANCE,OFFICER_CHANGE,5,3,after,1,0.8704764405534977,0.8704764405534977,0,1.2860189869718521,18.26,123.63766943859434
BA,2011-07-27,EARNINGS_GUIDANCE,RESULTS,6,2,intraday,1,2.7403124570938036,2.7403124570938036,1,1.5229867730506845,20.23,377.5490311869334
BA,2011-08-31,OTHER,,0,3,after,2,0.6317566885202281,0.6317566885202281,0,4.000702990221169,32.889999,84.85667820985515
BA,2011-10-05,MANAGEMENT_GOVERNANCE,OFFICER_CHANGE,5,3,after,1,-0.09635284988611119,0.09635284988611119,0,2.317664226872334,40.82,-14.13299419804344
BA,2011-10-26,EARNINGS_GUIDANCE,RESULTS,6,2,intraday,1,0.5271558579273021,0.5271558579273021,0,1.977375418681564,32.220001,77.6074116877478
BA,2011-11-02,MANAGEMENT_GOVERNANCE,OFFICER_CHANGE,5,2,after,1,0.5785583798918918,0.5785583798918918,0,2.3132108373023255,34.77,81.19439187720519
BA,2011-11-15,MA_CORPORATE_ACTION,MATERIAL_AGREEMENT,5,3,after,1,-0.8025535713631233,0.8025535713631233,0,2.3513953470812656,31.129999,-110.28033552697929
BA,2011-12-16,MANAGEMENT_GOVERNANCE,OFFICER_CHANGE,5,1,after,1,0.2882209943449142,0.2882209943449142,0,2.1779771214276447,25.110001,40.61388308928868
BA,2012-01-25,EARNINGS_GUIDANCE,RESULTS,6,2,intraday,1,-0.34517585551946556,0.34517585551946556,0,0.7663641727547345,18.91,-50.20085289599876
BA,2012-03-01,MANAGEMENT_GOVERNANCE,OFFICER_CHANGE,5,2,after,1,-0.2506259816842855,0.2506259816842855,0,0.6980229321711571,18.43,-36.51893703724458
BA,2012-04-25,EARNINGS_GUIDANCE,RESULTS,6,2,intraday,1,2.0218214650332076,2.0218214650332076,1,1.1925560454027082,18.1,287.3177933721023
BA,2012-05-03,OTHER,,0,3,intraday,1,0.611662443128928,0.611662443128928,0,1.6116283404906278,16.879999,86.70289897672723
BA,2012-06-27,MANAGEMENT_GOVERNANCE,OFFICER_CHANGE,5,2,after,1,0.16213574682696796,0.16213574682696796,0,1.4794972258522663,19.719999,22.658530705158835
BA,2012-07-25,EARNINGS_GUIDANCE,RESULTS,6,2,intraday,1,1.4465588459084688,1.4465588459084688,0,1.5677174979494677,20.469999,201.1066499461123
BA,2012-08-29,OTHER,,0,2,after,1,-0.1801198433522228,0.1801198433522228,0,1.2109477407381504,16.49,-23.20979778049426
BA,2012-10-18,MA_CORPORATE_ACTION,MATERIAL_AGREEMENT,5,2,after,1,2.1642595923191803,2.1642595923191803,1,0.8298820969242326,15.07,269.3678648276747
BA,2012-10-24,EARNINGS_GUIDANCE,RESULTS,6,2,intraday,1,-1.3609198493819674,1.3609198493819674,0,0.8837680688220478,18.83,-171.4501909277027
BA,2012-12-18,OTHER,,0,2,after,1,0.767989870239241,0.767989870239241,0,0.7857147863467968,16.34,91.15831592706253
BA,2012-12-20,MANAGEMENT_GOVERNANCE,OFFICER_CHANGE,5,2,after,1,1.1408638839557408,1.1408638839557408,0,0.7879875817801335,17.360001,136.2377529157037
BA,2013-01-14,OTHER,,0,2,after,1,1.8947795775502847,1.8947795775502847,0,1.689377169459484,13.36,239.21699785894737
BA,2013-01-24,OTHER,,0,2,after,1,0.3308448280840417,0.3308448280840417,0,1.9781200329221167,12.46,41.740305852028314
BA,2013-01-30,EARNINGS_GUIDANCE,RESULTS,6,2,intraday,1,0.8098515175565983,0.8098515175565983,0,1.9488747445536037,13.31,101.6846247807313
BA,2013-04-24,EARNINGS_GUIDANCE,RESULTS,6,2,intraday,1,2.3145860446995914,2.3145860446995914,1,1.035547384462446,13.48,339.42419038678486
BA,2013-05-01,OTHER,,0,1,after,1,0.5136726352170665,0.5136726352170665,0,1.124224038250085,13.52,76.36079935813797
BA,2013-05-06,OTHER,,0,2,after,1,0.22538680645360118,0.22538680645360118,0,1.162725303550842,12.85,33.16945359630283
BA,2013-07-24,EARNINGS_GUIDANCE,RESULTS,6,2,intraday,1,-0.8060175048496697,0.8060175048496697,0,1.8178464005169055,12.66,-116.33782054785328
BA,2013-10-23,EARNINGS_GUIDANCE,RESULTS,6,2,intraday,1,3.266139003641556,3.266139003641556,1,1.2440130263402283,13.33,502.8150840846829
BA,2013-11-01,MA_CORPORATE_ACTION,MATERIAL_AGREEMENT,5,2,after,1,0.565022779301523,0.565022779301523,0,1.5186832541089774,13.75,86.14856858219986
BA,2013-12-17,OTHER,,0,2,after,1,-0.7361678989636016,0.7361678989636016,0,1.1668994518425255,16.030001,-121.28079017955316
BA,2013-12-19,MANAGEMENT_GOVERNANCE,OFFICER_CHANGE,5,4,after,1,0.013791672213644766,0.013791672213644766,0,0.9449933711752766,13.8,2.2652417356459202
BA,2014-01-29,EARNINGS_GUIDANCE,RESULTS,6,2,intraday,1,-5.4990677325288555,5.4990677325288555,1,1.139432951253819,15.8,-852.5184597983161
BA,2014-02-27,MANAGEMENT_GOVERNANCE,OFFICER_CHANGE,5,2,after,1,0.46653042746979384,0.46653042746979384,0,1.4202188699420761,14.35,71.78775392069987
BA,2014-03-03,MANAGEMENT_GOVERNANCE,OFFICER_CHANGE,5,2,after,1,0.009818986484210018,0.009818986484210018,0,1.3436538043120199,14.0,1.4957672970431455
BA,2014-03-12,MANAGEMENT_GOVERNANCE,OFFICER_CHANGE,5,3,after,1,-1.4230202666076044,1.4230202666076044,0,1.0006659491756649,14.8,-219.7480712481277
BA,2014-04-23,EARNINGS_GUIDANCE,RESULTS,6,2,intraday,1,1.074791761244812,1.074791761244812,0,1.1220293945329278,13.19,173.78409619874677
BA,2014-05-01,OTHER,,0,2,after,1,0.4895918788719514,0.4895918788719514,0,1.1774586571906112,13.41,80.08511687043213
BA,2014-05-13,MANAGEMENT_GOVERNANCE,OFFICER_CHANGE,5,2,after,1,0.4299504628447373,0.4299504628447373,0,0.8587400759019619,12.23,69.61492286772658
BA,2014-07-23,EARNINGS_GUIDANCE,RESULTS,6,2,intraday,1,-2.987621157220603,2.987621157220603,1,0.9308527961252702,12.24,-452.1356955498439
BA,2014-10-17,MA_CORPORATE_ACTION,MATERIAL_AGREEMENT,5,3,after,1,0.8481409850563706,0.8481409850563706,0,1.229537103571099,25.200001,118.89730412164751
BA,2014-10-22,EARNINGS_GUIDANCE,RESULTS,6,2,intraday,1,-3.064726507832551,3.064726507832551,1,1.4375791974340693,16.08,-436.55230290983366
BA,2014-11-03,OTHER,,0,2,after,1,0.8685329600862819,0.8685329600862819,0,1.620365462134412,14.03,123.51153878295418
BA,2014-12-16,OTHER,,0,2,after,1,0.9906104983399832,0.9906104983399832,0,1.3923196573738605,20.42,135.2111266739537
BA,2014-12-22,MANAGEMENT_GOVERNANCE,OFFICER_CHANGE,5,2,after,1,1.8538555577978655,1.8538555577978655,0,1.3900456824205334,16.49,252.57858510542817
BA,2015-01-28,EARNINGS_GUIDANCE,RESULTS,6,2,intraday,1,9.067719449301444,9.067719449301444,1,1.2226735936556872,17.219999,1146.0541860338585
BA,2015-02-11,MANAGEMENT_GOVERNANCE,OFFICER_CHANGE,5,2,after,1,-0.2274660774952558,0.2274660774952558,0,2.1343006647788827,17.23,-28.943591644143996
BA,2015-02-23,OTHER,,0,2,after,1,-2.1319915941143095,2.1319915941143095,1,2.094987340576837,14.3,-272.1122787801112
BA,2015-04-22,EARNINGS_GUIDANCE,RESULTS,6,2,intraday,1,-2.034106588480881,2.034106588480881,1,1.1354477725032923,13.25,-301.09414875810023
BA,2015-04-29,OTHER,,0,3,after,1,-1.1383309483994595,1.1383309483994595,0,0.8400229833655949,12.41,-168.818784556882
BA,2015-06-24,MANAGEMENT_GOVERNANCE,OFFICER_CHANGE,5,3,after,1,-0.35856835619119376,0.35856835619119376,0,0.7772543327047811,12.11,-53.39995983792936
BA,2015-07-17,EARNINGS_GUIDANCE,RESULTS,6,2,intraday,1,-0.9671912848045076,0.9671912848045076,0,1.047926651145327,12.11,-142.3486746002891
BA,2015-07-22,EARNINGS_GUIDANCE,RESULTS,6,2,intraday,1,0.9470160510638893,0.9470160510638893,0,1.1051628111864538,12.22,137.88363112559765
BA,2015-08-14,MANAGEMENT_GOVERNANCE,OFFICER_CHANGE,5,3,after,1,-0.8452707216390817,0.8452707216390817,0,1.210876839528604,13.49,-120.64964586740956
BA,2015-10-21,EARNINGS_GUIDANCE,RESULTS,6,2,intraday,1,2.9118348746743283,2.9118348746743283,1,1.5601626976756597,15.75,412.0527915197506
BA,2015-10-27,OTHER,,0,2,after,1,-0.1502020557422126,0.1502020557422126,0,1.499125441169842,15.29,-21.165146701143666
BA,2015-10-30,OTHER,,0,2,after,1,0.01931195688256979,0.01931195688256979,0,1.5253844551030102,14.61,2.693990694551396
BA,2015-11-09,MA_CORPORATE_ACTION,MATERIAL_AGREEMENT,5,3,after,1,-0.8984540587570582,0.8984540587570582,0,1.4618334439497285,14.33,-126.37621807200645
BA,2015-12-16,MANAGEMENT_GOVERNANCE,OFFICER_CHANGE,5,4,after,1,-0.47579827976652345,0.47579827976652345,0,1.2798450566648678,20.950001,-67.13309087574027
BA,2016-01-22,EARNINGS_GUIDANCE,RESULTS,6,2,after,1,-0.01165773927949948,0.01165773927949948,0,2.2417866315928316,26.690001,-1.3797657264388343
BA,2016-01-27,EARNINGS_GUIDANCE,RESULTS,6,2,intraday,1,-6.28149948462938,6.28149948462938,1,2.299436630059197,22.5,-755.0403806855685
BA,2016-01-28,OTHER,,0,2,intraday,1,0.028557557234118403,0.028557557234118403,0,3.3655986867775183,23.110001,3.4318776534831077
BA,2016-02-24,MANAGEMENT_GOVERNANCE,OFFICER_CHANGE,5,3,after,1,-1.5197913491374428,1.5197913491374428,0,3.972358184238013,20.98,-176.318646878572
BA,2016-04-27,EARNINGS_GUIDANCE,RESULTS,6,2,intraday,1,1.2598183403133607,1.2598183403133607,0,0.7948964523845767,13.96,205.62460728767144
BA,2016-05-05,OTHER,,0,1,after,1,0.8868711152110613,0.8868711152110613,0,0.951383970115402,16.049999,147.1373433232864
BA,2016-05-19,OTHER,,0,2,after,1,-1.7889729645404189,1.7889729645404189,0,1.0895143805115086,15.95,-299.7078036253424
BA,2016-07-22,EARNINGS_GUIDANCE,RESULTS,6,2,after,1,-0.32157593540516816,0.32157593540516816,0,1.5182549249433885,12.74,-55.99481650357935
BA,2016-07-27,EARNINGS_GUIDANCE,RESULTS,6,2,intraday,1,-0.7534073646112808,0.7534073646112808,0,0.8474696253966569,13.05,-130.96615889146236
BA,2016-10-17,MANAGEMENT_GOVERNANCE,OFFICER_CHANGE,5,3,after,1,0.5975970906614425,0.5975970906614425,0,0.7616984816064426,16.120001,99.22680370076003
BA,2016-10-26,EARNINGS_GUIDANCE,RESULTS,6,2,intraday,1,2.24270583093171,2.24270583093171,1,0.6891548920900199,13.46,372.74894279795757
BA,2016-11-08,MA_CORPORATE_ACTION,MATERIAL_AGREEMENT,5,3,after,1,0.287691816829958,0.287691816829958,0,1.1672978428891652,18.709999,47.65176735291748
BA,2016-11-22,MANAGEMENT_GOVERNANCE,OFFICER_CHANGE,5,2,after,1,0.9934582218432412,0.9934582218432412,0,1.2507420353454362,12.42,163.97882671395476
BA,2016-12-13,OTHER,,0,2,after,1,-0.8870645249685135,0.8870645249685135,0,0.6928827506933016,12.64,-149.88973126585793
BA,2017-01-25,EARNINGS_GUIDANCE,RESULTS,6,2,intraday,1,2.959671843788628,2.959671843788628,1,0.6630762794309152,11.07,429.2239119332016
BA,2017-04-26,EARNINGS_GUIDANCE,RESULTS,6,2,intraday,1,-0.28999127436714855,0.28999127436714855,0,0.8108326507136088,10.76,-35.329725361819776
BA,2017-05-04,OTHER,,0,1,after,1,0.10174145062699633,0.10174145062699633,0,0.8946410454000431,10.68,12.370721865522247
BA,2017-06-29,MANAGEMENT_GOVERNANCE,OFFICER_CHANGE,5,2,after,1,-0.38215258095520543,0.38215258095520543,0,1.0031107569335371,10.03,-43.519844677858124
BA,2017-07-26,EARNINGS_GUIDANCE,RESULTS,6,2,intraday,1,11.01893664804669,11.01893664804669,1,0.7285301683627254,9.43,1246.4211171545714
BA,2017-08-01,OTHER,,0,1,intraday,1,-2.111941916864926,2.111941916864926,1,2.7139807853648903,10.26,-241.13118448917143
BA,2017-08-11,MANAGEMENT_GOVERNANCE,OFFICER_CHANGE,5,3,after,1,0.32315688388701636,0.32315688388701636,0,2.766132256157121,16.040001,37.13468938349243
BA,2017-10-25,EARNINGS_GUIDANCE,RESULTS,6,2,intraday,1,-1.808714461238706,1.808714461238706,0,0.7208945905596683,11.16,-263.39664667850246
BA,2017-11-06,MA_CORPORATE_ACTION,MATERIAL_AGREEMENT,5,3,after,1,0.8096633826990819,0.8096633826990819,0,1.0616150390484902,9.14,116.21071682353396
BA,2017-12-12,OTHER,,0,2,after,1,1.7198351297342642,1.7198351297342642,0,1.12555075165259,9.34,251.2855891085441
BA,2017-12-18,MANAGEMENT_GOVERNANCE,OFFICER_CHANGE,5,1,after,1,0.36580893388488955,0.36580893388488955,0,1.1653545018887035,9.42,53.67718950583798
BA,2017-12-19,OTHER,,0,2,after,1,0.42930131086321,0.42930131086321,0,1.1659447441648776,9.53,62.885002445399245
BA,2018-01-31,EARNINGS_GUIDANCE,RESULTS,6,2,intraday,1,3.5296869217397067,3.5296869217397067,1,1.842073909795464,14.79,518.0873929059871
BA,2018-02-26,OTHER,,0,2,after,1,1.2117922029231571,1.2117922029231571,0,2.4831506011001743,16.49,185.25217683231233
BA,2018-04-25,EARNINGS_GUIDANCE,RESULTS,6,2,intraday,1,1.2376756870884802,1.2376756870884802,0,1.6501298921981626,18.02,221.79751350948808
BA,2018-05-01,MA_CORPORATE_ACTION,MATERIAL_AGREEMENT,5,3,intraday,1,-1.5049426489604505,1.5049426489604505,0,1.7122304314475312,15.93,-270.8548696818258
BA,2018-05-02,OTHER,,0,1,after,1,0.5198221085095007,0.5198221085095007,0,1.666205183409897,15.49,93.81109279575938
BA,2018-06-08,MA_CORPORATE_ACTION,MATERIAL_AGREEMENT,5,2,after,1,-0.13770306354955006,0.13770306354955006,0,1.098654291777885,12.13,-26.69703778792334
BA,2018-07-16,OTHER,,0,2,after,1,0.6103984035218621,0.6103984035218621,0,1.2352221632895732,12.18,106.92164084665782
BA,2018-07-25,EARNINGS_GUIDANCE,RESULTS,6,2,intraday,1,-0.4346505848004852,0.4346505848004852,0,0.8987959534744683,12.41,-76.2189025801187
BA,2018-10-24,EARNINGS_GUIDANCE,RESULTS,6,2,intraday,1,3.010975882331018,3.010975882331018,1,1.3017278464943152,20.709999,551.7763789765605
BA,2018-10-26,OTHER,,0,2,after,1,-2.7168674547997638,2.7168674547997638,1,1.3852642067581364,24.219999,-501.4804923591272
BA,2018-11-01,MA_CORPORATE_ACTION,MATERIAL_AGREEMENT,5,4,after,1,0.021225620932023695,0.021225620932023695,0,1.8360805030461755,21.23,3.926130523743436
BA,2018-12-18,OTHER,,0,2,after,1,1.5259127625619742,1.5259127625619742,0,1.6786167142514914,24.52,303.5373580528887
BA,2019-01-25,OTHER,,0,1,pre,1,0.6485733435184204,0.6485733435184204,0,1.4798068936317506,18.889999,122.71909411017192
BA,2019-01-30,EARNINGS_GUIDANCE,RESULTS,6,2,intraday,1,1.220761524649147,1.220761524649147,0,1.4049435467166307,19.129999,235.64040355831776
BA,2019-02-20,OTHER,,0,2,after,1,0.2381471952228225,0.2381471952228225,0,1.244247174666546,14.88,45.33182970692498
BA,2019-02-27,OTHER,,0,2,after,1,1.700812219945872,1.700812219945872,0,1.265944255139353,15.17,321.80656816209165
BA,2019-04-08,OTHER,,0,2,after,1,-3.052956501378162,3.052956501378162,1,1.8199977560016056,12.82,-561.1932374383812
BA,2019-04-24,EARNINGS_GUIDANCE,RESULTS,6,2,intraday,1,1.2685388804998126,1.2685388804998126,0,1.2657424178078516,12.28,260.51212012418983
BA,2019-04-30,MA_CORPORATE_ACTION,MATERIAL_AGREEMENT,5,4,after,2,0.1261402100582382,0.1261402100582382,0,1.1850936522551492,13.11,26.057841680405517
BA,2019-05-02,MANAGEMENT_GOVERNANCE,OFFICER_CHANGE,5,2,after,1,-0.5670781292243533,0.5670781292243533,0,1.1615028138798618,14.8,-117.19487529216796
BA,2019-05-03,OTHER,,0,2,after,1,-0.9172346749313108,0.9172346749313108,0,1.0516539159085723,14.42,-190.639188898037
BA,2019-06-27,OTHER,,0,1,after,1,-1.908818365422606,1.908818365422606,0,1.08270060481531,16.209999,-408.80089426161686
BA,2019-07-19,EARNINGS_GUIDANCE,RESULTS,6,2,after,1,1.754586800377513,1.754586800377513,0,0.942417746270612,13.53,372.8411734566565
BA,2019-07-24,EARNINGS_GUIDANCE,RESULTS,6,2,intraday,1,-3.262799236683705,3.262799236683705,1,1.163189756936177,12.61,-692.9997048985623
BA,2019-08-01,OTHER,,0,2,after,1,0.7161126308676707,0.7161126308676707,0,1.3109198318508124,16.120001,155.41127953081858
BA,2019-10-15,OTHER,,0,2,intraday,1,-0.5080716371845957,0.5080716371845957,0,0.629620690773951,14.57,-116.50127319168628
BA,2019-10-23,EARNINGS_GUIDANCE,RESULTS,6,2,intraday,1,0.74870652068921,0.74870652068921,0,1.1935100077412242,14.46,172.58223795668636
BA,2019-10-28,MANAGEMENT_GOVERNANCE,OFFICER_CHANGE,5,3,after,1,0.874551884140891,0.874551884140891,0,1.1981608905529093,12.65,204.05642506605244
BA,2019-11-04,MA_CORPORATE_ACTION,MATERIAL_AGREEMENT,5,3,after,1,1.4382622838884007,1.4382622838884007,0,1.2574759200416197,12.3,331.9290924473231
BA,2019-12-17,OTHER,,0,2,after,1,0.49642546756330597,0.49642546756330597,0,0.9013652832420603,12.14,117.96489580037962
BA,2019-12-30,MANAGEMENT_GOVERNANCE,OFFICER_CHANGE,5,2,after,1,-0.4132246074005999,0.4132246074005999,0,0.9981555937111595,13.43,-99.06597472135861
BA,2020-01-13,MANAGEMENT_GOVERNANCE,OFFICER_CHANGE,5,2,after,1,0.1513254864891379,0.1513254864891379,0,0.9761823371796365,12.56,36.44657774302931
BA,2020-01-22,OTHER,,0,2,after,1,0.6472606823443144,0.6472606823443144,0,0.674019257875133,12.85,152.40268089660393
BA,2020-01-29,EARNINGS_GUIDANCE,RESULTS,6,2,intraday,1,0.9191365094704318,0.9191365094704318,0,0.8539905340796113,16.280001,221.4615497454162
BA,2020-02-10,MA_CORPORATE_ACTION,MATERIAL_AGREEMENT,5,3,after,1,0.759626173440053,0.759626173440053,0,1.0252221261837615,15.47,184.63080222090156
BA,2020-02-25,MANAGEMENT_GOVERNANCE,OFFICER_CHANGE,5,4,after,1,-0.31060292309475357,0.31060292309475357,0,1.087478670990632,25.030001,-73.23238631709836
BA,2020-03-18,MA_CORPORATE_ACTION,DEBT_ISSUANCE,3,1,after,1,-8.578910193478173,8.578910193478173,1,5.452710563153842,75.910004,-1962.987035576595
BA,2020-03-20,MANAGEMENT_GOVERNANCE,OFFICER_CHANGE,5,3,after,1,6.015511395766809,6.015511395766809,1,5.657665085656582,72.0,1388.1104797265784
BA,2020-03-23,OTHER,,0,2,intraday,1,10.666686754059885,10.666686754059885,1,5.649561458214947,66.040001,2459.066759065646
BA,2020-03-24,OTHER,,0,2,after,1,14.177225420261463,14.177225420261463,1,6.177805499947867,61.59,3215.3368681256115
BA,2020-04-07,OTHER,,0,2,after,1,-1.8131857852202373,1.8131857852202373,0,8.663489111409058,45.240002,-406.7540428930801
BA,2020-04-28,OTHER,,0,1,after,1,1.6482228839482678,1.6482228839482678,0,3.4747653567742334,33.290001,495.80378664115034
BA,2020-04-29,EARNINGS_GUIDANCE,RESULTS,6,2,intraday,1,1.6817495370940032,1.6817495370940032,0,3.2335149642178114,33.57,545.0366987912208
BA,2020-05-05,MA_CORPORATE_ACTION,MATERIAL_AGREEMENT,5,3,after,1,-1.8892500381141029,1.8892500381141029,0,2.0298949403516056,35.970001,-714.5189143585475
BA,2020-07-29,EARNINGS_GUIDANCE,RESULTS,6,2,intraday,1,-1.1219036027916427,1.1219036027916427,0,0.642386053306317,25.440001,-628.9596473173466
BA,2020-10-27,MA_CORPORATE_ACTION,MATERIAL_AGREEMENT,5,3,after,1,-0.06096180087728635,0.06096180087728635,0,0.5865380973626785,32.459999,-35.65432026930527
BA,2020-10-28,EARNINGS_GUIDANCE,RESULTS,6,2,intraday,1,0.14260842145343297,0.14260842145343297,0,0.6093671905000683,33.349998,83.42356042090718
BA,2020-11-03,MA_CORPORATE_ACTION,MATERIAL_AGREEMENT,5,3,after,1,-0.7150473152011171,0.7150473152011171,0,0.6579420198264035,37.130001,-419.30825646075505
BA,2020-11-11,OTHER,,0,1,after,1,-0.8827827998982879,0.8827827998982879,0,0.9129755124438319,24.799999,-520.5514605248711
BA,2021-01-08,MA_CORPORATE_ACTION,MATERIAL_AGREEMENT,5,3,after,1,-0.3434922491936358,0.3434922491936358,0,0.3344521814301897,22.370001,-207.17235373598257
BA,2021-01-27,EARNINGS_GUIDANCE,RESULTS,6,2,intraday,1,0.1863477767317629,0.1863477767317629,0,0.366334977012203,23.02,113.31366058850897
BA,2021-02-05,MA_CORPORATE_ACTION,MATERIAL_AGREEMENT,5,3,after,1,-0.13253423994505284,0.13253423994505284,0,0.42790246923325054,21.77,-80.33541687240228
BA,2021-02-18,OTHER,,0,2,after,1,0.4373117720819735,0.4373117720819735,0,0.4192402797775895,21.5,265.1310686994123
BA,2021-03-16,MANAGEMENT_GOVERNANCE,OFFICER_CHANGE,5,1,after,1,-0.15306409816880523,0.15306409816880523,0,1.0573943671211252,20.030001,-74.61452527198543
BA,2021-03-23,MA_CORPORATE_ACTION,MATERIAL_AGREEMENT,5,3,after,1,-0.4521136210733761,0.4521136210733761,0,1.089543597750614,18.879999,-213.28023170322274
BA,2021-04-21,MANAGEMENT_GOVERNANCE,OFFICER_CHANGE,5,5,after,1,0.027139060330311375,0.027139060330311375,0,0.5516185164324121,18.68,11.49503501761847
BA,2021-04-28,EARNINGS_GUIDANCE,RESULTS,6,2,intraday,1,-0.9244200847354849,0.9244200847354849,0,0.4682148604058827,17.559999,-398.0260935281605
BA,2021-07-01,MANAGEMENT_GOVERNANCE,OFFICER_CHANGE,5,5,after,2,-0.8727639096265666,0.8727639096265666,0,0.6670875313324385,15.83,-295.82060833750415
BA,2021-07-13,OTHER,,0,2,intraday,1,-1.6884516122667745,1.6884516122667745,0,0.7253832007270066,16.17,-570.8196967696039
BA,2021-07-28,EARNINGS_GUIDANCE,RESULTS,6,2,intraday,1,1.116934855661635,1.116934855661635,0,1.0272464613540866,19.360001,364.1012328977953
BA,2021-09-02,MANAGEMENT_GOVERNANCE,OFFICER_CHANGE,5,3,after,1,-0.08564800940902109,0.08564800940902109,0,0.7740504773462695,16.110001,-27.42416349142249
BA,2021-10-27,EARNINGS_GUIDANCE,RESULTS,6,5,intraday,2,-0.5206430218077235,0.5206430218077235,0,0.6432266625899878,15.98,-148.26083370544256
BA,2022-01-26,EARNINGS_GUIDANCE,RESULTS,6,2,intraday,1,-2.129681674256941,2.129681674256941,1,1.1288507185438788,31.16,-580.0640991867389
BA,2022-03-29,MANAGEMENT_GOVERNANCE,OFFICER_CHANGE,5,2,pre,1,1.1679482746892136,1.1679482746892136,0,1.6936143155239272,19.629999,300.5037113793698
BA,2022-04-27,EARNINGS_GUIDANCE,RESULTS,6,2,intraday,1,-4.261756154875307,4.261756154875307,1,1.143860910841299,33.52,-1130.6944328080783
BA,2022-05-02,OTHER,,0,1,after,1,0.745717063344204,0.745717063344204,0,1.4423153602954146,33.400002,198.43593655714506
BA,2022-06-23,MANAGEMENT_GOVERNANCE,OFFICER_CHANGE,5,2,after,1,-0.6777027254798296,0.6777027254798296,0,2.2509528566451524,28.950001,-191.91931727164143
BA,2022-07-06,OTHER,,0,2,after,1,-0.1358499946247063,0.1358499946247063,0,2.100490887326279,27.540001,-39.148026443721164
BA,2022-07-27,EARNINGS_GUIDANCE,RESULTS,6,2,intraday,1,-1.0074806431619499,1.0074806431619499,0,1.1748431473898615,24.690001,-300.1945685896644
BA,2022-08-30,MA_CORPORATE_ACTION,MATERIAL_AGREEMENT,5,3,after,1,-0.18935225251823007,0.18935225251823007,0,0.8785105911559914,26.209999,-60.92448219920115
BA,2022-10-26,EARNINGS_GUIDANCE,RESULTS,6,2,intraday,1,-0.9176379531910328,0.9176379531910328,0,1.1483175150637244,28.459999,-300.2788729839016
BA,2022-11-29,MANAGEMENT_GOVERNANCE,OFFICER_CHANGE,5,1,after,1,0.026839141363081836,0.026839141363081836,0,1.067813814956524,22.209999,8.496144625145357
BA,2022-12-13,OTHER,,0,1,after,1,0.2834487519930791,0.2834487519930791,0,0.8944152575836993,25.0,92.7530365787727
BA,2023-01-25,EARNINGS_GUIDANCE,RESULTS,6,2,intraday,1,-0.34418249060142264,0.34418249060142264,0,0.7317501046334616,19.200001,-114.04508325043035
BA,2023-03-16,MANAGEMENT_GOVERNANCE,OFFICER_CHANGE,5,2,after,1,0.15791698084784458,0.15791698084784458,0,0.9379579137998978,26.139999,51.67055929145644
BA,2023-04-12,OTHER,,0,2,after,1,-0.22329771278115215,0.22329771278115215,0,0.83478505013116,19.1,-73.36180979034548
BA,2023-04-20,OTHER,,0,1,after,1,-0.4680653271274315,0.4680653271274315,0,0.7854546625904562,16.459999,-147.76663593550794
BA,2023-04-26,EARNINGS_GUIDANCE,RESULTS,6,2,intraday,1,-0.13162036863396723,0.13162036863396723,0,0.7981738744440505,18.76,-40.56680862398521
BA,2023-07-26,EARNINGS_GUIDANCE,RESULTS,6,2,intraday,1,3.6809051293118293,3.6809051293118293,1,0.6477373132131532,13.86,931.0539019595391
BA,2023-08-25,MA_CORPORATE_ACTION,MATERIAL_AGREEMENT,5,3,after,1,1.1291660943868898,1.1291660943868898,0,0.9633547788649959,17.200001,283.61823683156786
BA,2023-09-06,OTHER,,0,2,after,1,-0.867172162270453,0.867172162270453,0,0.9739619841497823,14.01,-216.6071403812482
BA,2023-09-25,OTHER,,0,1,after,1,-0.2135708026692256,0.2135708026692256,0,0.5569719986111215,17.200001,-53.6079904468707
BA,2023-10-25,EARNINGS_GUIDANCE,RESULTS,6,2,intraday,1,0.3926594140251427,0.3926594140251427,0,0.950704973962965,18.969999,85.97908129833444
BA,2023-12-12,MANAGEMENT_GOVERNANCE,OFFICER_CHANGE,5,2,after,1,-0.2616182099565977,0.2616182099565977,0,0.8826721775445503,12.63,-55.208264270984394
BA,2024-01-31,EARNINGS_GUIDANCE,RESULTS,6,2,intraday,1,2.3010215182705944,2.3010215182705944,1,1.9388737477278426,13.31,489.3837355935078
BA,2024-03-26,MANAGEMENT_GOVERNANCE,OFFICER_CHANGE,5,3,after,1,-0.057554852399109756,0.057554852399109756,0,1.0464629497327822,13.19,-14.280241511622007
BA,2024-04-24,EARNINGS_GUIDANCE,RESULTS,6,2,intraday,1,-0.4077796710559636,0.4077796710559636,0,0.6522695632530187,15.69,-102.71722648718568
BA,2024-05-06,MA_CORPORATE_ACTION,MATERIAL_AGREEMENT,5,4,after,1,-0.9109803791334504,0.9109803791334504,0,1.0875750221608822,13.49,-230.9578868352413
BA,2024-05-20,MA_CORPORATE_ACTION,MATERIAL_AGREEMENT,5,4,after,2,-0.0668690316218723,0.0668690316218723,0,1.1206333970545979,11.99,-17.03684193283905
BA,2024-07-01,MA_CORPORATE_ACTION,MATERIAL_AGREEMENT,5,3,intraday,1,0.5627652078754248,0.5627652078754248,0,0.9373652718496022,12.44,147.12706237790047
BA,2024-07-31,EARNINGS_GUIDANCE,RESULTS,6,2,intraday,1,-1.7098023665551767,1.7098023665551767,0,1.0297758499180032,17.690001,-450.30187384544325
BA,2024-08-01,MANAGEMENT_GOVERNANCE,OFFICER_CHANGE,5,3,after,1,-3.4890130128710743,3.4890130128710743,1,1.0507898172673074,16.360001,-921.053334509505
BA,2024-09-16,OTHER,,0,1,after,1,-0.07378511841663599,0.07378511841663599,0,0.9499475056400014,16.559999,-20.487445976970115
BA,2024-09-23,MANAGEMENT_GOVERNANCE,OFFICER_CHANGE,5,1,after,1,0.5075843097651734,0.5075843097651734,0,0.8026229673072233,16.15,140.83834306008882
BA,2024-10-14,EARNINGS_GUIDANCE,RESULTS,6,2,after,1,0.36591330371771563,0.36591330371771563,0,0.8845550641139113,20.459999,102.52672457285922
BA,2024-10-15,MA_CORPORATE_ACTION,MATERIAL_AGREEMENT,5,3,intraday,1,1.5434781239752695,1.5434781239752695,0,0.8896661081990733,19.700001,433.4432618900873
BA,2024-10-23,EARNINGS_GUIDANCE,RESULTS,6,2,intraday,1,-0.7869290945121991,0.7869290945121991,0,0.9652966001270711,18.200001,-222.60334902724642
BA,2024-10-31,MA_CORPORATE_ACTION,MATERIAL_AGREEMENT,5,4,after,1,0.6109988051705281,0.6109988051705281,0,0.9428526163536259,20.35,172.55977773132474
BA,2024-11-01,MA_CORPORATE_ACTION,MATERIAL_AGREEMENT,5,4,after,1,1.393456652059178,1.393456652059178,0,0.9958924783025218,23.16,393.86841567039863
BA,2024-11-19,MANAGEMENT_GOVERNANCE,OFFICER_CHANGE,5,3,after,1,0.5813655371409584,0.5813655371409584,0,1.048898281777296,15.58,163.79668517009955
BA,2025-01-24,OTHER,,0,1,after,1,-0.08186515861182252,0.08186515861182252,0,0.7370882827370698,15.02,-22.310390750453145
BA,2025-01-28,EARNINGS_GUIDANCE,RESULTS,6,2,intraday,1,-0.3182400493544228,0.3182400493544228,0,0.7232027453202559,17.9,-86.89644454116785
BA,2025-02-26,MANAGEMENT_GOVERNANCE,OFFICER_CHANGE,5,1,after,1,-0.4411892342835642,0.4411892342835642,0,0.9574725154500789,19.43,-121.24603334100075
BA,2025-04-23,EARNINGS_GUIDANCE,RESULTS,6,2,intraday,1,1.948353784002593,1.948353784002593,0,2.4955680529516884,30.57,542.7488698677953
BA,2025-04-25,MA_CORPORATE_ACTION,MATERIAL_AGREEMENT,5,4,after,2,1.0363028852543967,1.0363028852543967,0,2.5522583519587276,26.469999,293.54652685170305
BA,2025-06-05,MA_CORPORATE_ACTION,MATERIAL_AGREEMENT,5,2,after,1,-0.39798623479275297,0.39798623479275297,0,0.6845349842229406,17.610001,-115.26442445243576
BA,2025-07-29,EARNINGS_GUIDANCE,RESULTS,6,2,intraday,1,-1.4938196724882329,1.4938196724882329,0,0.5853028946667778,15.03,-418.02642624993376
BA,2025-10-29,EARNINGS_GUIDANCE,RESULTS,6,2,intraday,1,-3.727530779373141,3.727530779373141,1,0.7939152379014766,16.42,-987.6998331663825
BA,2025-12-04,MANAGEMENT_GOVERNANCE,OFFICER_CHANGE,5,3,after,1,-0.26709157031378744,0.26709157031378744,0,1.4951816868217125,16.08,-67.28071721098941
BA,2025-12-09,OTHER,,0,2,after,1,-1.7734033903885145,1.7734033903885145,0,1.530425053063348,16.66,-440.4675926020317
BA,2026-01-27,EARNINGS_GUIDANCE,RESULTS,6,2,intraday,1,-1.1873293147846036,1.1873293147846036,0,0.7991802433934555,16.15,-318.8236831492352
BA,2026-04-20,OTHER,,0,1,after,1,-0.47969308002299726,0.47969308002299726,0,1.2442118970373313,17.48,-117.66613100628544
BA,2026-04-22,EARNINGS_GUIDANCE,RESULTS,6,2,intraday,1,2.4622243041663916,2.4622243041663916,1,1.2724129390667578,19.5,614.1027314294893
BA,2026-07-28,EARNINGS_GUIDANCE,RESULTS,6,2,intraday,1,1.1871631196786028,1.1871631196786028,0,0.9145213329799752,18.67,310.4184482099527
BA,2026-08-24,MANAGEMENT_GOVERNANCE,OFFICER_CHANGE,5,1,after,1,-0.45283651368902345,0.45283651368902345,0,1.437192484848824,15.13,-120.24666621437969
BA,2026-08-31,MA_CORPORATE_ACTION,MATERIAL_AGREEMENT,5,3,after,1,-0.21378657844770105,0.21378657844770105,0,1.1927352249319108,14.43,-56.87004244704345
BAC,2008-01-14,OTHER,,0,2,pre,1,0.05149560080835181,0.05149560080835181,0,1.5983147897501822,23.68,6.090886277968707
BAC,2008-01-23,EARNINGS_GUIDANCE,RESULTS,6,4,after,1,2.523472173464018,2.523472173464018,1,2.3989605639765457,31.01,304.7434372048422
BAC,2008-01-30,OTHER,,0,4,pre,1,3.289833924467428,3.289833924467428,1,3.4610318956419914,27.32,417.3778383630866
BAC,2008-01-31,OTHER,,0,4,pre,1,2.3094841025869077,2.3094841025869077,1,3.366841940852128,27.620001,293.09398497317744
BAC,2008-04-16,OTHER,,0,2,pre,1,1.158864157713593,1.158864157713593,0,2.884119654244486,22.780001,182.96033620026583
BAC,2008-04-22,EARNINGS_GUIDANCE,RESULTS,6,4,after,1,-0.6846773722863907,0.6846773722863907,0,2.374146398687972,20.5,-110.95052720615924
BAC,2008-05-02,OTHER,,0,4,after,1,-0.4349608039802725,0.4349608039802725,0,1.769883766091263,18.879999,-78.04941261545314
BAC,2008-05-30,MANAGEMENT_GOVERNANCE,OFFICER_CHANGE,5,2,after,1,-0.9131624634196628,0.9131624634196628,0,1.1491592454389346,18.139999,-175.57798698587936
BAC,2008-07-02,OTHER,,0,2,after,1,-1.7983188321855208,1.7983188321855208,0,1.798903509461431,23.65,-355.5879065533665
BAC,2008-07-22,EARNINGS_GUIDANCE,RESULTS,6,4,after,1,6.867860083299403,6.867860083299403,1,5.3675404456367914,23.049999,1365.198799479411
BAC,2008-07-25,OTHER,,0,2,after,1,-3.117062112806649,3.117062112806649,1,5.776312536017925,23.440001,-619.4575436289406
BAC,2008-08-01,MA_CORPORATE_ACTION,DEBT_ISSUANCE,3,2,after,1,0.9236996980802062,0.9236996980802062,0,6.167006932935736,22.940001,182.39472685903812
BAC,2008-09-16,OTHER,,0,2,pre,1,2.3723810795524747,2.3723810795524747,1,2.7762501314856665,31.700001,841.9102703768114
BAC,2008-09-19,MA_CORPORATE_ACTION,MATERIAL_AGREEMENT,5,2,after,1,2.204252237214801,2.204252237214801,1,3.195414873524218,33.099998,785.1245421759364
BAC,2008-10-06,OTHER,,0,2,pre,1,-4.43365343904479,4.43365343904479,1,4.1219360914531205,45.139999,-1622.6110474181228
BAC,2008-10-07,EARNINGS_GUIDANCE,RESULTS,6,4,pre,1,-6.129456393932597,6.129456393932597,1,4.113290876144604,52.049999,-2242.8113912359177
BAC,2008-10-08,MANAGEMENT_GOVERNANCE,OFFICER_CHANGE,5,2,pre,1,0.4960927976446512,0.4960927976446512,0,4.817250668053317,53.68,181.3455233875823
BAC,2008-10-13,OTHER,,0,2,after,1,-0.4970730453422297,0.4970730453422297,0,4.918343003134472,69.949997,-182.40333555444604
BAC,2008-10-22,OTHER,,0,2,after,1,1.4644863080289425,1.4644863080289425,0,4.144236967753792,53.110001,546.2671727534887
BAC,2008-10-31,MA_CORPORATE_ACTION,MATERIAL_AGREEMENT,5,6,pre,1,0.36212243175319825,0.36212243175319825,0,3.4022754891099773,62.900002,145.00022570751833
BAC,2008-11-11,OTHER,,0,2,after,1,1.3359414492392252,1.3359414492392252,0,2.3155382581133868,59.98,557.7030939191799
BAC,2008-11-13,OTHER,,0,2,after,1,-1.4801960150883375,1.4801960150883375,0,1.8945908451451574,66.459999,-629.7813041778313
BAC,2008-11-24,OTHER,,0,1,pre,1,1.2142786970685897,1.2142786970685897,0,1.9481112054817948,72.669998,595.8139443862099
BAC,2008-12-08,OTHER,,0,6,pre,3,1.2122913247521354,1.2122913247521354,0,2.548798151361307,59.93,710.1876383776167
BAC,2008-12-12,MANAGEMENT_GOVERNANCE,OFFICER_CHANGE,5,4,pre,2,-0.8870515434740632,0.8870515434740632,0,2.713788045158363,55.779999,-524.9127105106749
BAC,2008-12-16,OTHER,,0,2,pre,1,-0.48261395125991235,0.48261395125991235,0,2.6720405898425454,56.759998,-286.7713047120432
BAC,2008-12-19,OTHER,,0,2,pre,1,-0.036949886296702934,0.036949886296702934,0,2.4343459284880438,47.34,-21.937801891755974
BAC,2009-01-05,MA_CORPORATE_ACTION,ACQUISITION_COMPLETED,6,6,after,1,-0.15602118231176346,0.15602118231176346,0,1.4613375688203023,39.189999,-95.48359321978833
BAC,2009-01-08,MANAGEMENT_GOVERNANCE,OFFICER_CHANGE,5,1,pre,1,-0.34431854645254495,0.34431854645254495,0,1.0920897810769452,43.389999,-213.75540290808252
BAC,2009-01-13,MA_CORPORATE_ACTION,MATERIAL_AGREEMENT,5,5,pre,1,-0.9226818144826023,0.9226818144826023,0,1.1103881659938684,45.84,-578.2452718383022
BAC,2009-01-23,MA_CORPORATE_ACTION,MATERIAL_AGREEMENT,5,6,pre,1,0.4993198168432635,0.4993198168432635,0,2.3914234442051323,47.290001,319.313953085161
BAC,2009-01-29,MANAGEMENT_GOVERNANCE,OFFICER_CHANGE,5,2,after,1,-0.24189343036559618,0.24189343036559618,0,2.5559438794485123,39.66,-154.92444794377002
BAC,2009-02-04,MANAGEMENT_GOVERNANCE,OFFICER_CHANGE,5,4,pre,2,-1.6455429646426365,1.6455429646426365,0,2.495958946531903,43.060001,-1050.585965663859
BAC,2009-02-26,OTHER,,0,2,pre,1,-2.918377566332511,2.918377566332511,1,2.514935178918757,44.669998,-1915.9459230452383
BAC,2009-03-04,OTHER,,0,1,pre,1,-1.371499404778866,1.371499404778866,0,2.624558759234104,50.93,-969.0850284307559
BAC,2009-03-13,OTHER,,0,2,pre,1,0.6921933862297599,0.6921933862297599,0,2.479624616362377,41.18,517.7835525265629
BAC,2009-04-21,EARNINGS_GUIDANCE,RESULTS,6,5,after,2,0.09875313876361952,0.09875313876361952,0,1.8167899548236677,39.18,90.51532475316273
BAC,2009-05-08,OTHER,,0,2,pre,1,-0.5264568623546838,0.5264568623546838,0,1.4630493267690745,33.439999,-505.2872747875708
BAC,2009-05-11,OTHER,,0,2,after,1,-1.0126048424723637,1.0126048424723637,0,1.4290383097155104,32.049999,-971.8940284448499
BAC,2009-05-21,OTHER,,0,2,after,1,-0.0032159182252193092,0.0032159182252193092,0,1.1087406105598754,29.030001,-3.1228396459569154
BAC,2009-05-28,OTHER,,0,3,after,1,-0.3718841694519753,0.3718841694519753,0,1.062609331163444,32.360001,-371.57748875818396
BAC,2009-05-29,OTHER,,0,2,after,1,-0.9901321750940457,0.9901321750940457,0,1.0630585647529602,31.67,-990.1045079783269
BAC,2009-06-01,MANAGEMENT_GOVERNANCE,OFFICER_CHANGE,5,2,pre,1,-0.42408294811874797,0.42408294811874797,0,1.0561250118233738,28.92,-424.0369322749328
BAC,2009-06-03,OTHER,,0,3,after,1,0.4774009272236769,0.4774009272236769,0,0.8758204775785992,29.629999,485.5635551388973
BAC,2009-06-05,MANAGEMENT_GOVERNANCE,OFFICER_CHANGE,5,3,after,2,0.24605448207294278,0.24605448207294278,0,0.6986846853078411,30.18,250.71189695480757
BAC,2009-06-08,MANAGEMENT_GOVERNANCE,OFFICER_CHANGE,5,2,pre,1,0.14743843605559523,0.14743843605559523,0,0.6748848039135205,29.620001,150.22947462421573
BAC,2009-06-09,MANAGEMENT_GOVERNANCE,OFFICER_CHANGE,5,1,pre,1,-0.12147729017854979,0.12147729017854979,0,0.6210045066748641,29.77,-123.66398954404612
BAC,2009-06-22,MANAGEMENT_GOVERNANCE,OFFICER_CHANGE,5,1,pre,1,-0.13667519941702894,0.13667519941702894,0,0.45567280444156544,27.99,-141.52304395449576
BAC,2009-06-30,OTHER,,0,1,pre,1,-0.03658855776065831,0.03658855776065831,0,0.5510868490757723,25.35,-37.86854058895821
BAC,2009-07-20,EARNINGS_GUIDANCE,RESULTS,6,4,after,1,-0.8575959936846483,0.8575959936846483,0,0.5253842220839423,24.34,-869.3074487113098
BAC,2009-07-24,MANAGEMENT_GOVERNANCE,OFFICER_CHANGE,5,2,after,1,0.16052165416733039,0.16052165416733039,0,0.44416097494533996,23.43,163.03645873273223
BAC,2009-07-29,OTHER,,0,2,pre,1,0.27938602587993633,0.27938602587993633,0,0.4507090843847579,25.01,283.8531151243553
BAC,2009-08-03,MANAGEMENT_GOVERNANCE,OFFICER_CHANGE,5,1,pre,1,0.13278664536231374,0.13278664536231374,0,0.4558785721317538,25.92,134.7513333757292
BAC,2009-08-04,MANAGEMENT_GOVERNANCE,OFFICER_CHANGE,5,3,pre,1,0.827111975528376,0.827111975528376,0,0.4504984314018236,25.559999,839.734212668275
BAC,2009-08-24,MANAGEMENT_GOVERNANCE,OFFICER_CHANGE,5,2,pre,1,0.1232091416626553,0.1232091416626553,0,0.4252267926785656,25.01,125.2444947411048
BAC,2009-09-22,MANAGEMENT_GOVERNANCE,OFFICER_CHANGE,5,2,pre,1,0.23037476556715245,0.23037476556715245,0,0.31905369534260675,24.059999,229.6334927121452
BAC,2009-09-23,MA_CORPORATE_ACTION,AGREEMENT_TERMINATED,5,2,after,1,0.04680429564229544,0.04680429564229544,0,0.3244198276206852,23.08,45.64596833219338
BAC,2009-10-01,MANAGEMENT_GOVERNANCE,OFFICER_CHANGE,5,2,pre,1,0.420005200001472,0.420005200001472,0,0.29903594602552536,25.610001,387.2747754254912
BAC,2009-10-19,EARNINGS_GUIDANCE,RESULTS,6,4,after,1,-0.2237046445120437,0.2237046445120437,0,0.415044207645159,21.43,-198.413258136495
BAC,2009-10-22,MANAGEMENT_GOVERNANCE,OFFICER_CHANGE,5,1,pre,1,-0.13551459173091734,0.13551459173091734,0,0.4124651497401569,22.219999,-120.55739007587225
BAC,2009-11-30,MANAGEMENT_GOVERNANCE,OFFICER_CHANGE,5,1,pre,1,-0.23475039154204705,0.23475039154204705,0,0.3172078435504869,24.74,-195.06191696233637
BAC,2009-12-03,OTHER,,0,3,pre,2,0.5886818487807349,0.5886818487807349,0,0.33327865977708393,21.120001,487.3396247238675
BAC,2009-12-04,OTHER,,0,2,pre,1,-0.029526041060195726,0.029526041060195726,0,0.31867046162657064,22.459999,-24.455323519592536
BAC,2009-12-10,OTHER,,0,4,pre,1,-0.16415781799084175,0.16415781799084175,0,0.31165394814548686,22.66,-135.89092770925353
BAC,2009-12-18,MANAGEMENT_GOVERNANCE,OFFICER_CHANGE,5,2,pre,1,-0.24245333557722337,0.24245333557722337,0,0.3202859848418018,22.51,-199.05427189485334
BAC,2010-01-21,EARNINGS_GUIDANCE,RESULTS,6,4,after,1,0.37563591672856894,0.37563591672856894,0,0.38390726364593486,18.68,268.0176164588201
BAC,2010-02-03,MANAGEMENT_GOVERNANCE,OFFICER_CHANGE,5,1,pre,1,0.7520218793466672,0.7520218793466672,0,0.5206161977294668,21.48,510.5468016723707
BAC,2010-02-08,OTHER,,0,2,pre,1,-0.800951774246849,0.800951774246849,0,0.5534261762825997,26.110001,-534.7110701745103
BAC,2010-02-25,OTHER,,0,3,after,1,0.4409689367269193,0.4409689367269193,0,0.5359363876407809,20.27,241.148691809172
BAC,2010-03-10,OTHER,,0,2,pre,1,-0.06738480976062926,0.06738480976062926,0,0.3658278719100035,17.92,-34.41800454663399
BAC,2010-04-16,EARNINGS_GUIDANCE,RESULTS,6,4,intraday,1,-0.9284798249992805,0.9284798249992805,0,0.46373758928794395,15.89,-348.3974689669479
BAC,2010-04-19,MANAGEMENT_GOVERNANCE,OFFICER_CHANGE,5,2,pre,1,-0.44533856889724516,0.44533856889724516,0,0.7007578084269662,18.360001,-166.33907959814343
BAC,2010-05-04,MANAGEMENT_GOVERNANCE,OFFICER_CHANGE,5,4,pre,1,0.6248073038293538,0.6248073038293538,0,1.0278188645892339,20.190001,185.60176627562555
BAC,2010-07-19,EARNINGS_GUIDANCE,RESULTS,6,4,after,1,-1.81376896387416,1.81376896387416,0,1.8743280467887367,26.25,-416.2359865499439
BAC,2010-07-23,EARNINGS_GUIDANCE,IMPAIRMENT,6,1,pre,1,0.30175027481981165,0.30175027481981165,0,2.052071112811158,24.629999,66.3283344054147
BAC,2010-07-28,OTHER,,0,2,pre,1,0.42897907793873324,0.42897907793873324,0,2.0259974226299025,23.190001,91.88867271929414
BAC,2010-08-04,OTHER,,0,2,pre,1,-1.4162987568634617,1.4162987568634617,0,2.0247035891429337,22.629999,-289.3562130956808
BAC,2010-10-11,OTHER,,0,2,pre,1,1.102673511654373,1.102673511654373,0,1.2624048173180373,20.709999,218.66556272552356
BAC,2010-10-19,EARNINGS_GUIDANCE,RESULTS,6,4,intraday,1,-2.144752563863855,2.144752563863855,1,1.7066150028292928,19.09,-415.6688350388718
BAC,2010-10-21,OTHER,,0,2,after,1,-1.5915307789640243,1.5915307789640243,0,1.8103037985221253,19.790001,-308.6132572952254
BAC,2010-11-08,OTHER,,0,2,pre,1,0.511156338786722,0.511156338786722,0,2.0571533121660917,18.26,95.64819217066747
BAC,2011-01-04,EARNINGS_GUIDANCE,IMPAIRMENT,6,3,after,1,0.9318220058658208,0.9318220058658208,0,1.5959998435383442,17.610001,190.8883542921551
BAC,2011-01-24,EARNINGS_GUIDANCE,RESULTS,6,3,after,1,-2.3964382821859243,2.3964382821859243,1,1.5192148752718733,18.469999,-498.6911553067115
BAC,2011-02-01,MANAGEMENT_GOVERNANCE,OFFICER_CHANGE,5,3,pre,1,0.9010033077943849,0.9010033077943849,0,1.2854228363695561,19.530001,185.17821281534881
BAC,2011-03-17,MANAGEMENT_GOVERNANCE,OFFICER_CHANGE,5,2,after,1,0.11017056338204316,0.11017056338204316,0,1.177857721068048,29.4,23.901354044298433
BAC,2011-03-18,OTHER,,0,2,pre,1,-0.9918923383471412,0.9918923383471412,0,1.2261324735044727,26.370001,-215.49147273367993
BAC,2011-03-23,OTHER,,0,1,intraday,1,-2.0720700116307063,2.0720700116307063,1,1.1791723625746184,20.209999,-449.12870343858697
BAC,2011-04-15,EARNINGS_GUIDANCE,RESULTS,6,4,intraday,1,-1.8427398164056545,1.8427398164056545,0,0.5809593062470193,16.27,-392.87979330769105
BAC,2011-04-18,MANAGEMENT_GOVERNANCE,OFFICER_CHANGE,5,2,after,1,-1.180355156982601,1.180355156982601,0,0.6414395950837856,15.32,-251.6604906811359
BAC,2011-05-03,OTHER,,0,1,after,1,1.5056031489206965,1.5056031489206965,0,0.7877405566868912,15.99,321.71216960753384
BAC,2011-05-12,OTHER,,0,1,pre,1,-0.79781090664673,0.79781090664673,0,0.8333900199460712,16.950001,-169.21919354904148
BAC,2011-06-14,OTHER,,0,1,after,1,-1.358795128613957,1.358795128613957,0,1.1138152388181806,19.610001,-290.13406312765574
BAC,2011-06-29,EARNINGS_GUIDANCE,IMPAIRMENT,6,3,intraday,1,-0.4761968927431658,0.4761968927431658,0,1.2501193447441465,19.17,-102.4077992227082
BAC,2011-07-07,MANAGEMENT_GOVERNANCE,OFFICER_CHANGE,5,1,pre,1,-0.18065357834763757,0.18065357834763757,0,1.1780934656608706,16.34,-37.51086229957729
BAC,2011-07-19,EARNINGS_GUIDANCE,RESULTS,6,3,intraday,1,-0.2562382938033066,0.2562382938033066,0,1.2593122116247786,20.950001,-53.8264110874543
BAC,2011-08-26,MA_CORPORATE_ACTION,MATERIAL_AGREEMENT,5,5,pre,1,1.5901508420475001,1.5901508420475001,0,5.455160159770067,39.759998,347.43414433135325
BAC,2011-08-30,OTHER,,0,2,pre,1,-1.3701669933943847,1.3701669933943847,0,5.599829758997339,32.279999,-299.6785383494461
BAC,2011-09-07,MANAGEMENT_GOVERNANCE,OFFICER_CHANGE,5,2,pre,1,0.4481372703850348,0.4481372703850348,0,3.9951418426688754,37.0,100.45168250836792
BAC,2011-10-10,MANAGEMENT_GOVERNANCE,OFFICER_CHANGE,5,2,pre,1,0.5418426308533282,0.5418426308533282,0,2.032387346934033,36.200001,173.6757154735004
BAC,2011-10-18,EARNINGS_GUIDANCE,RESULTS,6,3,intraday,1,1.538277116213,1.538277116213,0,2.1575322941394375,33.389999,497.7494235902315
BAC,2011-11-15,OTHER,,0,2,after,1,0.06099148673083329,0.06099148673083329,0,2.0527776441065506,31.129999,19.980690345979504
BAC,2011-11-18,OTHER,,0,1,pre,1,-0.2995989343469341,0.2995989343469341,0,1.8002796865868784,34.509998,-99.56490281101016
BAC,2011-12-05,OTHER,,0,1,pre,1,0.2588254946072555,0.2588254946072555,0,1.3165832766965526,27.52,88.8163039391134
BAC,2011-12-07,OTHER,,0,1,pre,1,0.2703429021469998,0.2703429021469998,0,1.3442024578094114,28.129999,92.76527227799124
BAC,2011-12-13,MANAGEMENT_GOVERNANCE,OFFICER_CHANGE,5,1,pre,1,0.15069773519075028,0.15069773519075028,0,1.374786611697098,25.67,51.57852764621284
BAC,2011-12-19,OTHER,,0,1,after,1,-1.0870007409210465,1.0870007409210465,0,1.3287782824632142,24.290001,-375.965951164222
BAC,2012-01-20,EARNINGS_GUIDANCE,RESULTS,6,3,after,1,1.3549614176092601,1.3549614176092601,0,1.3231900227863083,19.870001,467.2143437872941
BAC,2012-02-10,OTHER,,0,1,pre,1,0.4834499153619193,0.4834499153619193,0,0.9012221341368901,18.629999,167.6108796653704
BAC,2012-03-19,OTHER,,0,1,pre,1,0.11249985050650231,0.11249985050650231,0,1.0710021320878154,14.47,41.11744642818563
BAC,2012-04-12,OTHER,,0,2,pre,1,-0.505961504749142,0.505961504749142,0,1.1150124715201897,20.02,-185.1100067090027
BAC,2012-04-19,EARNINGS_GUIDANCE,RESULTS,6,3,intraday,1,-1.3918454364147246,1.3918454364147246,0,1.0137684713400597,18.639999,-508.7312938735471
BAC,2012-05-07,OTHER,,0,2,pre,1,0.412321449784365,0.412321449784365,0,0.9692406900473846,19.16,155.27598385888487
BAC,2012-05-10,OTHER,,0,1,pre,1,-0.5048801839013952,0.5048801839013952,0,0.8668727004248904,20.08,-191.10496777592658
BAC,2012-07-18,EARNINGS_GUIDANCE,RESULTS,6,3,intraday,1,-2.7818920973681673,2.7818920973681673,1,0.9312492344863467,16.48,-1051.8789466847732
BAC,2012-08-13,MANAGEMENT_GOVERNANCE,OFFICER_CHANGE,5,1,pre,1,0.2804837477736735,0.2804837477736735,0,0.9342153374263079,14.74,83.98647347901615
BAC,2012-08-24,MANAGEMENT_GOVERNANCE,OFFICER_CHANGE,5,2,after,1,-0.7032228015653753,0.7032228015653753,0,0.5589534717464669,15.96,-208.33375742822264
BAC,2012-10-01,OTHER,,0,2,after,1,0.14778654650108197,0.14778654650108197,0,1.3229099358485523,15.73,41.49205197145494
BAC,2012-10-17,EARNINGS_GUIDANCE,RESULTS,6,3,intraday,1,-0.07936924306416601,0.07936924306416601,0,0.8286034574328077,15.22,-21.51894040877775
BAC,2012-11-06,OTHER,,0,2,pre,1,-0.9453262544743937,0.9453262544743937,0,0.8929524233146652,18.42,-255.80731926911918
BAC,2013-01-08,EARNINGS_GUIDANCE,RESULTS,6,3,after,1,-2.2891080340772456,2.2891080340772456,1,0.9756781766147599,13.79,-567.6829208587684
BAC,2013-01-24,MANAGEMENT_GOVERNANCE,OFFICER_CHANGE,5,2,pre,1,0.18641981453330655,0.18641981453330655,0,1.154402771034619,12.46,46.39998241732926
BAC,2013-02-01,MANAGEMENT_GOVERNANCE,OFFICER_CHANGE,5,1,pre,1,0.5752160853358864,0.5752160853358864,0,1.074425141423865,14.28,142.1763068430664
BAC,2013-03-06,OTHER,,0,2,pre,1,2.237773017254628,2.237773017254628,1,1.015798886091184,13.48,539.3227265109459
BAC,2013-03-15,OTHER,,0,2,pre,1,2.0953381112032896,2.0953381112032896,1,1.1316486383190516,11.3,494.6284337190815
BAC,2013-03-18,MANAGEMENT_GOVERNANCE,OFFICER_CHANGE,5,2,pre,1,1.0937083941802883,1.0937083941802883,0,1.2368308633386325,11.3,258.64211168455404
BAC,2013-04-02,OTHER,,0,2,pre,1,-0.8249775581629089,0.8249775581629089,0,0.930772832836648,13.58,-193.34183123004667
BAC,2013-04-17,EARNINGS_GUIDANCE,RESULTS,6,3,intraday,1,-1.4371453322215721,1.4371453322215721,0,0.7775551677088683,13.96,-329.06378640892706
BAC,2013-05-07,EARNINGS_GUIDANCE,RESULTS,6,3,pre,1,-0.4248663236498829,0.4248663236498829,0,1.2804478044171277,12.66,-95.66382342982574
BAC,2013-05-09,OTHER,,0,1,pre,1,-0.10130767287118049,0.10130767287118049,0,1.2862599607190115,12.66,-22.7552899663192
BAC,2013-05-29,OTHER,,0,2,pre,1,1.7629430304017077,1.7629430304017077,0,0.9403213032077042,14.48,388.1409062940388
BAC,2013-05-30,OTHER,,0,4,pre,1,1.411877350429628,1.411877350429628,0,0.8965370494739677,14.83,312.1523090463013
BAC,2013-07-17,EARNINGS_GUIDANCE,RESULTS,6,3,intraday,1,2.0390520945542083,2.0390520945542083,1,1.0810673450459583,14.42,424.909517125089
BAC,2013-07-25,MANAGEMENT_GOVERNANCE,OFFICER_CHANGE,5,2,pre,1,-0.3246522789729602,0.3246522789729602,0,0.9025537123148495,13.18,-67.1936453738368
BAC,2013-08-23,OTHER,,0,2,pre,1,-0.3065881043483261,0.3065881043483261,0,0.7475554804517706,14.76,-64.22996840697854
BAC,2013-09-04,OTHER,,0,2,pre,1,-0.36281146936303993,0.36281146936303993,0,0.7738830609084143,16.610001,-72.19759138759687
BAC,2013-10-02,MA_CORPORATE_ACTION,DEBT_ISSUANCE,3,4,after,1,1.0939088331864504,1.0939088331864504,0,0.6010256692682957,15.54,213.38266690753005
BAC,2013-10-16,EARNINGS_GUIDANCE,RESULTS,6,3,intraday,1,-0.21443675386084063,0.21443675386084063,0,0.844377451389938,18.66,-41.361411418646114
BAC,2014-01-16,EARNINGS_GUIDANCE,RESULTS,6,3,after,1,-0.05385092244740439,0.05385092244740439,0,1.1164624085064456,12.28,-8.153175388683799
BAC,2014-03-27,OTHER,,0,4,pre,2,-1.1976456390112853,1.1976456390112853,0,1.5779324519190443,14.93,-160.44119226571635
BAC,2014-04-16,EARNINGS_GUIDANCE,RESULTS,6,3,intraday,1,-2.38428207705517,2.38428207705517,1,1.7942872415610887,15.61,-304.46822729840795
BAC,2014-04-29,OTHER,,0,2,after,1,0.17538090325684658,0.17538090325684658,0,2.3721818039006313,13.97,21.638448525931246
BAC,2014-05-08,OTHER,,0,4,pre,1,-0.41351931336916453,0.41351931336916453,0,2.328869119717968,13.4,-52.778921821067506
BAC,2014-06-18,OTHER,,0,4,pre,1,-0.8941715176753844,0.8941715176753844,0,0.967121500908243,12.06,-129.52937884618234
BAC,2014-07-16,EARNINGS_GUIDANCE,RESULTS,6,3,intraday,1,-1.9610809257107977,1.9610809257107977,0,1.0711345243278194,11.96,-272.2559218774874
BAC,2014-07-17,OTHER,,0,2,pre,1,0.1652212849298031,0.1652212849298031,0,1.168437388436825,11.0,22.921684647284753
BAC,2014-08-07,OTHER,,0,2,after,1,-0.42747346416750903,0.42747346416750903,0,1.2369155814949502,16.370001,-60.06628158712158
BAC,2014-08-22,OTHER,,0,2,after,1,0.3773740969392993,0.3773740969392993,0,1.2809464499484402,11.76,53.6855384277171
BAC,2014-09-08,MANAGEMENT_GOVERNANCE,OFFICER_CHANGE,5,5,after,1,1.4561558322937989,1.4561558322937989,0,1.0877713989635374,12.09,212.26978497998533
BAC,2014-09-10,OTHER,,0,4,pre,1,1.4690877194755476,1.4690877194755476,0,1.2158248635619675,13.5,213.4077994001314
BAC,2014-10-02,OTHER,,0,3,pre,1,0.9987938922801972,0.9987938922801972,0,0.9963290170091574,16.709999,145.57186001045665
BAC,2014-10-15,EARNINGS_GUIDANCE,RESULTS,6,3,intraday,1,-1.0504686746619976,1.0504686746619976,0,1.2547223674408956,22.790001,-157.18892373489743
BAC,2014-10-24,OTHER,,0,4,pre,1,-0.5629562020699393,0.5629562020699393,0,1.6351266217719127,16.530001,-85.62746933194622
BAC,2014-11-07,EARNINGS_GUIDANCE,RESULTS,6,2,pre,1,-0.23877167632291268,0.23877167632291268,0,1.3296423724442838,13.67,-35.953213151721535
BAC,2015-01-28,OTHER,,0,4,pre,1,-0.4666526499403618,0.4666526499403618,0,2.142626528224574,17.219999,-70.5653082685392
BAC,2015-02-27,MANAGEMENT_GOVERNANCE,OFFICER_CHANGE,5,1,pre,1,-0.19541221844950654,0.19541221844950654,0,1.455847378792567,13.91,-30.609580127668302
BAC,2015-03-12,OTHER,,0,2,pre,1,-0.4699250940192259,0.4699250940192259,0,1.3032220203109197,16.870001,-72.86615592059707
BAC,2015-03-18,OTHER,,0,4,pre,1,-2.4426254904706495,2.4426254904706495,1,1.1686944634184397,15.66,-379.0475429141249
BAC,2015-03-23,OTHER,,0,2,after,1,-0.1890684916604378,0.1890684916604378,0,1.1869780627382935,13.02,-30.03742058208453
BAC,2015-04-09,OTHER,,0,2,pre,1,-0.26101472690767713,0.26101472690767713,0,0.8296744443042777,13.98,-41.05007477160681
BAC,2015-04-15,EARNINGS_GUIDANCE,RESULTS,6,3,intraday,1,-0.42447592477351137,0.42447592477351137,0,0.9359658038566951,13.67,-60.90548217791512
BAC,2015-04-30,OTHER,,0,2,pre,1,0.5411433992178754,0.5411433992178754,0,0.8273285172839756,13.39,80.72742177099778
BAC,2015-05-08,MANAGEMENT_GOVERNANCE,OFFICER_CHANGE,5,3,pre,1,0.4084116019172044,0.4084116019172044,0,0.8912477387196058,15.13,61.18086862960752
BAC,2015-07-15,EARNINGS_GUIDANCE,RESULTS,6,3,intraday,1,2.561707725398442,2.561707725398442,1,1.379276693956947,13.37,380.0984284099697
BAC,2015-07-23,OTHER,,0,2,intraday,1,-0.8463549898057181,0.8463549898057181,0,1.499664496919674,12.12,-126.51829636830242
BAC,2015-07-29,MANAGEMENT_GOVERNANCE,OFFICER_CHANGE,5,1,pre,1,0.3538968087650077,0.3538968087650077,0,1.4558764697182955,13.44,53.0296830094173
BAC,2015-09-23,OTHER,,0,1,pre,1,0.329805368586706,0.329805368586706,0,2.0537617536626245,22.440001,49.16581778040498
BAC,2015-10-14,EARNINGS_GUIDANCE,RESULTS,6,3,intraday,1,2.056333479346071,2.056333479346071,1,1.3132959132548465,17.67,296.7781086465739
BAC,2015-11-13,MANAGEMENT_GOVERNANCE,OFFICER_CHANGE,5,3,pre,1,-0.08627988048690939,0.08627988048690939,0,1.7717022583010984,18.370001,-12.871459301387386
BAC,2015-12-11,OTHER,,0,1,after,1,-0.3516196623908157,0.3516196623908157,0,1.2494048068925079,19.34,-54.60954718705541
BAC,2015-12-23,MANAGEMENT_GOVERNANCE,OFFICER_CHANGE,5,1,pre,1,-0.12610433890410122,0.12610433890410122,0,1.7121221973345089,16.6,-20.030588188804412
BAC,2015-12-30,OTHER,,0,1,pre,1,-0.3933229248812184,0.3933229248812184,0,1.7028142167672728,16.08,-62.10911440814345
BAC,2016-01-20,EARNINGS_GUIDANCE,RESULTS,6,3,after,1,-3.7722641152742398,3.7722641152742398,1,1.545631276428327,26.049999,-560.8096988917695
BAC,2016-02-01,OTHER,,0,4,pre,1,-3.0747471744814754,3.0747471744814754,1,2.3985682679740683,20.200001,-450.3827379874716
BAC,2016-03-11,OTHER,,0,4,pre,1,0.6219199607719903,0.6219199607719903,0,2.6155353189665864,18.049999,89.52960358888191
BAC,2016-03-18,OTHER,,0,1,intraday,1,1.7133493407165403,1.7133493407165403,0,2.071948646703486,14.44,257.2185184790495
BAC,2016-04-14,EARNINGS_GUIDANCE,RESULTS,6,4,intraday,2,1.0104976188809265,1.0104976188809265,0,1.3602284924529715,13.84,173.70664276272484
BAC,2016-04-26,OTHER,,0,4,pre,1,-0.004708769725545581,0.004708769725545581,0,1.443077026270491,14.08,-0.8093661840908977
BAC,2016-04-28,OTHER,,0,1,pre,1,-0.48454709310980143,0.48454709310980143,0,1.3920336102725626,13.77,-84.30205717856309
BAC,2016-06-24,MANAGEMENT_GOVERNANCE,OFFICER_CHANGE,5,2,after,1,-3.273934649991648,3.273934649991648,1,1.2806915215612573,17.25,-584.3432631840512
BAC,2016-06-30,OTHER,,0,2,pre,1,-1.5882512032331049,1.5882512032331049,0,2.2648253728081933,16.639999,-290.84447969181593
BAC,2016-07-12,OTHER,,0,2,intraday,1,0.457509201179918,0.457509201179918,0,2.2893978530363523,13.54,83.65447763542285
BAC,2016-07-18,EARNINGS_GUIDANCE,RESULTS,6,3,intraday,1,2.2831215084912726,2.2831215084912726,1,2.262583487060522,12.67,423.1327735944386
BAC,2016-08-02,OTHER,,0,2,pre,1,0.9606947713595084,0.9606947713595084,0,0.8539392313335057,12.44,179.9820107415666
BAC,2016-08-16,OTHER,,0,2,pre,1,0.8947273816523793,0.8947273816523793,0,1.0048609111362279,11.81,170.82631642349054
BAC,2016-09-26,OTHER,,0,1,after,1,-0.5193807850148037,0.5193807850148037,0,0.6327748873353953,12.29,-97.53124681178524
BAC,2016-10-05,OTHER,,0,2,after,1,0.9861673953910414,0.9861673953910414,0,0.9267135365250908,13.63,184.78568154003403
BAC,2016-10-17,EARNINGS_GUIDANCE,RESULTS,6,3,intraday,1,0.6472771887508569,0.6472771887508569,0,0.9788043182824869,16.120001,121.40410807437182
BAC,2016-11-02,OTHER,,0,2,pre,1,0.6338511017921172,0.6338511017921172,0,0.7053306663254993,18.559999,119.56267875937084
BAC,2017-04-18,EARNINGS_GUIDANCE,RESULTS,6,3,intraday,1,0.08060901126393692,0.08060901126393692,0,1.2534904548962917,14.66,14.886176336192532
BAC,2017-04-19,OTHER,,0,1,pre,1,0.08541970866313787,0.08541970866313787,0,0.7338608537302427,14.42,15.720983029129414
BAC,2017-04-27,OTHER,,0,1,pre,1,-1.34546225341263,1.34546225341263,0,1.0675192382334189,10.85,-248.61754618229966
BAC,2017-06-29,OTHER,,0,2,pre,1,1.3728019282311186,1.3728019282311186,0,1.0906264974385411,10.03,239.01777226262945
BAC,2017-07-18,EARNINGS_GUIDANCE,RESULTS,6,3,intraday,1,-0.6339008540326296,0.6339008540326296,0,1.0555151678853762,9.82,-110.41378804164778
BAC,2017-10-13,EARNINGS_GUIDANCE,RESULTS,6,3,intraday,1,1.4224190686887466,1.4224190686887466,0,0.7828007258193654,9.91,249.92850464070162
BAC,2017-12-05,OTHER,,0,2,pre,1,-0.5189463463660257,0.5189463463660257,0,1.5211308980879064,11.68,-74.65905292745775
BAC,2017-12-06,OTHER,,0,2,after,1,-0.8166948318129138,0.8166948318129138,0,1.4182711304229303,11.33,-118.15198689912249
BAC,2017-12-15,MANAGEMENT_GOVERNANCE,OFFICER_CHANGE,5,2,after,1,-0.2179853289665182,0.2179853289665182,0,1.3760728818583055,10.49,-31.59589008127588
BAC,2017-12-21,OTHER,,0,2,after,1,0.7233058533637645,0.7233058533637645,0,1.3612932824240778,9.72,105.75167046913074
BAC,2018-01-18,EARNINGS_GUIDANCE,RESULTS,6,3,after,1,0.7823529950007193,0.7823529950007193,0,0.670688754641587,11.91,121.38361814910633
BAC,2018-02-12,OTHER,,0,1,after,1,-0.1734009096116815,0.1734009096116815,0,1.9167195422508725,29.059999,-26.34226584287592
BAC,2018-03-16,OTHER,,0,4,pre,1,0.9200339799283507,0.9200339799283507,0,0.8607190714065253,16.59,136.50892104883627
BAC,2018-04-16,EARNINGS_GUIDANCE,RESULTS,6,3,intraday,1,-1.1472652202148779,1.1472652202148779,0,2.295058877677419,17.41,-168.08902907126708
BAC,2018-04-26,OTHER,,0,1,pre,1,-0.9985934349220738,0.9985934349220738,0,1.4975904507293458,17.84,-145.55156747225996
BAC,2018-05-01,OTHER,,0,2,pre,1,-0.47503645535020095,0.47503645535020095,0,1.3798790239147074,15.93,-69.35343947534903
BAC,2018-05-17,OTHER,,0,4,pre,1,-1.6757494424385273,1.6757494424385273,0,0.952678591833967,13.42,-236.02048139879201
BAC,2018-06-04,OTHER,,0,1,intraday,1,-1.233066573668654,1.233066573668654,0,1.1321949522194645,13.46,-176.92281587333338
BAC,2018-06-29,OTHER,,0,2,pre,1,-1.3924822622208781,1.3924822622208781,0,1.094517748266624,16.85,-190.5596453222491
BAC,2018-07-16,EARNINGS_GUIDANCE,RESULTS,6,3,intraday,1,3.303733538759825,3.303733538759825,1,1.3019039243436334,12.18,449.0022163547508
BAC,2018-07-25,OTHER,,0,4,pre,1,-0.3460878313134022,0.3460878313134022,0,1.7097164960152882,12.41,-47.04063238071402
BAC,2018-09-18,OTHER,,0,2,pre,1,1.0396020165154969,1.0396020165154969,0,0.5774225784953669,13.68,151.01694451288685
BAC,2018-10-15,EARNINGS_GUIDANCE,RESULTS,6,3,intraday,1,-1.1375822177803758,1.1375822177803758,0,1.2969711229470693,21.309999,-161.74134832736726
BAC,2018-10-25,MANAGEMENT_GOVERNANCE,OFFICER_CHANGE,5,2,after,1,0.5312624965656095,0.5312624965656095,0,1.6385359646708126,25.23,74.55840813367868
BAC,2018-10-29,MANAGEMENT_GOVERNANCE,OFFICER_CHANGE,5,2,after,1,0.276672465753268,0.276672465753268,0,1.6819444180877134,24.16,39.099988199819535
BAC,2019-01-17,EARNINGS_GUIDANCE,RESULTS,6,3,after,1,0.47803780118480194,0.47803780118480194,0,2.2930365111041007,19.040001,68.35304501461209
BAC,2019-02-08,OTHER,,0,2,pre,1,0.36785715568005933,0.36785715568005933,0,1.8373987331908106,16.370001,54.37900653838461
BAC,2019-02-11,OTHER,,0,1,pre,1,0.08123255481707786,0.08123255481707786,0,1.834484702199248,15.72,12.002762630426833
BAC,2019-04-02,OTHER,,0,2,pre,1,0.543738442134376,0.543738442134376,0,1.4500817759475069,13.4,89.6267888123967
BAC,2019-04-16,EARNINGS_GUIDANCE,RESULTS,6,3,intraday,1,0.5333456369570196,0.5333456369570196,0,1.6100414450018632,12.32,86.49705441245683
BAC,2019-04-25,MANAGEMENT_GOVERNANCE,OFFICER_CHANGE,5,3,pre,1,0.4811128016340068,0.4811128016340068,0,1.0756034003231425,13.14,77.16853334499271
BAC,2019-05-14,OTHER,,0,2,pre,1,-0.7543425314382383,0.7543425314382383,0,1.084428737642059,20.549999,-125.8320999824578
BAC,2019-06-21,OTHER,,0,4,pre,1,-0.46287719023658247,0.46287719023658247,0,1.360565502011942,14.75,-76.89194961092379
BAC,2019-06-26,OTHER,,0,4,pre,1,0.838544471273288,0.838544471273288,0,1.2920360648313747,16.280001,138.43959385115727
BAC,2019-06-28,OTHER,,0,2,pre,1,1.6969357948821269,1.6969357948821269,0,1.2219644817807074,15.82,281.4864355268076
BAC,2019-07-17,EARNINGS_GUIDANCE,RESULTS,6,3,intraday,1,1.3132851466062736,1.3132851466062736,0,0.8928101608940542,12.86,211.74435799897753
BAC,2019-07-26,MANAGEMENT_GOVERNANCE,OFFICER_CHANGE,5,2,after,1,0.13875442399640792,0.13875442399640792,0,0.9731845805378251,12.74,22.615577527358727
BAC,2019-09-05,OTHER,,0,1,pre,1,0.10244767441632902,0.10244767441632902,0,1.6384786032867626,17.33,16.9161194753536
BAC,2019-09-17,OTHER,,0,2,pre,1,-0.4382486822494275,0.4382486822494275,0,1.3440898619305726,14.67,-73.47242806910394
BAC,2019-09-18,OTHER,,0,4,pre,1,-0.2527781717486038,0.2527781717486038,0,1.2560486359925291,14.44,-42.38209753856234
BAC,2019-10-16,EARNINGS_GUIDANCE,RESULTS,6,3,intraday,1,1.028806237988209,1.028806237988209,0,1.2152991355164717,13.54,169.68892591515308
BAC,2020-01-16,EARNINGS_GUIDANCE,RESULTS,6,3,after,1,-0.9301341124005335,0.9301341124005335,0,0.8540957787077463,12.42,-132.9986074247939
BAC,2020-01-27,OTHER,,0,4,pre,1,-0.07018435700824095,0.07018435700824095,0,0.9316856853599497,14.56,-9.850822096718684
BAC,2020-02-10,OTHER,,0,1,pre,1,-0.5564782074886786,0.5564782074886786,0,1.4061376778348893,15.47,-77.57440170291889
BAC,2020-04-15,EARNINGS_GUIDANCE,RESULTS,6,3,intraday,1,-5.8975915290437575,5.8975915290437575,1,6.420776582268706,37.759998,-797.1565051560373
BAC,2020-04-24,OTHER,,0,1,pre,1,2.314899055617602,2.314899055617602,1,4.291756943972481,41.380001,357.01961285934226
BAC,2020-07-16,EARNINGS_GUIDANCE,RESULTS,6,3,intraday,1,-2.439881454381794,2.439881454381794,1,1.6967923733232,27.76,-548.2148190556338
BAC,2020-09-29,OTHER,,0,2,pre,1,-0.0003993085530628133,0.0003993085530628133,0,0.9585594985139427,26.190001,-0.10142204646144959
BAC,2020-10-14,EARNINGS_GUIDANCE,RESULTS,6,3,intraday,1,-0.6649253880108468,0.6649253880108468,0,0.9188155189698948,26.07,-170.8619992617901
BAC,2020-10-30,OTHER,,0,4,pre,1,0.9427382520294396,0.9427382520294396,0,1.100058819784605,37.59,253.4028674817755
BAC,2021-01-20,EARNINGS_GUIDANCE,RESULTS,6,4,after,1,-1.5654288027763548,1.5654288027763548,0,0.9241946195295514,23.24,-489.5391414813953
BAC,2021-01-29,OTHER,,0,4,pre,1,-0.11138211792245724,0.11138211792245724,0,1.0329436814128565,30.209999,-34.84987061719562
BAC,2021-03-22,OTHER,,0,1,after,1,-1.3642190270125794,1.3642190270125794,0,0.7970405743787484,20.950001,-420.6270771623684
BAC,2021-04-15,EARNINGS_GUIDANCE,RESULTS,6,4,intraday,1,-1.2577003430487088,1.2577003430487088,0,0.7529426005411752,16.99,-369.15082468483416
BAC,2021-04-22,MANAGEMENT_GOVERNANCE,OFFICER_CHANGE,5,3,intraday,1,0.3066072883094757,0.3066072883094757,0,0.7718775065565312,17.5,90.9313625857032
BAC,2021-06-29,OTHER,,0,2,pre,1,-0.4822245933119539,0.4822245933119539,0,0.8477259079347601,15.76,-126.26228442641656
BAC,2021-06-30,OTHER,,0,2,pre,1,0.26625410850720055,0.26625410850720055,0,0.8452071340584983,16.02,69.6457009472247
BAC,2021-07-14,EARNINGS_GUIDANCE,RESULTS,6,3,intraday,1,-1.091102231204461,1.091102231204461,0,1.065412188426572,17.120001,-280.1948162540204
BAC,2021-08-27,MANAGEMENT_GOVERNANCE,OFFICER_CHANGE,5,2,after,1,-0.9364466373882208,0.9364466373882208,0,0.7020171557057592,18.84,-237.53905112408484
BAC,2021-09-13,OTHER,,0,2,pre,1,-0.39620939450794557,0.39620939450794557,0,0.6069530273636484,20.950001,-99.49528486477806
BAC,2021-09-15,MANAGEMENT_GOVERNANCE,OFFICER_CHANGE,5,1,pre,1,0.2537688019350764,0.2537688019350764,0,0.7298490771056192,19.459999,63.72063425095982
BAC,2021-10-14,EARNINGS_GUIDANCE,RESULTS,6,3,intraday,1,1.8491369463988538,1.8491369463988538,0,0.9179538853869783,18.639999,454.72394277822184
BAC,2021-10-21,MANAGEMENT_GOVERNANCE,OFFICER_CHANGE,5,3,after,1,0.25025460050206516,0.25025460050206516,0,0.9473901163412127,15.49,59.459588290247254
BAC,2021-10-27,OTHER,,0,4,pre,1,-0.5016853381178251,0.5016853381178251,0,0.9561471628887813,15.98,-103.73278873239217
BAC,2022-01-20,EARNINGS_GUIDANCE,RESULTS,6,3,after,1,-0.36021124929322634,0.36021124929322634,0,1.1753104046628593,23.85,-69.39513064777309
BAC,2022-01-26,OTHER,,0,4,pre,1,0.3033397064026828,0.3033397064026828,0,1.2614236669062604,31.16,58.53057840122967
BAC,2022-02-01,OTHER,,0,4,pre,1,0.05043450017665026,0.05043450017665026,0,1.1166234411110816,24.83,9.895786227156304
BAC,2022-02-07,OTHER,,0,1,pre,1,0.8712668296574001,0.8712668296574001,0,1.027942390499612,23.219999,170.9042932139064
BAC,2022-02-28,MANAGEMENT_GOVERNANCE,OFFICER_CHANGE,5,1,pre,1,-2.226805965668287,2.226805965668287,1,1.37192592999519,27.59,-427.9720073466967
BAC,2022-04-25,OTHER,,0,4,pre,1,-0.29718712349469006,0.29718712349469006,0,1.0318914116680022,28.209999,-59.26727011759638
BAC,2022-04-28,OTHER,,0,1,pre,1,-0.14961520001988102,0.14961520001988102,0,1.0297958124795508,31.6,-30.171685587000383
BAC,2022-07-18,EARNINGS_GUIDANCE,RESULTS,6,3,intraday,1,0.7920566143583836,0.7920566143583836,0,1.5353730744176808,24.23,159.81636106545992
BAC,2022-09-15,MANAGEMENT_GOVERNANCE,OFFICER_CHANGE,5,2,pre,1,1.327354170498499,1.327354170498499,0,1.1874094123116476,26.16,270.2294158644695
BAC,2022-10-07,OTHER,,0,1,intraday,1,0.476701980805192,0.476701980805192,0,1.414858867263978,30.52,96.59444191553705
BAC,2022-10-17,EARNINGS_GUIDANCE,RESULTS,6,3,intraday,1,3.1379782641431575,3.1379782641431575,1,1.6690180598795568,32.02,633.7698995760832
BAC,2022-12-19,OTHER,,0,2,pre,1,1.0643591835825603,1.0643591835825603,0,1.1906921189757973,22.620001,220.1263716669092
BAC,2023-02-06,OTHER,,0,1,pre,1,0.2510487457130596,0.2510487457130596,0,0.8348217566282744,18.33,49.05792419269273
BAC,2023-04-03,OTHER,,0,2,pre,1,-1.151595892191648,1.151595892191648,0,2.2516405858059905,18.700001,-200.56608057022908
BAC,2023-04-18,EARNINGS_GUIDANCE,RESULTS,6,3,intraday,1,-0.6014303146058368,0.6014303146058368,0,1.7894202909304315,16.950001,-105.19160644624746
BAC,2023-05-01,MANAGEMENT_GOVERNANCE,OFFICER_CHANGE,5,3,pre,1,-1.3241769236605534,1.3241769236605534,0,1.285605919070228,15.78,-250.34527583411827
BAC,2023-06-27,OTHER,,0,2,pre,1,-0.5479900572352648,0.5479900572352648,0,0.9993148906484538,14.25,-107.33916398367883
BAC,2023-07-06,OTHER,,0,2,pre,1,-0.33762712024342384,0.33762712024342384,0,0.8154776941952178,14.18,-65.03482327208192
BAC,2023-07-18,EARNINGS_GUIDANCE,RESULTS,6,3,intraday,1,3.1958725026713144,3.1958725026713144,1,1.0186694310693276,13.48,618.0983147468731
BAC,2023-10-02,OTHER,,0,1,pre,1,-1.9197162443726576,1.9197162443726576,0,0.6996547894147914,17.52,-376.46655980455813
BAC,2023-10-17,EARNINGS_GUIDANCE,RESULTS,6,3,intraday,1,1.5043697938836715,1.5043697938836715,0,0.9367375533848958,17.209999,288.2875726605606
BAC,2024-01-09,EARNINGS_GUIDANCE,RESULTS,6,2,after,1,-0.9477164000567134,0.9477164000567134,0,1.3525394296456514,13.08,-187.5354625671389
BAC,2024-02-05,OTHER,,0,1,pre,1,-0.4683740080768665,0.4683740080768665,0,0.9158009311290631,13.85,-96.5525937297226
BAC,2024-04-16,EARNINGS_GUIDANCE,RESULTS,6,3,intraday,1,-0.6034288475174148,0.6034288475174148,0,0.9603445699290003,19.23,-114.54825282950699
BAC,2024-04-29,MANAGEMENT_GOVERNANCE,OFFICER_CHANGE,5,3,pre,1,-0.5246988198970328,0.5246988198970328,0,1.2538625623305457,15.03,-98.52197199362367
BAC,2024-05-13,OTHER,,0,2,pre,1,-0.2585910572311183,0.2585910572311183,0,1.1141476665603351,12.55,-47.7028840753993
BAC,2024-06-24,OTHER,,0,2,pre,1,-0.25849572465505255,0.25849572465505255,0,0.9709433913678176,13.2,-48.17206867528585
BAC,2024-07-01,OTHER,,0,4,pre,2,1.0035096753326658,1.0035096753326658,0,0.7893270314002127,12.44,186.29778515644605
BAC,2024-07-16,EARNINGS_GUIDANCE,RESULTS,6,3,intraday,1,3.0562622902345384,3.0562622902345384,1,0.8312104284580853,13.12,557.7947166149514
BAC,2024-07-25,OTHER,,0,2,pre,1,-1.0398643408306323,1.0398643408306323,0,1.1959920486686952,18.040001,-190.51032142766874
BAC,2024-10-15,EARNINGS_GUIDANCE,RESULTS,6,3,intraday,1,1.1529962550322832,1.1529962550322832,0,1.1235110867701021,19.700001,216.54394763703152
BAC,2025-01-30,MANAGEMENT_GOVERNANCE,OFFICER_CHANGE,5,2,pre,1,-0.6331089697323705,0.6331089697323705,0,0.8743106693424311,16.559999,-115.60003240053817
BAC,2025-02-10,OTHER,,0,1,pre,1,-1.1802696109880797,1.1802696109880797,0,0.8761163192498632,16.540001,-213.23573550991057
BAC,2025-03-03,MANAGEMENT_GOVERNANCE,OFFICER_CHANGE,5,1,pre,1,-2.8875533944559506,2.8875533944559506,1,1.1152519748087644,19.629999,-520.7725931773854
BAC,2025-04-15,EARNINGS_GUIDANCE,RESULTS,6,3,intraday,1,2.195123216217837,2.195123216217837,1,2.976537362020403,30.889999,387.5106034340697
BAC,2025-04-25,MANAGEMENT_GOVERNANCE,OFFICER_CHANGE,5,3,pre,1,-0.13543068007376943,0.13543068007376943,0,3.003872298394454,26.469999,-25.168919021646392
BAC,2025-04-30,OTHER,,0,4,pre,1,-0.16875023035983988,0.16875023035983988,0,2.957328865323536,24.17,-31.397096844070937
BAC,2025-07-02,OTHER,,0,2,pre,1,0.17896148346618812,0.17896148346618812,0,0.6860016795794445,16.83,35.831185975091394
BAC,2025-07-16,EARNINGS_GUIDANCE,RESULTS,6,3,intraday,1,0.47912745785815514,0.47912745785815514,0,0.9751651322950272,17.379999,92.58819746742428
BAC,2025-07-24,OTHER,,0,2,pre,1,0.060427318672436066,0.060427318672436066,0,0.940210732608381,15.37,11.245391230090256
BAC,2025-07-25,OTHER,,0,4,pre,1,-0.428456522544119,0.428456522544119,0,0.919724928648162,15.39,-79.78137557759783
BAC,2025-09-15,OTHER,,0,2,pre,1,-0.17918641017963158,0.17918641017963158,0,0.7500389095123855,14.76,-33.289412988874474
BAC,2025-09-16,MANAGEMENT_GOVERNANCE,OFFICER_CHANGE,5,1,pre,1,0.9575800894445389,0.9575800894445389,0,0.6922391749065848,15.69,178.23435932640078
BAC,2025-10-15,EARNINGS_GUIDANCE,RESULTS,6,3,intraday,1,0.4558703275874662,0.4558703275874662,0,0.8471909041805246,20.809999,83.69305975029319
BAC,2025-10-17,OTHER,,0,1,pre,1,0.7599832660724559,0.7599832660724559,0,1.2277719858114702,25.309999,139.47286423916475
BAC,2026-01-07,OTHER,,0,2,pre,1,-0.8618359414137804,0.8618359414137804,0,0.7111228949269797,14.75,-155.9877480518581
BAC,2026-01-15,EARNINGS_GUIDANCE,RESULTS,6,3,after,1,0.40435890660779616,0.40435890660779616,0,1.1247812181511647,16.75,72.35335116863742
BAC,2026-04-15,EARNINGS_GUIDANCE,RESULTS,6,3,intraday,1,-0.4755359748555062,0.4755359748555062,0,1.1977394111194515,18.360001,-76.41704915508724
BAC,2026-05-07,OTHER,,0,1,pre,1,-2.9553756787541383,2.9553756787541383,1,0.955971758280629,17.389999,-484.3034375602487
BAC,2026-07-14,EARNINGS_GUIDANCE,RESULTS,6,3,intraday,1,1.691628709277173,1.691628709277173,0,1.016479321727754,17.16,287.8115848480199
BAC,2026-07-24,OTHER,,0,2,intraday,1,0.7018967170739167,0.7018967170739167,0,1.0274627962302298,18.700001,122.69683319837753
CAT,2008-01-24,OTHER,,0,1,intraday,1,1.13947832605634,1.13947832605634,0,1.3584536061833887,29.02,179.36954304476046
CAT,2008-01-25,EARNINGS_GUIDANCE,RESULTS,6,3,intraday,1,2.6337979268943816,2.6337979268943816,1,1.3629221228044863,27.780001,414.97979463988423
CAT,2008-01-28,OTHER,,0,2,after,1,1.496242064239668,1.496242064239668,0,1.3864099422024119,29.08,235.58104343117742
CAT,2008-02-20,OTHER,,0,1,after,1,0.6523711412519188,0.6523711412519188,0,1.7715974847072833,25.59,101.81814767815864
CAT,2008-03-13,OTHER,,0,2,after,1,0.39541518486373517,0.39541518486373517,0,1.7720169660822478,27.219999,63.81120254774086
CAT,2008-03-19,OTHER,,0,1,intraday,1,-2.1001788797340515,2.1001788797340515,1,1.7242193628066704,25.790001,-343.16395729284466
CAT,2008-04-02,OTHER,,0,1,after,1,-2.515893728503355,2.515893728503355,1,1.8571644622844399,22.68,-414.74286969216683
CAT,2008-04-17,OTHER,,0,1,intraday,1,4.21857705797679,4.21857705797679,1,1.2873148437034978,20.530001,678.7178376233613
CAT,2008-04-18,EARNINGS_GUIDANCE,RESULTS,6,3,intraday,1,2.892460527802311,2.892460527802311,1,1.2889933880038564,20.370001,465.2604627343006
CAT,2008-04-21,OTHER,,0,2,after,1,-2.243967033667724,2.243967033667724,1,2.006148208314398,20.129999,-360.5728759072972
CAT,2008-05-20,OTHER,,0,2,intraday,2,0.8097302481580484,0.8097302481580484,0,0.9125826334335375,17.01,137.13288375163899
CAT,2008-06-11,OTHER,,0,2,intraday,1,0.8393231298152685,0.8393231298152685,0,0.8275551157093296,23.18,156.6877502152507
CAT,2008-06-13,OTHER,,0,4,after,2,-0.49556416045482016,0.49556416045482016,0,0.8933252588532411,23.33,-92.13551849817371
CAT,2008-06-16,OTHER,,0,2,after,1,-0.3547517384040527,0.3547517384040527,0,0.927868477422294,21.219999,-65.84919227263536
CAT,2008-06-18,OTHER,,0,1,intraday,1,-0.4159506912598015,0.4159506912598015,0,0.9374931720069289,21.129999,-75.50508302762914
CAT,2008-07-21,OTHER,,0,1,intraday,1,2.5317033814212624,2.5317033814212624,1,1.9966330404247823,24.049999,437.0168171033194
CAT,2008-07-22,EARNINGS_GUIDANCE,RESULTS,6,4,intraday,2,-1.6424370200612166,1.6424370200612166,0,2.1020921994982102,23.049999,-283.4423125812824
CAT,2008-07-23,OTHER,,0,2,after,1,-3.2948498381995686,3.2948498381995686,1,2.0339987033232654,21.18,-565.7167227594005
CAT,2008-08-19,OTHER,,0,1,intraday,1,0.0016434600671417846,0.0016434600671417846,0,1.8057139487853804,20.98,0.28741704651388117
CAT,2008-09-18,OTHER,,0,1,intraday,1,-1.02214193568606,1.02214193568606,0,1.9242753926455407,36.220001,-198.0695123386352
CAT,2008-09-23,MA_CORPORATE_ACTION,MATERIAL_AGREEMENT,5,3,intraday,1,-1.2740246951360947,1.2740246951360947,0,2.025797116052693,33.849998,-246.48602611898096
CAT,2008-10-10,OTHER,,0,2,intraday,1,-0.8107616767945596,0.8107616767945596,0,2.450663407566756,63.919998,-154.78979815414138
CAT,2008-10-21,EARNINGS_GUIDANCE,RESULTS,6,3,intraday,1,-1.1987369551065876,1.1987369551065876,0,3.954585724378361,52.970001,-231.0550778600575
CAT,2008-10-22,OTHER,,0,3,after,2,-2.397912103940559,2.397912103940559,1,3.962895925314039,53.110001,-464.30664358494226
CAT,2008-11-20,OTHER,,0,1,intraday,1,2.175785692117049,2.175785692117049,1,3.319181567365508,74.260002,476.3015122068285
CAT,2008-12-08,OTHER,,0,2,after,1,3.712700594520558,3.712700594520558,1,3.3437083159808108,59.93,876.2443230308857
CAT,2008-12-18,OTHER,,0,1,intraday,1,-0.8483817897647737,0.8483817897647737,0,2.7175927216700293,49.84,-209.92558426948014
CAT,2009-01-26,EARNINGS_GUIDANCE,RESULTS,6,5,intraday,2,-4.201954983685551,4.201954983685551,1,1.5367208290151897,47.27,-1141.1449754461423
CAT,2009-01-27,EARNINGS_GUIDANCE,RESULTS,6,4,after,2,-1.1766465900377587,1.1766465900377587,0,1.8077603089252716,45.689999,-319.660068264105
CAT,2009-02-19,OTHER,,0,1,intraday,1,-1.526306441807901,1.526306441807901,0,1.7235456525765827,48.459999,-423.43714720227985
CAT,2009-03-19,OTHER,,0,1,intraday,1,0.8186569701590841,0.8186569701590841,0,2.5426731256505506,40.060001,242.36453577463502
CAT,2009-04-07,MA_CORPORATE_ACTION,MATERIAL_AGREEMENT,5,3,after,1,-1.3069333864590431,1.3069333864590431,0,2.2803300773552406,40.93,-380.61810689220863
CAT,2009-04-08,MA_CORPORATE_ACTION,MATERIAL_AGREEMENT,5,3,after,1,1.900638834148788,1.900638834148788,0,2.1821751713096376,40.389999,553.299968033694
CAT,2009-04-14,MANAGEMENT_GOVERNANCE,OFFICER_CHANGE,5,2,after,1,0.3106912116841493,0.3106912116841493,0,2.394093310551657,37.810001,93.3224984513345
CAT,2009-04-21,EARNINGS_GUIDANCE,RESULTS,6,2,intraday,1,1.682007290652114,1.682007290652114,0,2.074868817750556,39.18,542.3570658545198
CAT,2009-04-22,OTHER,,0,3,after,2,1.0492634544765311,1.0492634544765311,0,2.071547671644037,37.139999,341.5486749477976
CAT,2009-05-15,OTHER,,0,2,after,1,0.8639142706829365,0.8639142706829365,0,1.4042466685105839,31.370001,295.47980462755356
CAT,2009-05-20,OTHER,,0,1,intraday,1,-0.8752025100098085,0.8752025100098085,0,1.3231152675176443,28.799999,-300.9259838493837
CAT,2009-05-21,OTHER,,0,1,after,1,-1.7547848774325472,1.7547848774325472,0,1.3130199483520446,29.030001,-603.3869977893567
CAT,2009-06-12,OTHER,,0,1,after,1,-0.3969794045874516,0.3969794045874516,0,1.0775555865816238,28.110001,-140.9285981793404
CAT,2009-06-15,MANAGEMENT_GOVERNANCE,OFFICER_CHANGE,5,1,intraday,1,-0.424877084767249,0.424877084767249,0,1.0655655565934792,28.15,-151.8741457497887
CAT,2009-06-18,OTHER,,0,1,intraday,1,-1.1980338471525802,1.1980338471525802,0,1.0261672039246197,31.540001,-428.1623592257501
CAT,2009-07-21,EARNINGS_GUIDANCE,RESULTS,6,2,intraday,1,1.4348098529742823,1.4348098529742823,0,1.265216736978841,24.4,513.6457497418817
CAT,2009-07-22,OTHER,,0,2,after,2,0.6499649009135011,0.6499649009135011,0,1.3986339706090065,23.870001,232.56144127490995
CAT,2009-07-23,OTHER,,0,2,after,1,1.601889596412569,1.601889596412569,0,1.4308830103311967,23.469999,571.4635660585797
CAT,2009-08-20,OTHER,,0,1,intraday,1,0.4769556730945315,0.4769556730945315,0,1.1060437860008054,26.26,171.69003496339798
CAT,2009-09-16,MA_CORPORATE_ACTION,MATERIAL_AGREEMENT,5,3,after,1,0.7147280572143351,0.7147280572143351,0,0.863072741454618,23.42,265.84567899492316
CAT,2009-09-21,OTHER,,0,1,intraday,1,0.3668520809373907,0.3668520809373907,0,0.852797747051579,23.92,134.9087101045212
CAT,2009-09-24,MA_CORPORATE_ACTION,MATERIAL_AGREEMENT,5,3,after,1,-0.4563425218835511,0.4563425218835511,0,0.9461068408688009,23.49,-166.74018509432912
CAT,2009-10-05,OTHER,,0,1,intraday,1,0.5974734692486381,0.5974734692486381,0,0.9407045683838454,28.68,213.30074015888465
CAT,2009-10-20,EARNINGS_GUIDANCE,RESULTS,6,2,intraday,1,0.8379742995723907,0.8379742995723907,0,0.9844288975462334,21.49,285.4145037055769
CAT,2009-10-21,OTHER,,0,3,after,2,-0.26081672301081643,0.26081672301081643,0,0.9742323176460481,20.9,-88.59203553410296
CAT,2009-10-22,MANAGEMENT_GOVERNANCE,OFFICER_CHANGE,5,2,intraday,1,-0.13755713027852517,0.13755713027852517,0,0.969016033994924,22.219999,-46.77119020985115
CAT,2009-11-19,OTHER,,0,1,intraday,1,0.05778560060800535,0.05778560060800535,0,1.0189984147035622,21.629999,18.77110125259777
CAT,2009-12-16,OTHER,,0,2,after,1,0.1724736132193211,0.1724736132193211,0,0.5615267383726156,21.49,54.5556631447321
CAT,2009-12-18,OTHER,,0,1,intraday,1,-0.730265856413611,0.730265856413611,0,0.5523557446208698,22.51,-230.50897409255327
CAT,2010-01-27,EARNINGS_GUIDANCE,RESULTS,6,2,intraday,1,-2.2657331221895305,2.2657331221895305,1,1.3071442240298317,24.549999,-642.0749521812172
CAT,2010-01-28,OTHER,,0,1,after,1,0.4673055688156611,0.4673055688156611,0,1.3903688354475687,23.139999,132.42241609056015
CAT,2010-01-29,OTHER,,0,2,after,1,0.4103366246249908,0.4103366246249908,0,1.411519294487989,23.73,116.29500497005361
CAT,2010-02-18,OTHER,,0,1,intraday,1,-0.03421656233713966,0.03421656233713966,0,1.6190617156985063,21.719999,-8.883127527054796
CAT,2010-03-04,MANAGEMENT_GOVERNANCE,OFFICER_CHANGE,5,2,after,1,-0.7746606497024078,0.7746606497024078,0,1.1949191136321022,18.83,-198.25288873315
CAT,2010-03-09,OTHER,,0,2,after,1,-0.5788493529553065,0.5788493529553065,0,1.049413974963124,17.790001,-143.9660255002996
CAT,2010-03-18,OTHER,,0,1,intraday,1,-0.22226864360043133,0.22226864360043133,0,0.5910473126070842,16.91,-55.28400577460337
CAT,2010-03-25,OTHER,,0,1,after,1,0.33207652099983026,0.33207652099983026,0,0.7061448297450844,17.549999,82.06926116053934
CAT,2010-04-26,EARNINGS_GUIDANCE,RESULTS,6,2,intraday,1,1.9326774763904393,1.9326774763904393,0,0.7146416500180633,16.620001,440.43739123090194
CAT,2010-04-27,OTHER,,0,1,after,1,-0.44202280207699585,0.44202280207699585,0,0.8652925183602904,17.469999,-100.96534094803101
CAT,2010-04-28,OTHER,,0,1,after,1,-0.1494026766450218,0.1494026766450218,0,1.1166613149695201,22.809999,-34.18679788555638
CAT,2010-05-06,MANAGEMENT_GOVERNANCE,OFFICER_CHANGE,5,2,after,1,1.032682985377674,1.032682985377674,0,1.4335325734495228,24.91,237.2631798280592
CAT,2010-05-20,OTHER,,0,1,intraday,1,0.8421086985356583,0.8421086985356583,0,1.9962373280382664,35.32,185.6572580817711
CAT,2010-06-14,MANAGEMENT_GOVERNANCE,OFFICER_CHANGE,5,8,after,2,0.5615753798262935,0.5615753798262935,0,1.8071998453384654,28.790001,123.01800442932144
CAT,2010-06-18,OTHER,,0,3,after,2,0.7918897506103705,0.7918897506103705,0,1.6906311487447414,25.049999,171.51584470417788
CAT,2010-07-22,EARNINGS_GUIDANCE,RESULTS,6,2,intraday,1,-0.7636977556683162,0.7636977556683162,0,1.785684750913647,25.639999,-142.30353840189755
CAT,2010-07-23,OTHER,,0,1,after,1,-0.1432146988094039,0.1432146988094039,0,1.7818491767041496,24.629999,-26.576049280919914
CAT,2010-08-19,OTHER,,0,1,intraday,1,0.958171710994159,0.958171710994159,0,1.0841553382760174,24.59,176.4589092362062
CAT,2010-09-17,OTHER,,0,1,intraday,1,0.6420092302558532,0.6420092302558532,0,1.5103156191316423,21.719999,112.57493200578485
CAT,2010-09-22,MA_CORPORATE_ACTION,MATERIAL_AGREEMENT,5,3,after,1,0.9068143566157463,0.9068143566157463,0,1.2662346542622025,22.35,158.309759998619
CAT,2010-09-30,OTHER,,0,1,intraday,1,-1.5359357355222314,1.5359357355222314,0,1.0027402638742555,23.25,-267.23941877354935
CAT,2010-10-21,EARNINGS_GUIDANCE,RESULTS,6,2,intraday,1,-1.6307314159053639,1.6307314159053639,0,1.311138522459588,19.790001,-271.3449764312215
CAT,2010-10-22,OTHER,,0,1,after,1,-0.39002564329580847,0.39002564329580847,0,1.338953683274953,19.27,-64.98143904168602
CAT,2010-11-15,MANAGEMENT_GOVERNANCE,OFFICER_CHANGE,5,1,after,1,0.8928070561472202,0.8928070561472202,0,1.167837814297569,20.610001,149.33915554271468
CAT,2010-11-16,OTHER,,0,2,after,1,0.7491790732409593,0.7491790732409593,0,1.1769375764909384,20.200001,125.09633834704384
CAT,2010-11-18,OTHER,,0,1,intraday,1,0.36369037585469816,0.36369037585469816,0,1.0985578813957344,21.76,60.58209552889552
CAT,2010-11-19,MA_CORPORATE_ACTION,MATERIAL_AGREEMENT,5,2,after,1,0.3426438628916719,0.3426438628916719,0,1.1432948210220433,18.75,57.084977737808266
CAT,2010-12-08,MA_CORPORATE_ACTION,MATERIAL_AGREEMENT,5,3,after,1,-1.25033983651785,1.25033983651785,0,1.17062954805597,17.99,-209.03823873215728
CAT,2010-12-13,MANAGEMENT_GOVERNANCE,OFFICER_CHANGE,5,2,after,1,1.1507655470206581,1.1507655470206581,0,1.1135260713154096,17.610001,192.13355440745494
CAT,2010-12-15,OTHER,,0,2,after,1,0.4801990388248942,0.4801990388248942,0,1.0233414707406023,17.610001,80.08107181842227
CAT,2010-12-16,OTHER,,0,1,intraday,1,-1.0836297891260394,1.0836297891260394,0,1.0241605838999628,17.940001,-180.7821880951712
CAT,2011-01-21,OTHER,,0,1,after,1,-0.31638647583106155,0.31638647583106155,0,0.7034210416191661,17.99,-44.99437744116867
CAT,2011-01-24,OTHER,,0,1,after,1,0.38339221305801485,0.38339221305801485,0,0.7036668426154231,18.469999,54.58137033425644
CAT,2011-01-27,EARNINGS_GUIDANCE,RESULTS,6,2,intraday,1,1.2985804064684054,1.2985804064684054,0,0.9232143817531799,16.639999,181.8216491508774
CAT,2011-01-28,OTHER,,0,1,after,1,1.1706210276755793,1.1706210276755793,0,0.9823984470706257,16.15,158.14307094443006
CAT,2011-03-18,OTHER,,0,1,intraday,1,0.9835570718719298,0.9835570718719298,0,2.1145945080545037,26.370001,132.58103750653206
CAT,2011-03-21,OTHER,,0,1,after,1,-0.2110392253654662,0.2110392253654662,0,2.0897177641181757,24.440001,-28.379764635987488
CAT,2011-04-29,EARNINGS_GUIDANCE,RESULTS,6,2,intraday,1,0.8772669905735045,0.8772669905735045,0,1.639457384731519,14.62,115.75769678323515
CAT,2011-05-02,OTHER,,0,1,after,1,-1.0922147879493849,1.0922147879493849,0,1.6953395864032539,14.75,-144.53033524176806
CAT,2011-05-19,OTHER,,0,1,intraday,1,-0.2880721593927535,0.2880721593927535,0,2.067977865753031,16.23,-37.03241583095268
CAT,2011-05-24,OTHER,,0,2,after,1,0.5349832131781397,0.5349832131781397,0,2.0328656379609247,18.27,68.16116676069768
CAT,2011-06-08,OTHER,,0,4,intraday,2,-1.0334605558662482,1.0334605558662482,0,2.016844604259687,18.07,-132.76056112385982
CAT,2011-06-10,MANAGEMENT_GOVERNANCE,OFFICER_CHANGE,5,3,after,1,-1.7979522970363082,1.7979522970363082,0,2.0349799590767432,17.77,-230.6549246919014
CAT,2011-06-20,OTHER,,0,1,intraday,1,2.1295280694983583,2.1295280694983583,1,1.869532894372884,21.85,275.0333204267611
CAT,2011-07-08,OTHER,,0,2,intraday,1,0.27177067858760345,0.27177067858760345,0,1.878735412227319,15.95,36.236681189572124
CAT,2011-07-12,OTHER,,0,2,intraday,1,0.35933461582077,0.35933461582077,0,1.811118229988633,18.389999,47.94312836464887
CAT,2011-07-22,EARNINGS_GUIDANCE,RESULTS,6,3,intraday,1,-3.6452024658036075,3.6452024658036075,1,1.5690970928886177,17.559999,-482.03662797213485
CAT,2011-07-25,OTHER,,0,1,after,1,1.0287173072372904,1.0287173072372904,0,2.2376406199512666,17.52,136.12331042048123
CAT,2011-08-15,OTHER,,0,1,after,1,-1.8733725855414347,1.8733725855414347,0,4.04928940481425,36.360001,-248.54152308599066
CAT,2011-08-18,OTHER,,0,1,intraday,1,-0.12890288549148443,0.12890288549148443,0,4.019435276002431,31.58,-17.214955833620184
CAT,2011-09-19,MA_CORPORATE_ACTION,MATERIAL_AGREEMENT,5,3,after,1,-0.7152893326530523,0.7152893326530523,0,2.29681479204529,30.98,-105.09238430853651
CAT,2011-09-20,OTHER,,0,1,intraday,1,-1.2877317288245742,1.2877317288245742,0,2.333080813272712,32.73,-189.20986806673113
CAT,2011-09-30,MA_CORPORATE_ACTION,AGREEMENT_TERMINATED,5,1,after,1,0.46423672411557254,0.46423672411557254,0,2.6142254247415426,38.84,70.49878245017564
CAT,2011-10-03,OTHER,,0,1,after,1,-0.5447589859767439,0.5447589859767439,0,2.5383512237990233,42.959999,-83.3037770610602
CAT,2011-10-24,EARNINGS_GUIDANCE,RESULTS,6,2,intraday,1,2.481750149109653,2.481750149109653,1,2.526236353604619,31.32,379.2703609707347
CAT,2011-10-25,OTHER,,0,1,after,1,0.6816873410667917,0.6816873410667917,0,2.575752883981085,29.26,104.38759554855595
CAT,2011-11-18,OTHER,,0,1,intraday,1,0.007679920286743511,0.007679920286743511,0,2.3783559737899345,34.509998,1.199465710889692
CAT,2011-12-19,OTHER,,0,2,after,2,1.499475498975818,1.499475498975818,0,2.6577945306308592,24.290001,237.42504479714515
CAT,2012-01-26,EARNINGS_GUIDANCE,RESULTS,6,2,intraday,1,1.7421948131970848,1.7421948131970848,0,0.8185161217927754,18.309999,284.52487445426857
CAT,2012-01-27,OTHER,,0,1,after,1,-0.14395709332820808,0.14395709332820808,0,0.8466199399278374,18.57,-23.488946089166777
CAT,2012-03-20,OTHER,,0,1,intraday,1,-2.185098917509271,2.185098917509271,1,1.40356011759096,15.04,-357.2839264860946
CAT,2012-04-13,MANAGEMENT_GOVERNANCE,OFFICER_CHANGE,5,2,after,1,1.3099601486731696,1.3099601486731696,0,1.674322125183523,17.200001,211.92934066225115
CAT,2012-04-25,EARNINGS_GUIDANCE,RESULTS,6,2,intraday,1,-4.087749669423639,4.087749669423639,1,1.5394737146523352,18.1,-665.7395475911046
CAT,2012-04-26,OTHER,,0,1,after,1,-0.05712513011135102,0.05712513011135102,0,1.6643470278767376,16.82,-9.29386217515431
CAT,2012-05-17,OTHER,,0,1,intraday,1,-0.05916086382058755,0.05916086382058755,0,1.1386990492398446,22.27,-9.554852426161345
CAT,2012-06-14,OTHER,,0,2,after,1,-0.5077582124982604,0.5077582124982604,0,1.827637235050878,24.27,-88.90364206497254
CAT,2012-06-15,MANAGEMENT_GOVERNANCE,OFFICER_CHANGE,5,1,after,1,-0.3269868911618786,0.3269868911618786,0,1.672771117566496,21.68,-57.04645294948515
CAT,2012-06-19,OTHER,,0,3,after,1,-0.26983113064720055,0.26983113064720055,0,1.4918927303188547,18.32,-47.08974595586103
CAT,2012-06-21,OTHER,,0,1,after,1,-0.16559755905434606,0.16559755905434606,0,1.5938869834355924,17.24,-28.74133893350828
CAT,2012-06-26,MA_CORPORATE_ACTION,MATERIAL_AGREEMENT,5,3,after,2,-1.4743232141248266,1.4743232141248266,0,1.62071433492482,20.379999,-256.1797540060792
CAT,2012-07-24,OTHER,,0,1,intraday,1,1.5825009401174828,1.5825009401174828,0,1.5503105604804372,18.620001,265.65907858578527
CAT,2012-07-25,EARNINGS_GUIDANCE,RESULTS,6,2,intraday,1,0.07030657710188383,0.07030657710188383,0,1.550170697488223,20.469999,11.803432772975864
CAT,2012-07-27,OTHER,,0,2,intraday,1,0.2277688106798073,0.2277688106798073,0,1.5951810076819992,17.530001,37.83403017003855
CAT,2012-07-30,OTHER,,0,2,after,1,-0.6077618278082444,0.6077618278082444,0,1.655697842939533,16.700001,-100.20991164577077
CAT,2012-08-13,OTHER,,0,2,after,1,-0.5513257698851275,0.5513257698851275,0,1.1719945766113173,14.74,-90.66309481977072
CAT,2012-08-17,OTHER,,0,1,intraday,1,1.2680447966307518,1.2680447966307518,0,1.1483483688397886,14.29,211.22532583658122
CAT,2012-08-20,MA_CORPORATE_ACTION,DEBT_ISSUANCE,3,3,intraday,1,0.6081178671338208,0.6081178671338208,0,1.0670530388070447,13.45,101.4649459073218
CAT,2012-08-28,MA_CORPORATE_ACTION,DEBT_ISSUANCE,3,3,intraday,1,-0.18065101340475279,0.18065101340475279,0,0.9964630409867636,16.35,-30.342913338833906
CAT,2012-09-18,MA_CORPORATE_ACTION,MATERIAL_AGREEMENT,5,3,after,1,1.3643721617081663,1.3643721617081663,0,1.3434019714253003,14.59,231.04168440926384
CAT,2012-09-21,OTHER,,0,1,intraday,1,-0.811645294165348,0.811645294165348,0,1.2993778707216568,14.07,-137.50111524904906
CAT,2012-10-01,OTHER,,0,1,after,1,-0.6110539967813595,0.6110539967813595,0,1.5577279441157064,15.73,-103.18667850762112
CAT,2012-10-15,MANAGEMENT_GOVERNANCE,OFFICER_CHANGE,5,2,after,1,0.12042426051948614,0.12042426051948614,0,0.9821533566636966,16.139999,19.999764385309813
CAT,2012-10-19,OTHER,,0,1,intraday,1,0.5754244169346264,0.5754244169346264,0,1.1478014155856477,15.03,95.56138157761147
CAT,2012-10-22,EARNINGS_GUIDANCE,RESULTS,6,2,intraday,1,1.1733414135545461,1.1733414135545461,0,1.243386700811362,17.059999,198.71219863143497
CAT,2012-11-07,MANAGEMENT_GOVERNANCE,OFFICER_CHANGE,5,2,after,1,0.34389902748851053,0.34389902748851053,0,1.4312686913529469,17.58,58.86568191426255
CAT,2012-11-20,OTHER,,0,1,intraday,1,-0.4004397153634481,0.4004397153634481,0,1.5590758350606835,15.24,-67.65113820495313
CAT,2012-12-18,MANAGEMENT_GOVERNANCE,OFFICER_CHANGE,5,1,after,1,0.5799582087421362,0.5799582087421362,0,0.7292246952895867,16.34,97.39797771752026
CAT,2012-12-20,OTHER,,0,1,intraday,1,-1.1420263353250204,1.1420263353250204,0,0.7288503321604781,17.360001,-191.1684436293911
CAT,2013-01-25,OTHER,,0,1,intraday,1,0.3290096695953987,0.3290096695953987,0,0.9559180548089016,12.69,54.09426485444561
CAT,2013-01-28,EARNINGS_GUIDANCE,RESULTS,6,2,intraday,1,1.8256351172317549,1.8256351172317549,0,0.9582051222454394,12.89,301.2233460631309
CAT,2013-02-20,OTHER,,0,1,intraday,1,-0.8769329003454773,0.8769329003454773,0,0.7854086555243031,12.31,-144.91973000742797
CAT,2013-03-20,OTHER,,0,1,intraday,1,-0.7754298125510077,0.7754298125510077,0,1.10459598083915,14.39,-126.0165965179827
CAT,2013-04-11,MANAGEMENT_GOVERNANCE,OFFICER_CHANGE,5,1,after,1,-1.134817938635104,1.134817938635104,0,0.8250823773099831,12.36,-165.47363475754713
CAT,2013-04-19,OTHER,,0,1,intraday,1,0.7918937096651344,0.7918937096651344,0,1.0614646563736807,17.559999,116.64857415348511
CAT,2013-04-22,EARNINGS_GUIDANCE,RESULTS,6,2,intraday,1,1.7883733597023634,1.7883733597023634,0,1.0350705437723164,14.97,263.55052607433197
CAT,2013-05-17,OTHER,,0,2,intraday,1,0.5111219080197015,0.5111219080197015,0,1.2988803080050517,13.07,73.56203840855552
CAT,2013-05-20,OTHER,,0,1,intraday,1,0.38546518027897336,0.38546518027897336,0,1.3048159127213204,12.45,55.37002279491155
CAT,2013-06-12,OTHER,,0,2,intraday,1,0.8596520540112496,0.8596520540112496,0,0.6752270922514654,17.07,123.72613842781767
CAT,2013-06-18,OTHER,,0,1,after,1,0.9482047142876776,0.9482047142876776,0,0.8679755337216617,16.799999,135.62053084224192
CAT,2013-06-20,OTHER,,0,1,intraday,1,1.2258679253919675,1.2258679253919675,0,0.9057261390666137,16.639999,173.8039312873213
CAT,2013-07-23,OTHER,,0,1,intraday,1,-1.5393775033962038,1.5393775033962038,0,1.0320941844003084,12.29,-211.883959043332
CAT,2013-07-24,EARNINGS_GUIDANCE,RESULTS,6,2,intraday,1,-2.679478512171636,2.679478512171636,1,1.035026542640263,12.66,-369.59953272923156
CAT,2013-08-20,OTHER,,0,1,intraday,1,-0.875306076436635,0.875306076436635,0,1.1906613371081407,15.1,-120.65070919108923
CAT,2013-09-17,MA_CORPORATE_ACTION,MATERIAL_AGREEMENT,5,3,intraday,1,-0.6134502633501906,0.6134502633501906,0,0.9956153893660227,14.38,-80.47055030096665
CAT,2013-09-20,OTHER,,0,1,intraday,1,-1.2853816404648655,1.2853816404648655,0,0.8854819045626794,13.16,-169.7724908670541
CAT,2013-10-01,OTHER,,0,1,after,1,0.11793553585295283,0.11793553585295283,0,1.2081328395524606,16.6,15.870856482020972
CAT,2013-10-10,OTHER,,0,2,after,1,-0.17526677503421323,0.17526677503421323,0,0.9543405548450555,19.6,-23.068824014867022
CAT,2013-10-22,OTHER,,0,1,intraday,1,-3.5057920179646946,3.5057920179646946,1,0.7842909500240796,13.16,-453.5392481588313
CAT,2013-10-23,EARNINGS_GUIDANCE,RESULTS,6,2,intraday,1,-3.8941766947959153,3.8941766947959153,1,0.8593017194595992,13.33,-503.2473247016074
CAT,2013-10-24,OTHER,,0,1,after,1,0.44213898636322063,0.44213898636322063,0,1.7784194864827294,13.42,56.92199900543671
CAT,2013-11-20,OTHER,,0,1,intraday,1,-1.7079237419001185,1.7079237419001185,0,1.589634286426129,13.39,-217.852785715355
CAT,2013-12-12,MANAGEMENT_GOVERNANCE,OFFICER_CHANGE,5,3,after,1,1.0639378282844298,1.0639378282844298,0,0.8213577773302857,15.42,145.4932614202094
CAT,2013-12-19,OTHER,,0,1,intraday,1,0.48173957555446156,0.48173957555446156,0,0.8604559346081249,13.8,65.14331888725063
CAT,2014-01-24,OTHER,,0,1,intraday,1,4.365187219030517,4.365187219030517,1,0.909984748025013,13.77,577.0941785445934
CAT,2014-01-27,EARNINGS_GUIDANCE,RESULTS,6,2,intraday,1,5.42436001477574,5.42436001477574,1,1.134716368129867,18.139999,717.765964265058
CAT,2014-02-20,OTHER,,0,1,intraday,1,0.7958862397367725,0.7958862397367725,0,2.060429214195928,15.5,102.95821055972935
CAT,2014-03-20,OTHER,,0,1,intraday,1,0.8340380428015797,0.8340380428015797,0,0.6532067142898957,15.12,119.59876846072932
CAT,2014-04-23,OTHER,,0,1,intraday,1,1.1287358358740351,1.1287358358740351,0,0.9751688227406001,13.19,155.2457103904162
CAT,2014-04-24,EARNINGS_GUIDANCE,RESULTS,6,2,intraday,1,1.2990934609181035,1.2990934609181035,0,0.9478295474670155,13.27,178.65894934056485
CAT,2014-05-08,MA_CORPORATE_ACTION,MATERIAL_AGREEMENT,5,2,intraday,1,0.24442229765440057,0.24442229765440057,0,0.8020795476082262,13.4,33.34263834902734
CAT,2014-05-20,OTHER,,0,1,intraday,1,-1.9436365835251237,1.9436365835251237,0,0.8166678149330313,12.42,-267.7714618228702
CAT,2014-06-12,OTHER,,0,2,after,1,-1.145363988381813,1.145363988381813,0,1.4009934799498847,11.6,-157.3720756399798
CAT,2014-06-13,MANAGEMENT_GOVERNANCE,OFFICER_CHANGE,5,3,after,1,-0.24126262438752533,0.24126262438752533,0,1.433846848972751,12.56,-33.14495101594898
CAT,2014-06-19,OTHER,,0,1,intraday,1,0.9637720433890051,0.9637720433890051,0,1.0246090824265772,10.61,132.23004112893688
CAT,2014-07-23,OTHER,,0,1,intraday,1,-3.7016022318348694,3.7016022318348694,1,0.7233491569539773,12.24,-506.3255575545714
CAT,2014-07-24,EARNINGS_GUIDANCE,RESULTS,6,2,intraday,1,-2.2503463783635147,2.2503463783635147,1,0.823221555619104,11.52,-307.90942237156736
CAT,2014-08-20,OTHER,,0,1,intraday,1,-0.03924638846870063,0.03924638846870063,0,1.24807946456238,12.21,-5.280770214218444
CAT,2014-09-17,MA_CORPORATE_ACTION,MATERIAL_AGREEMENT,5,3,after,1,-0.9055359118423844,0.9055359118423844,0,0.5063335494212955,12.73,-123.61628176542672
CAT,2014-09-19,OTHER,,0,1,intraday,1,-1.9520218099554691,1.9520218099554691,0,0.5215893545974154,12.03,-266.5970333164263
CAT,2014-10-01,OTHER,,0,1,after,1,-0.3534945772986661,0.3534945772986661,0,0.8017885055114998,16.309999,-48.21909029210412
CAT,2014-10-14,MANAGEMENT_GOVERNANCE,OFFICER_CHANGE,5,1,intraday,1,1.0588334580604504,1.0588334580604504,0,1.5594311288766343,24.639999,129.2546375544272
CAT,2014-10-22,OTHER,,0,1,intraday,1,2.355829819752415,2.355829819752415,1,1.8217314525008281,16.08,288.4623724580785
CAT,2014-10-23,EARNINGS_GUIDANCE,RESULTS,6,2,intraday,1,2.5070681460989057,2.5070681460989057,1,1.7893449126394294,17.870001,310.17847795740323
CAT,2014-11-20,OTHER,,0,1,intraday,1,3.347863618216433,3.347863618216433,1,1.6813179316459075,13.96,416.2188713936712
CAT,2014-12-12,MANAGEMENT_GOVERNANCE,OFFICER_CHANGE,5,1,after,1,-0.6270804368841121,0.6270804368841121,0,1.6497677905945038,20.08,-83.12277870601916
CAT,2014-12-18,OTHER,,0,1,intraday,1,-0.6940420259238907,0.6940420259238907,0,1.7152580164410254,19.440001,-92.48238051625341
CAT,2014-12-19,MANAGEMENT_GOVERNANCE,OFFICER_CHANGE,5,2,after,1,-0.22896280299571625,0.22896280299571625,0,1.8020083270878477,16.809999,-30.52776280624692
CAT,2015-01-26,OTHER,,0,1,intraday,1,-4.483083571059176,4.483083571059176,1,1.8557824864139532,16.66,-559.8704649559345
CAT,2015-01-27,EARNINGS_GUIDANCE,RESULTS,6,2,intraday,1,-3.3053345788290716,3.3053345788290716,1,1.8806830570542101,15.52,-412.39046276359437
CAT,2015-02-19,OTHER,,0,1,intraday,1,-0.7290407753258107,0.7290407753258107,0,2.504377023744227,15.45,-93.9332068413331
CAT,2015-03-19,OTHER,,0,1,intraday,1,-0.31540901404405475,0.31540901404405475,0,1.355746398075259,13.97,-45.305770076053406
CAT,2015-04-22,OTHER,,0,1,intraday,1,0.267575521014035,0.267575521014035,0,1.1916549478400345,13.25,39.442466066347784
CAT,2015-04-23,EARNINGS_GUIDANCE,RESULTS,6,2,intraday,1,-0.42358312437437645,0.42358312437437645,0,1.1859505140018078,12.71,-62.44226505734003
CAT,2015-05-20,OTHER,,0,1,intraday,1,1.6385766032271334,1.6385766032271334,0,0.7489565287875487,12.85,239.5821781723625
CAT,2015-06-11,OTHER,,0,2,after,1,0.06619295700934948,0.06619295700934948,0,0.9262650939865348,13.22,9.872600613062536
CAT,2015-06-15,OTHER,,0,1,after,1,-0.892430100693475,0.892430100693475,0,0.9263461070619913,13.78,-133.3419303162809
CAT,2015-06-18,OTHER,,0,1,intraday,1,-0.11961750158186275,0.11961750158186275,0,0.911062266101639,14.5,-17.941987974007585
CAT,2015-07-22,OTHER,,0,1,intraday,1,-3.726598931979993,3.726598931979993,1,0.9574467813120182,12.22,-559.9127582009512
CAT,2015-07-23,EARNINGS_GUIDANCE,RESULTS,6,2,intraday,1,-1.683211258022166,1.683211258022166,0,1.1270139190681252,12.12,-253.13541214372293
CAT,2015-08-20,OTHER,,0,1,intraday,1,2.054884963143213,2.054884963143213,1,1.6058843521054036,15.25,314.61067711388023
CAT,2015-09-17,MA_CORPORATE_ACTION,MATERIAL_AGREEMENT,5,3,after,1,-1.6204605986369307,1.6204605986369307,0,1.5262513652632514,21.35,-258.57230214327075
CAT,2015-09-21,OTHER,,0,1,intraday,1,0.589112025614514,0.589112025614514,0,1.6210796685227502,22.280001,94.37436364418333
CAT,2015-09-24,OPERATIONAL_ESG,RESTRUCTURING,5,3,intraday,1,-4.345648427179004,4.345648427179004,1,1.4432499552010363,22.129999,-703.558550489003
CAT,2015-10-01,OTHER,,0,1,after,1,-0.8576908892226094,0.8576908892226094,0,1.7627100126550588,24.5,-138.67054615818262
CAT,2015-10-21,OTHER,,0,1,intraday,1,0.6984421129730388,0.6984421129730388,0,2.0231208424813896,15.75,111.92574858029388
CAT,2015-10-22,EARNINGS_GUIDANCE,RESULTS,6,2,intraday,1,0.9224639258837894,0.9224639258837894,0,1.989432864546809,16.700001,147.8415451002073
CAT,2015-11-19,OTHER,,0,1,intraday,1,0.6680767657973595,0.6680767657973595,0,1.3947706381490181,16.85,116.98076671337932
CAT,2015-12-11,MANAGEMENT_GOVERNANCE,OFFICER_CHANGE,5,4,intraday,2,0.767215601284109,0.767215601284109,0,1.1157851725283914,19.34,134.8336319299594
CAT,2015-12-18,OTHER,,0,1,intraday,1,0.9826536752343417,0.9826536752343417,0,1.3301364200180994,18.940001,172.93268855362632
CAT,2016-01-27,OTHER,,0,1,intraday,1,2.374084149232379,2.374084149232379,1,1.7608284651412185,22.5,393.873397238757
CAT,2016-01-28,EARNINGS_GUIDANCE,RESULTS,6,2,intraday,1,2.3107992347458826,2.3107992347458826,1,1.7660896536367672,23.110001,383.1784075803929
CAT,2016-02-18,OTHER,,0,1,intraday,1,-1.2744269425255432,1.2744269425255432,0,2.290319975441389,22.309999,-218.672318626286
CAT,2016-03-17,OTHER,,0,1,intraday,1,0.2992091091015284,0.2992091091015284,0,1.4093680098749453,14.99,55.55734460721811
CAT,2016-03-18,OTHER,,0,1,intraday,1,-0.2618545157117111,0.2618545157117111,0,1.3460184696640638,14.44,-49.73818332390059
CAT,2016-04-21,OTHER,,0,1,intraday,1,-0.07353564073107156,0.07353564073107156,0,0.9022742413424856,13.28,-14.616579300344583
CAT,2016-04-22,EARNINGS_GUIDANCE,RESULTS,6,2,intraday,1,-1.0657193285039417,1.0657193285039417,0,0.860528762846704,13.95,-211.7050974525646
CAT,2016-05-17,OTHER,,0,2,after,1,0.44743608037637495,0.44743608037637495,0,1.0978552109906412,14.68,89.08748145475231
CAT,2016-05-19,OTHER,,0,1,intraday,1,-0.6300811316749783,0.6300811316749783,0,1.0633453147522616,15.95,-125.57530703932191
CAT,2016-06-13,OTHER,,0,3,after,1,-0.21676626759769335,0.21676626759769335,0,0.8278233310832631,17.030001,-43.71016493037706
CAT,2016-06-20,OTHER,,0,1,intraday,1,-0.10894952168854265,0.10894952168854265,0,0.7958943594070848,19.41,-22.045578698870663
CAT,2016-07-25,OTHER,,0,1,intraday,1,2.166856165754434,2.166856165754434,1,0.8709175153509152,12.02,442.0177007146312
CAT,2016-07-26,EARNINGS_GUIDANCE,RESULTS,6,2,intraday,1,3.3291699178288665,3.3291699178288665,1,0.7701884844531333,12.87,674.9828561426101
CAT,2016-08-18,OTHER,,0,1,intraday,1,-0.35099683267803783,0.35099683267803783,0,0.972593262916374,12.19,-70.14646316092363
CAT,2016-09-15,MA_CORPORATE_ACTION,MATERIAL_AGREEMENT,5,3,after,1,0.19047981305162426,0.19047981305162426,0,0.8809753933389693,18.139999,36.99706412118403
CAT,2016-09-21,OTHER,,0,1,intraday,1,-0.07058506271565372,0.07058506271565372,0,0.9019678966118505,15.92,-13.402733269163129
CAT,2016-09-30,OTHER,,0,1,after,1,0.086378044109227,0.086378044109227,0,1.2347232468315807,14.02,16.234332513151575
CAT,2016-10-17,MANAGEMENT_GOVERNANCE,OFFICER_CHANGE,5,2,intraday,1,-0.5116396889740196,0.5116396889740196,0,1.0202003730298086,16.120001,-94.42725613249408
CAT,2016-10-24,OTHER,,0,1,intraday,1,-1.271708010541966,1.271708010541966,0,0.950746596485272,13.34,-237.04052586096597
CAT,2016-10-25,EARNINGS_GUIDANCE,RESULTS,6,2,intraday,1,-0.8529673415417046,0.8529673415417046,0,0.958195807033774,13.02,-158.53916163986275
CAT,2016-11-18,OTHER,,0,1,intraday,1,-0.41890772488583433,0.41890772488583433,0,1.5435170714704458,13.35,-76.21376057217992
CAT,2016-12-02,OTHER,,0,2,after,1,-1.6769111785491813,1.6769111785491813,0,1.5332231095948987,14.07,-298.49021101547646
CAT,2016-12-20,OTHER,,0,1,intraday,1,0.5126337713510402,0.5126337713510402,0,1.116036241185028,11.71,89.05324384523766
CAT,2017-01-25,OTHER,,0,1,intraday,1,-0.10945842829523829,0.10945842829523829,0,0.7496521905419127,11.07,-18.484755042596294
CAT,2017-01-26,EARNINGS_GUIDANCE,RESULTS,6,2,intraday,1,0.6508887623935192,0.6508887623935192,0,0.7553761120516088,10.81,108.77567041477793
CAT,2017-03-20,OTHER,,0,1,intraday,1,0.8819048384825624,0.8819048384825624,0,1.4890804879513129,11.28,141.78923985258712
CAT,2017-04-12,MANAGEMENT_GOVERNANCE,OFFICER_CHANGE,5,2,intraday,1,-1.6639697702234904,1.6639697702234904,0,1.0992991061839656,15.07,-269.6626967596061
CAT,2017-04-24,OTHER,,0,1,intraday,1,4.597996063972884,4.597996063972884,1,1.0507006215854025,14.63,765.7359025016527
CAT,2017-04-25,EARNINGS_GUIDANCE,RESULTS,6,2,intraday,1,4.2763348875680975,4.2763348875680975,1,1.1705905778109154,10.84,694.2502924487313
CAT,2017-05-18,OTHER,,0,1,intraday,1,0.32245285111288674,0.32245285111288674,0,1.7920334899043762,15.59,52.04154219755933
CAT,2017-06-14,OTHER,,0,2,intraday,1,0.5700160879330461,0.5700160879330461,0,0.788802532152979,10.42,99.27983386067038
CAT,2017-06-20,OTHER,,0,2,after,2,-1.5856062074520987,1.5856062074520987,0,0.6444052849316348,10.37,-277.99172049223415
CAT,2017-07-24,OTHER,,0,1,intraday,1,4.0113820659690615,4.0113820659690615,1,0.7388202201835614,9.36,673.6109401934459
CAT,2017-07-25,EARNINGS_GUIDANCE,RESULTS,6,2,intraday,1,2.580950631468901,2.580950631468901,1,0.7841593783719023,9.43,432.4883584917092
CAT,2017-08-01,MANAGEMENT_GOVERNANCE,OFFICER_CHANGE,5,2,intraday,1,-0.7543260874377632,0.7543260874377632,0,1.2197649979478118,10.26,-127.96228322063067
CAT,2017-08-10,MANAGEMENT_GOVERNANCE,OFFICER_CHANGE,5,2,intraday,1,0.3468058748315223,0.3468058748315223,0,1.1378237231754735,11.11,59.78579225203676
CAT,2017-08-18,OTHER,,0,1,intraday,1,0.22554590261296986,0.22554590261296986,0,1.1415745660466314,15.55,39.203449794375885
CAT,2017-09-13,MA_CORPORATE_ACTION,MATERIAL_AGREEMENT,5,3,after,1,-0.29466120638159216,0.29466120638159216,0,0.6543960155175194,10.58,-53.22697402171124
CAT,2017-09-21,OTHER,,0,1,intraday,1,0.004935484067931793,0.004935484067931793,0,0.6454968304360406,9.78,0.8643408291610262
CAT,2017-10-03,MANAGEMENT_GOVERNANCE,OFFICER_CHANGE,5,1,after,1,0.5650825296556055,0.5650825296556055,0,0.6235077071974411,9.45,99.38599558555188
CAT,2017-10-23,OTHER,,0,1,intraday,1,3.0384804109512036,3.0384804109512036,1,0.3763120833050157,9.97,532.2679702372071
CAT,2017-10-24,EARNINGS_GUIDANCE,RESULTS,6,2,intraday,1,2.436375021133579,2.436375021133579,1,0.3711214226789402,11.07,425.04347160453176
CAT,2017-11-14,OTHER,,0,1,after,1,-0.47258009221336106,0.47258009221336106,0,1.1032693454716027,11.5,-76.40536217688981
CAT,2017-12-13,OTHER,,0,1,intraday,1,1.4958406146231222,1.4958406146231222,0,0.9312815226710704,9.92,242.81057394681395
CAT,2018-01-08,MANAGEMENT_GOVERNANCE,OFFICER_CHANGE,5,1,after,1,1.1847721741929333,1.1847721741929333,0,0.9776182058298271,9.22,192.70795665328077
CAT,2018-01-24,OTHER,,0,1,intraday,1,-0.15318506453700617,0.15318506453700617,0,0.8207045864566862,11.1,-24.400263631218223
CAT,2018-01-25,EARNINGS_GUIDANCE,RESULTS,6,2,intraday,1,-1.734112511227564,1.734112511227564,0,0.8435613547369714,11.47,-282.0967014688822
CAT,2018-02-13,OTHER,,0,1,intraday,1,0.6783131098125412,0.6783131098125412,0,1.9105689879308658,25.610001,108.32838601385744
CAT,2018-02-21,MANAGEMENT_GOVERNANCE,OFFICER_CHANGE,5,1,intraday,1,1.4619824917134614,1.4619824917134614,0,2.1418534733164405,20.6,229.99138443184432
CAT,2018-03-13,OTHER,,0,1,intraday,1,-0.09625125913052666,0.09625125913052666,0,2.0357193935446176,15.78,-15.152400207128457
CAT,2018-04-10,MANAGEMENT_GOVERNANCE,OFFICER_CHANGE,5,1,after,1,0.6058925675642661,0.6058925675642661,0,1.940370013114572,21.77,96.16868371286321
CAT,2018-04-13,OTHER,,0,2,after,1,0.30246859051379743,0.30246859051379743,0,2.3034296856219676,18.49,44.21232388024139
CAT,2018-04-24,EARNINGS_GUIDANCE,RESULTS,6,3,intraday,2,-3.1166827169460594,3.1166827169460594,1,1.4789882521327113,16.34,-473.65883526499766
CAT,2018-05-04,MANAGEMENT_GOVERNANCE,OFFICER_CHANGE,5,2,intraday,1,1.1001803738229232,1.1001803738229232,0,1.8126006672175425,15.9,171.3275224296572
CAT,2018-05-11,OTHER,,0,1,intraday,1,0.10994849639228875,0.10994849639228875,0,1.599983376215616,13.23,17.09480325940708
CAT,2018-06-13,OTHER,,0,3,intraday,2,-1.8334003367241813,1.8334003367241813,0,1.0649201558427848,12.34,-290.2024057174491
CAT,2018-06-15,MANAGEMENT_GOVERNANCE,OFFICER_CHANGE,5,1,after,1,-1.7014214016550384,1.7014214016550384,0,1.1610210728325983,12.12,-268.7398374096884
CAT,2018-06-19,OTHER,,0,1,intraday,1,-2.345762967504053,2.345762967504053,1,1.1150189061675975,12.31,-371.01739178881945
CAT,2018-07-30,EARNINGS_GUIDANCE,RESULTS,6,3,intraday,2,0.5363090313247617,0.5363090313247617,0,1.5597846942591151,13.03,82.21438974316986
CAT,2018-08-13,OTHER,,0,1,intraday,1,-0.7056974878418769,0.7056974878418769,0,1.5073938190853655,13.16,-110.78412911166406
CAT,2018-09-13,MA_CORPORATE_ACTION,MATERIAL_AGREEMENT,5,3,after,1,-0.24502632608735808,0.24502632608735808,0,1.1627880790980523,13.14,-41.08887727688703
CAT,2018-09-14,OTHER,,0,1,intraday,1,0.7807094001408037,0.7807094001408037,0,1.0320026006445426,12.37,131.18442460481205
CAT,2018-10-23,EARNINGS_GUIDANCE,RESULTS,6,3,intraday,2,-4.723944607866404,4.723944607866404,1,1.4151324161144638,19.639999,-798.0303678571662
CAT,2018-10-24,EARNINGS_GUIDANCE,RESULTS,6,2,after,1,-0.42576984029402754,0.42576984029402754,0,1.8939473146059058,20.709999,-71.83188321301583
CAT,2018-11-13,OTHER,,0,1,intraday,1,0.8829197975796255,0.8829197975796255,0,2.6522153286241994,20.450001,150.14759555106042
CAT,2018-12-13,OTHER,,0,3,intraday,2,2.2539831176646765,2.2539831176646765,1,2.306164624625954,21.459999,424.5297177741275
CAT,2018-12-14,MANAGEMENT_GOVERNANCE,OFFICER_CHANGE,5,1,intraday,1,2.621901534583629,2.621901534583629,1,2.2153725464048564,20.65,494.8392960893634
CAT,2019-01-28,EARNINGS_GUIDANCE,RESULTS,6,3,intraday,2,-3.214819587743363,3.214819587743363,1,1.4391276410610054,17.42,-618.4428561081763
CAT,2019-02-13,OTHER,,0,1,intraday,1,-0.055156911034727765,0.055156911034727765,0,2.0452211379909415,15.43,-10.671484822027175
CAT,2019-03-13,OTHER,,0,1,intraday,1,0.04416943858607491,0.04416943858607491,0,1.0536195717623993,13.77,9.102030933486153
CAT,2019-04-24,EARNINGS_GUIDANCE,RESULTS,6,3,intraday,2,-1.7623243660465708,1.7623243660465708,0,0.8781848400776898,12.28,-362.3525630323014
CAT,2019-05-02,OTHER,,0,2,intraday,1,-0.19159869975095498,0.19159869975095498,0,0.8995565323387382,14.8,-39.48468838226331
CAT,2019-05-13,OTHER,,0,1,intraday,1,-0.09126746069199565,0.09126746069199565,0,1.0298890338833915,16.040001,-18.791917499443432
CAT,2019-06-13,OTHER,,0,1,intraday,1,-0.16271936156688732,0.16271936156688732,0,0.8201330604320792,15.91,-33.4019403741842
CAT,2019-06-17,OTHER,,0,1,after,1,0.3450008506818718,0.3450008506818718,0,0.6155321967914509,15.28,71.21229883010211
CAT,2019-07-24,EARNINGS_GUIDANCE,RESULTS,6,3,intraday,2,-1.1928747907693136,1.1928747907693136,0,0.9087645219823615,12.61,-238.5936752400048
CAT,2019-08-05,OTHER,,0,2,after,1,0.30625392576909477,0.30625392576909477,0,1.3795968423763156,17.610001,60.39412767589476
CAT,2019-08-13,OTHER,,0,2,intraday,1,0.4774280036336388,0.4774280036336388,0,1.3040990585628938,21.09,93.84729585623548
CAT,2019-09-11,MA_CORPORATE_ACTION,MATERIAL_AGREEMENT,5,3,after,1,-0.14356665113036768,0.14356665113036768,0,1.24072883162046,15.2,-29.89854043879336
CAT,2019-09-13,OTHER,,0,2,intraday,1,0.8447302086832862,0.8447302086832862,0,1.11211200958384,14.22,177.0687763979368
CAT,2019-09-19,OTHER,,0,2,intraday,1,-0.643784362733619,0.643784362733619,0,1.1670590444734457,13.95,-135.0335443560665
CAT,2019-10-23,EARNINGS_GUIDANCE,RESULTS,6,4,intraday,2,-0.2354084526393373,0.2354084526393373,0,1.2075215646635349,14.46,-45.95225821718663
CAT,2019-11-13,OTHER,,0,2,intraday,1,-1.116461532328082,1.116461532328082,0,1.1935355923773694,12.68,-214.7786581210261
CAT,2019-12-12,OTHER,,0,2,intraday,1,-0.050329083390743275,0.050329083390743275,0,0.7494420301026581,14.99,-9.554614228066868
CAT,2020-01-28,MANAGEMENT_GOVERNANCE,OFFICER_CHANGE,5,2,after,1,-0.6838713934556789,0.6838713934556789,0,1.0124719320527682,18.23,-116.53965028330474
CAT,2020-01-31,EARNINGS_GUIDANCE,RESULTS,6,4,intraday,2,-1.578957281641048,1.578957281641048,0,0.9742391060097261,15.49,-270.449246061081
CAT,2020-02-13,OTHER,,0,2,intraday,1,-0.6710244087660728,0.6710244087660728,0,1.640487428106349,13.74,-111.31997528559894
CAT,2020-03-12,OTHER,,0,2,intraday,1,0.9257809895877912,0.9257809895877912,0,3.433849142383855,53.900002,154.4352566206146
CAT,2020-03-26,OTHER,,0,2,intraday,1,-1.5556497603885704,1.5556497603885704,0,5.041166508671,63.950001,-262.34030431899953
CAT,2020-04-14,OTHER,,0,2,intraday,1,-1.8194238340246238,1.8194238340246238,0,3.8533263809129874,41.169998,-306.7581253127481
CAT,2020-04-24,MA_CORPORATE_ACTION,MATERIAL_AGREEMENT,5,3,intraday,1,-0.5247944787396103,0.5247944787396103,0,2.6598279391523896,41.380001,-96.52837763979832
CAT,2020-04-28,EARNINGS_GUIDANCE,RESULTS,6,4,intraday,2,1.1396167956181509,1.1396167956181509,0,2.210270464720922,33.290001,217.94279888652824
CAT,2020-05-13,OTHER,,0,2,intraday,1,0.7914901902908094,0.7914901902908094,0,1.8864814878406682,33.040001,166.01715130069215
CAT,2020-06-12,OTHER,,0,2,intraday,1,-0.18684402818760004,0.18684402818760004,0,2.168740833771057,40.790001,-40.91662999630341
CAT,2020-06-15,OTHER,,0,2,intraday,1,1.226247771637242,1.226247771637242,0,2.155481283467037,36.09,269.7919769964355
CAT,2020-07-31,EARNINGS_GUIDANCE,RESULTS,6,4,intraday,2,-2.3957943918016342,2.3957943918016342,1,1.1177668779592114,24.76,-534.5000819225241
CAT,2020-08-14,OTHER,,0,2,intraday,1,-0.8132978673503343,0.8132978673503343,0,1.131018018179274,22.129999,-182.35285728406797
CAT,2020-09-01,MA_CORPORATE_ACTION,AGREEMENT_TERMINATED,5,2,after,1,1.005204615271788,1.005204615271788,0,0.9138407421039683,26.41,225.35662565393812
CAT,2020-09-09,MA_CORPORATE_ACTION,MATERIAL_AGREEMENT,5,3,after,1,0.2665579750770509,0.2665579750770509,0,0.7562985803997008,31.459999,59.74550309757905
CAT,2020-09-15,OTHER,,0,2,intraday,1,-0.7449504471345365,0.7449504471345365,0,0.879728347023931,25.85,-170.42124881041224
CAT,2020-10-21,MANAGEMENT_GOVERNANCE,OFFICER_CHANGE,5,2,after,1,0.02279885200780505,0.02279885200780505,0,0.8026959177798849,29.35,5.1753814237279725
CAT,2020-10-27,EARNINGS_GUIDANCE,RESULTS,6,4,intraday,2,-1.6114746483591673,1.6114746483591673,0,0.9247263993315828,32.459999,-368.79646711915444
CAT,2020-11-13,OTHER,,0,2,intraday,1,-0.12660947795571154,0.12660947795571154,0,1.8978138525533317,25.35,-29.873365784709797
CAT,2020-12-14,OTHER,,0,2,intraday,1,0.14392298870510087,0.14392298870510087,0,0.7592252850357369,23.309999,34.573412880745444
CAT,2021-01-29,EARNINGS_GUIDANCE,RESULTS,6,3,intraday,1,0.15084750454917245,0.15084750454917245,0,1.0347093127384261,30.209999,40.06447751093132
CAT,2021-02-10,OTHER,,0,2,after,1,0.09251935492574982,0.09251935492574982,0,0.9006817448912048,21.629999,24.615986794122296
CAT,2021-03-04,MANAGEMENT_GOVERNANCE,OFFICER_CHANGE,5,2,after,1,0.6420543261971189,0.6420543261971189,0,1.0048575171832854,26.67,160.50352504189863
CAT,2021-03-15,OTHER,,0,2,after,1,-0.7261203294511747,0.7261203294511747,0,1.245823270696093,20.690001,-180.39390305843725
CAT,2021-04-19,MANAGEMENT_GOVERNANCE,OFFICER_CHANGE,5,2,after,1,-0.5789575846369079,0.5789575846369079,0,0.7065004909312823,16.25,-142.48989370694142
CAT,2021-04-29,EARNINGS_GUIDANCE,RESULTS,6,3,intraday,1,-0.8700764121700862,0.8700764121700862,0,0.5615328011391719,17.280001,-215.85120676778814
CAT,2021-06-09,OTHER,,0,1,intraday,1,-2.827707323305707,2.827707323305707,1,0.5923638829994493,17.07,-678.9339723823535
CAT,2021-06-14,OTHER,,0,2,after,1,-0.3828121920482009,0.3828121920482009,0,0.8211630940609381,15.65,-92.3499962828696
CAT,2021-07-30,EARNINGS_GUIDANCE,RESULTS,6,3,intraday,1,-1.3395274791717002,1.3395274791717002,0,0.7568932167919568,17.700001,-319.18271888665305
CAT,2021-09-09,MA_CORPORATE_ACTION,MATERIAL_AGREEMENT,5,2,after,1,-0.01001585695117315,0.01001585695117315,0,0.8007936612421838,17.959999,-2.3068284577597513
CAT,2021-10-28,EARNINGS_GUIDANCE,RESULTS,6,3,intraday,1,1.463005548402328,1.463005548402328,0,1.051252576596612,16.98,292.23231232976786
CAT,2022-01-28,EARNINGS_GUIDANCE,RESULTS,6,3,intraday,1,-4.40014460034756,4.40014460034756,1,1.2376354431009813,30.49,-879.1426482638963
CAT,2022-02-08,MANAGEMENT_GOVERNANCE,OFFICER_CHANGE,5,2,after,1,-0.06966844221816786,0.06966844221816786,0,1.3209370962874376,22.860001,-13.237630430260346
CAT,2022-02-09,MANAGEMENT_GOVERNANCE,OFFICER_CHANGE,5,2,after,1,0.6947848924603645,0.6947848924603645,0,1.3432512240770136,21.440001,131.87141239596838
CAT,2022-02-16,MANAGEMENT_GOVERNANCE,OFFICER_CHANGE,5,2,after,1,-1.125926436632331,1.125926436632331,0,1.2068449018045782,25.700001,-219.01771776784946
CAT,2022-04-28,EARNINGS_GUIDANCE,RESULTS,6,3,intraday,1,-0.30899654549134675,0.30899654549134675,0,1.4124180722867563,31.6,-67.90911631018432
CAT,2022-06-15,OTHER,,0,4,after,1,-2.1354850425295635,2.1354850425295635,1,1.4217220496583298,32.689999,-477.78102887211344
CAT,2022-08-02,EARNINGS_GUIDANCE,RESULTS,6,3,intraday,1,-3.0179069010881463,3.0179069010881463,1,1.3224231880293533,22.84,-700.5116007881255
CAT,2022-09-07,MA_CORPORATE_ACTION,MATERIAL_AGREEMENT,5,3,after,1,-0.15482750756350006,0.15482750756350006,0,1.0270549397506301,26.91,-37.78761685835615
CAT,2022-09-09,OTHER,,0,2,after,1,1.26215139127093,1.26215139127093,0,0.9457051183371782,23.610001,307.2657098543779
CAT,2022-10-14,OTHER,,0,2,after,1,-0.5908592385625729,0.5908592385625729,0,1.2456354545526431,31.940001,-148.31877181413114
CAT,2022-10-27,EARNINGS_GUIDANCE,RESULTS,6,3,intraday,1,3.773888166428325,3.773888166428325,1,1.2162539623987534,27.280001,939.2917069825997
CAT,2023-01-31,EARNINGS_GUIDANCE,RESULTS,6,3,intraday,1,-2.8845634776757536,2.8845634776757536,1,0.8203454163878954,19.940001,-709.0465399923444
CAT,2023-02-02,MANAGEMENT_GOVERNANCE,OFFICER_CHANGE,5,2,intraday,1,-0.5454559280012665,0.5454559280012665,0,0.9821117394921116,17.870001,-134.3689852762723
CAT,2023-04-27,EARNINGS_GUIDANCE,RESULTS,6,3,intraday,1,-0.6568114032754143,0.6568114032754143,0,1.0881503339427325,18.84,-152.29474801781777
CAT,2023-08-01,EARNINGS_GUIDANCE,RESULTS,6,3,intraday,1,4.378658218019839,4.378658218019839,1,0.7548312114329149,13.63,955.5920078146294
CAT,2023-08-10,MANAGEMENT_GOVERNANCE,OFFICER_CHANGE,5,2,after,1,0.04783840259418963,0.04783840259418963,0,1.4073737268377995,15.96,10.405273434535138
CAT,2023-10-16,MANAGEMENT_GOVERNANCE,OFFICER_CHANGE,5,2,intraday,1,0.3169900775248343,0.3169900775248343,0,0.8019373042253614,19.32,67.97307951367111
CAT,2023-10-31,EARNINGS_GUIDANCE,RESULTS,6,3,intraday,1,-2.8412899770275075,2.8412899770275075,1,1.1016313407492435,19.75,-603.3371707719187
CAT,2023-12-15,OTHER,,0,1,after,1,-0.0636237403655283,0.0636237403655283,0,1.050523529627205,12.48,-14.334508275109853
CAT,2024-02-05,EARNINGS_GUIDANCE,RESULTS,6,3,intraday,1,1.1430613082210859,1.1430613082210859,0,0.9427240372416751,13.85,251.37781313463657
CAT,2024-04-03,MANAGEMENT_GOVERNANCE,OFFICER_CHANGE,5,1,intraday,1,1.2569039768996209,1.2569039768996209,0,0.7196950254625863,14.61,259.73380231478916
CAT,2024-04-25,EARNINGS_GUIDANCE,RESULTS,6,3,intraday,1,-3.2617620336438735,3.2617620336438735,1,0.8768724940527937,15.97,-664.7830275646626
CAT,2024-06-17,OTHER,,0,3,after,1,-0.16166107553401435,0.16166107553401435,0,0.7037647031080397,12.66,-32.89223706968939
CAT,2024-08-06,EARNINGS_GUIDANCE,RESULTS,6,3,intraday,1,1.3707678699511308,1.3707678699511308,0,1.6018833486203032,38.57,255.03097577486085
CAT,2024-09-04,MA_CORPORATE_ACTION,MATERIAL_AGREEMENT,5,3,intraday,1,-0.7197810414950648,0.7197810414950648,0,0.7814715124034195,20.719999,-138.87159266033444
CAT,2024-10-11,EARNINGS_GUIDANCE,RESULTS,6,3,intraday,1,-1.2044270364566658,1.2044270364566658,0,1.3143414803501092,20.93,-234.83624074765027
CAT,2024-10-30,EARNINGS_GUIDANCE,RESULTS,6,3,intraday,1,-0.2753912961939053,0.2753912961939053,0,0.9346543540362399,19.34,-49.359410415437466
CAT,2025-01-30,EARNINGS_GUIDANCE,RESULTS,6,3,intraday,1,-2.944768463847048,2.944768463847048,1,1.110783604243479,16.559999,-570.0152761271671
CAT,2025-04-10,MANAGEMENT_GOVERNANCE,OFFICER_CHANGE,5,2,after,1,0.39080144741659356,0.39080144741659356,0,2.3613188065849835,33.619999,80.33107751625704
CAT,2025-04-15,MANAGEMENT_GOVERNANCE,OFFICER_CHANGE,5,2,intraday,1,0.15158193944711754,0.15158193944711754,0,2.549245260326583,30.889999,29.557069527492708
CAT,2025-04-30,EARNINGS_GUIDANCE,RESULTS,6,3,intraday,1,0.7297074965382307,0.7297074965382307,0,2.657023091477231,24.17,143.65334128665447
CAT,2025-05-15,OTHER,,0,2,intraday,1,0.021562402424015817,0.021562402424015817,0,1.3175553679698737,18.620001,4.164182202904456
CAT,2025-06-13,OTHER,,0,3,after,1,0.3250512654051734,0.3250512654051734,0,0.7037458774768118,18.02,63.39298534279652
CAT,2025-08-05,EARNINGS_GUIDANCE,RESULTS,6,3,intraday,1,-0.8928003134429062,0.8928003134429062,0,0.8918058843595258,17.52,-164.12953450140992
CAT,2025-09-04,MA_CORPORATE_ACTION,MATERIAL_AGREEMENT,5,3,after,1,0.657730218343845,0.657730218343845,0,1.2983200106912414,16.35,123.12489197958638
CAT,2025-10-29,EARNINGS_GUIDANCE,RESULTS,6,3,intraday,1,7.117707909593053,7.117707909593053,1,1.5423741545670855,16.42,1175.3948537292426
CAT,2026-01-07,MANAGEMENT_GOVERNANCE,OFFICER_CHANGE,5,3,after,1,-1.099000875465184,1.099000875465184,0,1.4823966040373513,14.75,-228.71032904837696
CAT,2026-01-29,EARNINGS_GUIDANCE,RESULTS,6,3,intraday,1,1.1771017197063494,1.1771017197063494,0,1.395517566672811,16.35,239.17072094015762
CAT,2026-03-27,OTHER,,0,1,after,1,-1.552237836264705,1.552237836264705,0,1.3184098845703431,27.440001,-346.5240929669064
CAT,2026-04-13,MANAGEMENT_GOVERNANCE,OFFICER_CHANGE,5,2,after,1,-1.4735072499130406,1.4735072499130406,0,1.6652585700071016,19.23,-328.7889654835451
CAT,2026-04-14,OTHER,,0,2,after,1,-2.786490521912132,2.786490521912132,1,1.6659165059121344,19.120001,-622.178575595429
CAT,2026-04-30,EARNINGS_GUIDANCE,RESULTS,6,3,intraday,1,3.0241192198143043,3.0241192198143043,1,1.2534922715582775,18.809999,693.2676086236202
CAT,2026-06-12,OTHER,,0,3,after,1,-0.1110710100732623,0.1110710100732623,0,1.5927354304179522,19.440001,-28.17186182215957
CAT,2026-08-04,EARNINGS_GUIDANCE,RESULTS,6,3,intraday,1,0.5843583370243478,0.5843583370243478,0,1.300075259725927,15.86,158.36329115055267
CAT,2026-09-02,MA_CORPORATE_ACTION,MATERIAL_AGREEMENT,5,3,after,1,-0.1280534371744214,0.1280534371744214,0,0.8325249018452304,16.34,-37.7276918925714
CVX,2008-01-11,EARNINGS_GUIDANCE,RESULTS,6,1,pre,1,-0.9326153349422498,0.9326153349422498,0,1.4313806431817175,23.450001,-126.3636231603015
CVX,2008-02-04,EARNINGS_GUIDANCE,RESULTS,6,3,after,2,0.5711719325914535,0.5711719325914535,0,1.801617437589311,24.02,75.50697993502884
CVX,2008-04-01,MANAGEMENT_GOVERNANCE,OFFICER_CHANGE,5,1,after,1,-1.0246730103064408,1.0246730103064408,0,1.9976856375986833,25.610001,-148.06387639716903
CVX,2008-04-10,EARNINGS_GUIDANCE,RESULTS,6,1,pre,1,0.3168245766317332,0.3168245766317332,0,1.5670491848882382,22.809999,45.75879529731286
CVX,2008-05-05,EARNINGS_GUIDANCE,RESULTS,6,1,after,1,0.698477848645831,0.698477848645831,0,1.025229871163645,18.18,104.80401472958916
CVX,2008-07-11,EARNINGS_GUIDANCE,RESULTS,6,1,pre,1,-1.2124249532931486,1.2124249532931486,0,1.2906563053789808,25.59,-193.70682936238398
CVX,2008-08-04,EARNINGS_GUIDANCE,RESULTS,6,1,after,1,-2.414448575508072,2.414448575508072,1,1.9875484363274711,22.57,-394.0680994769003
CVX,2008-10-10,EARNINGS_GUIDANCE,RESULTS,6,1,pre,1,0.0736136173429456,0.0736136173429456,0,3.3657958604075326,63.919998,14.730078076681114
CVX,2008-11-03,EARNINGS_GUIDANCE,RESULTS,6,1,after,1,0.7923118855392386,0.7923118855392386,0,5.791382936672962,59.889999,159.06137972567274
CVX,2008-12-12,MANAGEMENT_GOVERNANCE,OFFICER_CHANGE,5,2,pre,1,-0.6649920653523054,0.6649920653523054,0,2.8640873253232764,55.779999,-164.89703815155934
CVX,2009-01-09,EARNINGS_GUIDANCE,RESULTS,6,1,pre,1,0.05726628097256005,0.05726628097256005,0,1.165099769468279,42.560001,14.838357555153578
CVX,2009-02-02,EARNINGS_GUIDANCE,RESULTS,6,1,after,1,-0.024290021532766118,0.024290021532766118,0,1.2042355505021654,44.84,-6.5862224625715635
CVX,2009-02-27,MANAGEMENT_GOVERNANCE,OFFICER_CHANGE,5,2,pre,1,-0.6233690413020063,0.6233690413020063,0,1.053640377976645,44.66,-169.32409883016132
CVX,2009-03-04,OTHER,,0,2,pre,1,-0.19528508476443932,0.19528508476443932,0,1.2343263300555005,50.93,-53.05615082523293
CVX,2009-03-30,MANAGEMENT_GOVERNANCE,OFFICER_CHANGE,5,1,pre,1,0.06359365111139001,0.06359365111139001,0,1.613300110553544,41.040001,17.10526475108538
CVX,2009-05-04,EARNINGS_GUIDANCE,RESULTS,6,1,after,1,-2.0404529613877367,2.0404529613877367,1,0.9128179392844761,35.299999,-547.0904194368029
CVX,2009-07-10,EARNINGS_GUIDANCE,RESULTS,6,1,pre,1,-1.4607463384118875,1.4607463384118875,0,0.8184923848991209,29.780001,-369.8143477222636
CVX,2009-08-03,EARNINGS_GUIDANCE,RESULTS,6,1,after,1,-0.4375610360533657,0.4375610360533657,0,0.8611609729852118,25.92,-106.5579766899833
CVX,2009-10-01,MANAGEMENT_GOVERNANCE,OFFICER_CHANGE,5,2,after,1,-0.09481207625644703,0.09481207625644703,0,0.6492067173098676,25.610001,-20.044579624948064
CVX,2009-10-09,EARNINGS_GUIDANCE,RESULTS,6,1,pre,1,1.0472604426328957,1.0472604426328957,0,0.857075389270126,24.18,203.40533866229686
CVX,2009-11-02,EARNINGS_GUIDANCE,RESULTS,6,1,after,1,-0.3715543023500361,0.3715543023500361,0,1.0264957299890671,30.690001,-63.96560516149975
CVX,2009-12-14,MANAGEMENT_GOVERNANCE,OFFICER_CHANGE,5,1,pre,1,-0.47714564920151625,0.47714564920151625,0,1.1138567784162794,21.59,-65.87604893970598
CVX,2010-01-12,EARNINGS_GUIDANCE,RESULTS,6,1,pre,1,-0.8469995993908167,0.8469995993908167,0,0.7777129066047898,17.549999,-115.21055970112073
CVX,2010-02-01,EARNINGS_GUIDANCE,RESULTS,6,1,after,1,0.5883777665447438,0.5883777665447438,0,1.0712233825683313,24.620001,78.69280902811387
CVX,2010-02-02,MANAGEMENT_GOVERNANCE,OFFICER_CHANGE,5,2,pre,1,-0.7679133441839598,0.7679133441839598,0,1.2168547419437696,22.59,-102.458597911178
CVX,2010-03-10,OTHER,,0,2,pre,1,-0.8191345263014841,0.8191345263014841,0,0.9530314874919077,17.92,-99.66174549660204
CVX,2010-04-09,EARNINGS_GUIDANCE,RESULTS,6,1,pre,1,2.4755749507194293,2.4755749507194293,1,0.7538159691151777,16.48,289.3614583463448
CVX,2010-05-03,EARNINGS_GUIDANCE,RESULTS,6,1,after,1,0.3083964420548798,0.3083964420548798,0,1.7078355428866443,22.049999,31.252702516703298
CVX,2010-05-14,OTHER,,0,2,after,1,1.223575662087119,1.223575662087119,0,2.429431607871515,26.68,122.279015898087
CVX,2010-06-03,OTHER,,0,1,pre,1,-0.8268381725862594,0.8268381725862594,0,2.988482367104745,30.17,-80.66101995402825
CVX,2010-07-13,EARNINGS_GUIDANCE,RESULTS,6,1,pre,1,0.3230111257491951,0.3230111257491951,0,2.1392394242026294,24.43,30.925751098581195
CVX,2010-08-02,EARNINGS_GUIDANCE,RESULTS,6,1,after,1,1.6150858529029517,1.6150858529029517,0,1.7540460986426742,23.5,152.70652980129972
CVX,2010-10-01,OTHER,,0,2,after,1,0.6366752026973452,0.6366752026973452,0,1.2590349370434422,23.700001,61.271256347529786
CVX,2010-10-13,EARNINGS_GUIDANCE,RESULTS,6,1,pre,1,-0.2902726976534151,0.2902726976534151,0,1.4382814172960168,18.93,-27.291680577443604
CVX,2010-11-01,EARNINGS_GUIDANCE,RESULTS,6,1,after,1,-1.4374324301122638,1.4374324301122638,0,1.5935626686896125,21.200001,-133.01943145139165
CVX,2011-01-12,EARNINGS_GUIDANCE,RESULTS,6,1,pre,1,-0.3874105838130942,0.3874105838130942,0,1.0689631222350864,16.889999,-36.396767134689625
CVX,2011-01-31,EARNINGS_GUIDANCE,RESULTS,6,1,after,1,0.663062288741496,0.663062288741496,0,1.1109634564767907,20.040001,62.73359566480672
CVX,2011-02-02,MANAGEMENT_GOVERNANCE,OFFICER_CHANGE,5,2,pre,1,1.0823073862915331,1.0823073862915331,0,1.2720902456757135,17.629999,101.92619252518176
CVX,2011-04-04,MANAGEMENT_GOVERNANCE,OFFICER_CHANGE,5,1,pre,1,0.803988393793387,0.803988393793387,0,1.9804687361422972,17.4,75.30603688141784
CVX,2011-04-12,EARNINGS_GUIDANCE,RESULTS,6,1,pre,1,-3.242076231723919,3.242076231723919,1,1.5900453261404905,16.59,-313.91974163461543
CVX,2011-05-02,EARNINGS_GUIDANCE,RESULTS,6,1,after,1,-2.678085377878458,2.678085377878458,1,1.815263944500468,14.75,-267.95707484398554
CVX,2011-06-01,OTHER,,0,1,pre,1,-1.4379407906875026,1.4379407906875026,0,1.5951876559239584,15.45,-146.91501340572245
CVX,2011-06-02,OTHER,,0,1,after,1,-0.508390443500267,0.508390443500267,0,1.6941764030830389,18.299999,-52.06989099201772
CVX,2011-07-12,EARNINGS_GUIDANCE,RESULTS,6,1,pre,1,0.6166170340332829,0.6166170340332829,0,1.7310098975987174,18.389999,63.555493726104714
CVX,2011-08-01,EARNINGS_GUIDANCE,RESULTS,6,1,after,1,2.6503858721333513,2.6503858721333513,1,1.409680694734552,25.25,271.99785098940333
CVX,2011-09-08,OTHER,,0,1,after,1,-0.25937652360962715,0.25937652360962715,0,3.103375939675627,33.380001,-26.418293929149765
CVX,2011-10-12,EARNINGS_GUIDANCE,RESULTS,6,1,pre,1,-0.5286911282636163,0.5286911282636163,0,2.9254374305946573,32.860001,-58.20427655823914
CVX,2011-10-31,EARNINGS_GUIDANCE,RESULTS,6,1,after,1,-1.7764137748212177,1.7764137748212177,0,2.5648228389701133,24.530001,-187.2732978512526
CVX,2011-12-13,MANAGEMENT_GOVERNANCE,OFFICER_CHANGE,5,1,after,1,-0.4595177806998428,0.4595177806998428,0,2.7621043033149806,25.67,-52.44740145597924
CVX,2012-01-12,EARNINGS_GUIDANCE,RESULTS,6,1,pre,1,-1.135793420150963,1.135793420150963,0,1.6899221386734384,21.049999,-137.8003248803396
CVX,2012-01-30,EARNINGS_GUIDANCE,RESULTS,6,2,after,2,-0.42120073931872043,0.42120073931872043,0,1.2087988883618157,18.530001,-52.26020435177467
CVX,2012-03-30,MANAGEMENT_GOVERNANCE,OFFICER_CHANGE,5,4,pre,1,0.1394057292248535,0.1394057292248535,0,1.07371600620594,15.48,17.02549252501231
CVX,2012-04-11,EARNINGS_GUIDANCE,RESULTS,6,1,pre,1,-0.8658630487066544,0.8658630487066544,0,1.2469989923037015,20.389999,-105.3157440684546
CVX,2012-04-30,EARNINGS_GUIDANCE,RESULTS,6,1,after,1,1.3934501217989592,1.3934501217989592,0,1.4240000139912317,16.32,167.88477191529097
CVX,2012-06-05,OTHER,,0,1,pre,1,0.21341520006120526,0.21341520006120526,0,1.2706984151982637,26.120001,25.834009769030267
CVX,2012-07-12,EARNINGS_GUIDANCE,RESULTS,6,1,pre,1,-0.024549556027385774,0.024549556027385774,0,1.6415184017977462,17.950001,-3.0550976528376412
CVX,2012-07-30,EARNINGS_GUIDANCE,RESULTS,6,1,after,1,0.9184173723569684,0.9184173723569684,0,1.060711843112003,16.700001,111.26273856851998
CVX,2012-10-04,MANAGEMENT_GOVERNANCE,OFFICER_CHANGE,5,2,pre,1,0.4241682523695301,0.4241682523695301,0,1.020232795154135,15.43,48.30201535702759
CVX,2012-10-10,EARNINGS_GUIDANCE,RESULTS,6,1,pre,1,-2.6729089170174176,2.6729089170174176,1,0.892274958669226,16.370001,-303.8906553698001
CVX,2012-11-05,EARNINGS_GUIDANCE,RESULTS,6,1,after,1,0.7505938524315429,0.7505938524315429,0,2.093329429935321,17.59,78.14002282928442
CVX,2012-12-06,OTHER,,0,2,after,1,1.119588454133378,1.119588454133378,0,1.468809912382342,16.459999,117.0573547366347
CVX,2013-01-11,EARNINGS_GUIDANCE,RESULTS,6,1,pre,1,2.28138914359726,2.28138914359726,1,1.228220620174279,13.49,227.19562724401877
CVX,2013-02-04,EARNINGS_GUIDANCE,RESULTS,6,1,after,1,-0.46880049285403647,0.46880049285403647,0,1.0305944372072147,12.9,-45.09865325837463
CVX,2013-02-05,MANAGEMENT_GOVERNANCE,OFFICER_CHANGE,5,1,pre,1,-0.535310978402893,0.535310978402893,0,1.0883283200941427,14.67,-51.487784916917875
CVX,2013-03-04,MANAGEMENT_GOVERNANCE,OFFICER_CHANGE,5,1,after,1,-0.7354377562880712,0.7354377562880712,0,1.2593002433468485,15.36,-70.53694644509146
CVX,2013-04-03,MANAGEMENT_GOVERNANCE,OFFICER_CHANGE,5,4,after,1,-0.1889230662843464,0.1889230662843464,0,0.9424505421110118,12.78,-17.453276682472854
CVX,2013-04-11,EARNINGS_GUIDANCE,RESULTS,6,1,pre,1,0.1067397430554499,0.1067397430554499,0,1.0848190165360283,12.36,9.844478711851929
CVX,2013-04-29,EARNINGS_GUIDANCE,RESULTS,6,1,after,1,0.7042818914514065,0.7042818914514065,0,1.6268165475973932,13.61,63.15987255305612
CVX,2013-06-04,MANAGEMENT_GOVERNANCE,OFFICER_CHANGE,5,2,pre,1,-0.10451349650098665,0.10451349650098665,0,1.3561243457277088,16.280001,-9.122551368332052
CVX,2013-06-25,OTHER,,0,2,pre,1,-0.9562704287329218,0.9562704287329218,0,1.7745522665800757,20.110001,-82.15543253453586
CVX,2013-07-11,EARNINGS_GUIDANCE,RESULTS,6,1,pre,1,-0.5555140481815969,0.5555140481815969,0,1.6265997064136302,14.21,-47.742884712469056
CVX,2013-08-05,EARNINGS_GUIDANCE,RESULTS,6,1,after,1,-0.7731124984779987,0.7731124984779987,0,1.1640079706548354,11.98,-67.59145069025915
CVX,2013-10-10,EARNINGS_GUIDANCE,RESULTS,6,1,pre,1,-1.6054989142894,1.6054989142894,0,1.1093766454127887,19.6,-132.23242225881125
CVX,2013-11-04,EARNINGS_GUIDANCE,RESULTS,6,1,after,1,0.44473804649261284,0.44473804649261284,0,1.1810965700207132,13.28,35.57105204960518
CVX,2013-12-16,MANAGEMENT_GOVERNANCE,OFFICER_CHANGE,5,3,pre,1,-1.3877185731967874,1.3877185731967874,0,1.2775800895390819,15.76,-113.3850404770333
CVX,2014-01-10,EARNINGS_GUIDANCE,RESULTS,6,1,pre,1,-2.8379190840617334,2.8379190840617334,1,1.5907210055164414,12.89,-236.74434493712025
CVX,2014-02-03,EARNINGS_GUIDANCE,RESULTS,6,4,after,2,0.7667473097931831,0.7667473097931831,0,1.9732824361124062,18.41,66.17022179180472
CVX,2014-03-31,MANAGEMENT_GOVERNANCE,OFFICER_CHANGE,5,1,pre,1,-0.6189536149915097,0.6189536149915097,0,0.9851128977372269,14.41,-60.483200373549984
CVX,2014-04-10,EARNINGS_GUIDANCE,RESULTS,6,1,pre,1,0.7982932833332151,0.7982932833332151,0,0.9295967930180534,13.82,79.31606281504067
CVX,2014-05-05,EARNINGS_GUIDANCE,RESULTS,6,1,after,1,0.9025183223758237,0.9025183223758237,0,1.389443923050664,12.91,88.2049086774683
CVX,2014-06-04,OTHER,,0,1,after,1,0.21580867374326881,0.21580867374326881,0,0.8866653331421355,11.87,21.179748524523838
CVX,2014-07-11,EARNINGS_GUIDANCE,RESULTS,6,1,pre,1,-1.1254041868500153,1.1254041868500153,0,0.9764455695755125,12.59,-111.68624401878866
CVX,2014-08-04,EARNINGS_GUIDANCE,RESULTS,6,1,after,1,-2.1184951397664666,2.1184951397664666,1,1.3687817575939976,17.030001,-212.9939406508742
CVX,2014-08-15,OTHER,,0,2,pre,1,-0.2466327400188889,0.2466327400188889,0,1.5342057197374517,12.42,-23.839328019221554
CVX,2014-11-03,EARNINGS_GUIDANCE,RESULTS,6,1,after,1,-3.6719463163732446,3.6719463163732446,1,2.24186838937314,14.03,-362.56101923343726
CVX,2014-11-19,OTHER,,0,2,pre,1,1.692114422069085,1.692114422069085,0,1.7520581678378788,13.86,165.4853317569615
CVX,2014-12-15,MANAGEMENT_GOVERNANCE,OFFICER_CHANGE,5,3,pre,1,0.736435665526121,0.736435665526121,0,2.086750994903323,21.08,75.41279569660153
CVX,2015-02-02,EARNINGS_GUIDANCE,RESULTS,6,1,after,1,3.336918869636392,3.336918869636392,1,2.2649601877488124,20.969999,391.46632782354584
CVX,2015-02-04,MANAGEMENT_GOVERNANCE,OFFICER_CHANGE,5,1,pre,1,-0.6837677491400055,0.6837677491400055,0,2.4379384141715787,17.33,-80.96203289380703
CVX,2015-03-04,OTHER,,0,2,pre,1,0.0178136075942959,0.0178136075942959,0,1.1987176811187161,13.86,2.164180067912259
CVX,2015-04-01,MANAGEMENT_GOVERNANCE,OFFICER_CHANGE,5,2,after,1,0.30772300106730777,0.30772300106730777,0,1.566122522446803,15.29,40.507936135259285
CVX,2015-05-04,EARNINGS_GUIDANCE,RESULTS,6,1,after,1,0.1759809211529607,0.1759809211529607,0,1.0701388985302274,12.7,24.12069681202559
CVX,2015-06-03,OTHER,,0,1,after,1,-0.21911136956641897,0.21911136956641897,0,0.642568005647175,14.24,-31.64176482369947
CVX,2015-08-03,EARNINGS_GUIDANCE,RESULTS,6,1,after,1,-2.001994061742325,2.001994061742325,1,1.6542001747878865,12.12,-294.7149430241428
CVX,2015-10-01,OTHER,,0,2,after,1,1.0317147319566229,1.0317147319566229,0,1.4135988783716624,24.5,170.7204646772847
CVX,2015-11-02,EARNINGS_GUIDANCE,RESULTS,6,1,after,1,3.632201568771679,3.632201568771679,1,1.3113147256039954,15.07,623.8089253160496
CVX,2015-11-19,OTHER,,0,2,pre,1,-2.127221779436563,2.127221779436563,1,1.7570512773016862,16.85,-369.88886591426615
CVX,2016-02-01,EARNINGS_GUIDANCE,RESULTS,6,2,pre,2,-2.177974795180616,2.177974795180616,1,2.1727322501514634,20.200001,-391.36249568170825
CVX,2016-02-03,MANAGEMENT_GOVERNANCE,OFFICER_CHANGE,5,1,after,1,1.9551967516995308,1.9551967516995308,0,2.2861611805003097,21.98,350.913958948415
CVX,2016-04-05,MANAGEMENT_GOVERNANCE,OFFICER_CHANGE,5,1,after,1,0.6889021103379286,0.6889021103379286,0,1.073150036657229,14.12,138.6518294940969
CVX,2016-05-02,EARNINGS_GUIDANCE,RESULTS,6,1,after,1,-0.3856160906251694,0.3856160906251694,0,0.785779182446213,15.7,-79.48298215233545
CVX,2016-05-04,MANAGEMENT_GOVERNANCE,OFFICER_CHANGE,5,1,after,1,0.39149034260454924,0.39149034260454924,0,0.8289848957839377,15.6,80.48906860588102
CVX,2016-05-18,OTHER,,0,2,pre,1,-0.2547280860537304,0.2547280860537304,0,0.7109378296177326,15.57,-52.745785084808176
CVX,2016-06-02,OTHER,,0,1,pre,1,-0.2884303899872605,0.2884303899872605,0,0.5755893296469508,14.2,-60.32564894521558
CVX,2016-08-01,EARNINGS_GUIDANCE,RESULTS,6,1,after,1,-1.1108481820647607,1.1108481820647607,0,0.6807120888372489,11.87,-218.74812041478518
CVX,2016-08-10,MANAGEMENT_GOVERNANCE,OFFICER_CHANGE,5,1,after,1,-0.2916880286618318,0.2916880286618318,0,0.7256374888283342,11.66,-56.75424713809229
CVX,2016-10-19,MANAGEMENT_GOVERNANCE,OFFICER_CHANGE,5,1,pre,1,-0.05519811471590683,0.05519811471590683,0,0.9054258722274721,15.28,-9.856833932632524
CVX,2016-10-31,EARNINGS_GUIDANCE,RESULTS,6,1,after,1,1.8660908739373514,1.8660908739373514,0,0.9126106862190674,16.190001,332.2860838341837
CVX,2017-01-27,MANAGEMENT_GOVERNANCE,OFFICER_CHANGE,5,2,pre,1,-2.472530936530561,2.472530936530561,1,0.5238312235441841,10.63,-342.6905301315226
CVX,2017-01-30,EARNINGS_GUIDANCE,RESULTS,6,4,after,3,-1.1739606256750585,1.1739606256750585,0,0.7765151108437452,10.58,-162.99126383000458
CVX,2017-03-06,OTHER,,0,2,pre,1,-0.8822538117440291,0.8822538117440291,0,1.0017630416662373,10.96,-108.1316015239812
CVX,2017-05-01,EARNINGS_GUIDANCE,RESULTS,6,1,after,1,-1.235250445169312,1.235250445169312,0,1.0703803095719577,10.82,-148.73146963547606
CVX,2017-06-06,OTHER,,0,1,pre,1,0.630859411130103,0.630859411130103,0,0.9579192669966233,10.07,76.74742821554969
CVX,2017-07-31,EARNINGS_GUIDANCE,RESULTS,6,1,after,1,1.8428117728293227,1.8428117728293227,0,0.9445544258775979,10.29,228.7156919821053
CVX,2017-08-01,OTHER,,0,1,pre,1,0.7486662076910627,0.7486662076910627,0,0.8554998838436265,10.26,93.63641014127839
CVX,2017-09-29,MANAGEMENT_GOVERNANCE,OFFICER_CHANGE,5,1,pre,1,-0.5634336049647957,0.5634336049647957,0,0.8369261210199563,9.55,-69.77488189330043
CVX,2017-10-03,MANAGEMENT_GOVERNANCE,OFFICER_CHANGE,5,1,pre,1,-0.08304449276798578,0.08304449276798578,0,0.816500152874373,9.45,-10.303892259717776
CVX,2017-10-27,MANAGEMENT_GOVERNANCE,OFFICER_CHANGE,5,2,after,1,-3.213435000028035,3.213435000028035,1,0.7737248564405743,11.3,-380.2704853289074
CVX,2017-10-30,EARNINGS_GUIDANCE,RESULTS,6,1,after,1,1.8570465511048475,1.8570465511048475,0,1.357685643261034,9.8,219.1099354188486
CVX,2017-11-14,OTHER,,0,2,pre,1,-0.14012670100388178,0.14012670100388178,0,1.4246656610057453,11.5,-16.309373548605336
CVX,2018-02-02,MANAGEMENT_GOVERNANCE,OFFICER_CHANGE,5,2,after,1,-6.142551792980867,6.142551792980867,1,1.3419028712999483,13.47,-759.2362756971415
CVX,2018-02-05,EARNINGS_GUIDANCE,RESULTS,6,3,after,2,-0.045983015423172395,0.045983015423172395,0,2.0069626799527525,17.309999,-5.68038916461195
CVX,2018-04-30,EARNINGS_GUIDANCE,RESULTS,6,1,after,1,-0.6332834107418305,0.6332834107418305,0,1.3122413793680554,15.41,-83.71404933632878
CVX,2018-06-05,OTHER,,0,1,after,1,0.004349562072484773,0.004349562072484773,0,1.520998567213149,12.74,0.5796370795488771
CVX,2018-07-30,EARNINGS_GUIDANCE,RESULTS,6,1,after,1,0.19152313819121464,0.19152313819121464,0,1.2474446448085994,13.03,27.29717986972583
CVX,2018-11-05,EARNINGS_GUIDANCE,RESULTS,6,1,after,1,1.6267938019433703,1.6267938019433703,0,1.6724686003790574,19.51,246.1772767066046
CVX,2018-12-07,MANAGEMENT_GOVERNANCE,OFFICER_CHANGE,5,2,after,1,0.8845979281898773,0.8845979281898773,0,1.4727223956175404,21.190001,136.77235725155154
CVX,2019-02-04,EARNINGS_GUIDANCE,RESULTS,6,2,after,1,-0.0683995608464979,0.0683995608464979,0,1.0443276100692784,16.139999,-10.904230000862869
CVX,2019-02-05,MANAGEMENT_GOVERNANCE,OFFICER_CHANGE,5,2,pre,1,-0.6591508864357951,0.6591508864357951,0,1.0408341611360923,15.73,-104.98326664419535
CVX,2019-02-06,MANAGEMENT_GOVERNANCE,OFFICER_CHANGE,5,1,pre,1,-0.12089126043416394,0.12089126043416394,0,1.033478487564757,15.57,-19.2544069806829
CVX,2019-04-12,OTHER,,0,2,intraday,1,-3.3166913372642477,3.3166913372642477,1,0.7768231566877082,13.02,-521.8177546922748
CVX,2019-04-16,MA_CORPORATE_ACTION,MATERIAL_AGREEMENT,5,2,intraday,1,0.18041196022914846,0.18041196022914846,0,1.2615590741250389,12.32,28.31362085901761
CVX,2019-04-29,EARNINGS_GUIDANCE,RESULTS,6,1,after,1,1.5110835071982163,1.5110835071982163,0,1.3728527923319678,12.73,234.60115651578724
CVX,2019-05-10,OTHER,,0,2,pre,1,0.731423244003952,0.731423244003952,0,1.6266303806007936,19.1,112.64928588792621
CVX,2019-05-13,MA_CORPORATE_ACTION,AGREEMENT_TERMINATED,5,1,pre,1,0.7208996347226202,0.7208996347226202,0,1.2718716006084194,16.040001,108.4099504053575
CVX,2019-06-04,MANAGEMENT_GOVERNANCE,OFFICER_CHANGE,5,2,pre,2,-0.6494269318513588,0.6494269318513588,0,1.144164725379,18.860001,-100.00484936102424
CVX,2019-08-05,EARNINGS_GUIDANCE,RESULTS,6,2,after,1,0.11435294204228501,0.11435294204228501,0,0.7398179836433288,17.610001,17.137179890299134
CVX,2019-09-30,OTHER,,0,1,pre,1,-1.0878537301324316,1.0878537301324316,0,1.0581845230718512,17.219999,-159.50236194961116
CVX,2019-11-04,EARNINGS_GUIDANCE,RESULTS,6,2,after,1,3.435149117805859,3.435149117805859,1,0.9299331168880088,12.3,459.98148740517496
CVX,2019-12-11,EARNINGS_GUIDANCE,IMPAIRMENT,6,3,pre,1,-0.05960090603890774,0.05960090603890774,0,0.9552413721241637,15.68,-7.874036739675925
CVX,2020-01-06,MANAGEMENT_GOVERNANCE,OFFICER_CHANGE,5,1,pre,1,-1.155901258049432,1.155901258049432,0,0.8761190946642952,14.02,-163.99260094394793
CVX,2020-02-03,EARNINGS_GUIDANCE,RESULTS,6,2,after,1,-1.4581992039068095,1.4581992039068095,0,1.073793125299074,18.84,-203.00282023316743
CVX,2020-02-04,MANAGEMENT_GOVERNANCE,OFFICER_CHANGE,5,2,pre,1,1.1459309718592077,1.1459309718592077,0,1.0756460415599551,17.969999,159.2319304068932
CVX,2020-03-25,OTHER,,0,3,after,1,5.575748388930906,5.575748388930906,1,9.570023111149458,61.669998,808.4951354418363
CVX,2020-05-04,EARNINGS_GUIDANCE,RESULTS,6,3,after,2,1.021525900959478,1.021525900959478,0,1.981551606582747,37.189999,274.48021079887354
CVX,2020-05-12,OTHER,,0,2,pre,1,0.16567501405098925,0.16567501405098925,0,1.5697788943715354,27.57,49.282663969174926
CVX,2020-06-01,OTHER,,0,1,pre,1,0.5673291317038638,0.5673291317038638,0,1.160293075905781,27.51,180.95009424768514
CVX,2020-07-20,OTHER,,0,2,intraday,1,1.0893833860002344,1.0893833860002344,0,0.957666928144328,25.68,355.5213289465023
CVX,2020-08-03,EARNINGS_GUIDANCE,RESULTS,6,2,after,1,0.5455283352525742,0.5455283352525742,0,1.1444429910936489,24.459999,178.48596240176138
CVX,2020-08-13,OTHER,,0,2,pre,1,0.06940727174601029,0.06940727174601029,0,1.0011357405432364,22.280001,22.745469269438555
CVX,2020-09-09,MANAGEMENT_GOVERNANCE,OFFICER_CHANGE,5,2,pre,1,-0.27357830895356516,0.27357830895356516,0,0.5143886139600067,31.459999,-92.23891176036197
CVX,2020-09-25,OTHER,,0,1,pre,1,-0.39147213242052625,0.39147213242052625,0,0.6665250442576977,28.51,-133.84382394787158
CVX,2020-10-02,OTHER,,0,2,pre,1,0.7192660116687563,0.7192660116687563,0,0.7674865934092531,26.700001,246.7957226089227
CVX,2020-10-06,OTHER,,0,2,after,1,0.43365278632175225,0.43365278632175225,0,0.8024785019128965,27.959999,148.83729523128383
CVX,2020-10-30,EARNINGS_GUIDANCE,RESULTS,6,2,intraday,1,1.480970117993691,1.480970117993691,0,0.773311904684376,37.59,517.1797750102123
CVX,2020-12-04,MANAGEMENT_GOVERNANCE,OFFICER_CHANGE,5,2,pre,1,0.19769472399232374,0.19769472399232374,0,1.6024314334164025,21.280001,69.6841240494829
CVX,2021-01-07,OTHER,,0,2,pre,1,-0.3076607214573601,0.3076607214573601,0,0.6740262339326738,25.07,-116.31083519473633
CVX,2021-02-01,EARNINGS_GUIDANCE,RESULTS,6,2,after,1,-0.4732300201902501,0.4732300201902501,0,0.7961475644145017,33.09,-182.46727032249007
CVX,2021-02-02,MANAGEMENT_GOVERNANCE,OFFICER_CHANGE,5,2,pre,1,0.3002526152093073,0.3002526152093073,0,0.7861171957029968,30.24,115.50411149049401
CVX,2021-04-30,EARNINGS_GUIDANCE,RESULTS,6,2,intraday,1,-0.18364152382474197,0.18364152382474197,0,0.6239766195401918,17.610001,-50.95542405996023
CVX,2021-07-30,EARNINGS_GUIDANCE,RESULTS,6,2,intraday,1,-0.07684906188084546,0.07684906188084546,0,0.8196212298996538,17.700001,-20.06501688590049
CVX,2021-08-03,MANAGEMENT_GOVERNANCE,OFFICER_CHANGE,5,1,after,1,-0.6055415155846334,0.6055415155846334,0,0.7972602867971303,19.459999,-158.99993261525722
CVX,2021-10-05,OTHER,,0,2,after,1,-0.6065040030527956,0.6065040030527956,0,0.8674962216706795,22.959999,-154.30325973196105
CVX,2021-10-12,OTHER,,0,2,intraday,1,0.18393558284176342,0.18393558284176342,0,0.8756927619886832,20.0,46.46727449304432
CVX,2021-10-29,EARNINGS_GUIDANCE,RESULTS,6,2,intraday,1,0.3777728778648612,0.3777728778648612,0,0.6998866708050684,16.530001,85.08735417812319
CVX,2022-01-31,EARNINGS_GUIDANCE,RESULTS,6,3,after,2,0.41910416506536896,0.41910416506536896,0,1.2315903700026338,27.66,78.06745292831533
CVX,2022-02-01,MANAGEMENT_GOVERNANCE,OFFICER_CHANGE,5,1,pre,1,0.780323366756811,0.780323366756811,0,1.2179964802521295,24.83,145.19644329727524
CVX,2022-03-01,OTHER,,0,2,pre,1,3.679707717904521,3.679707717904521,1,1.2960998814081346,30.15,649.181320956565
CVX,2022-04-29,EARNINGS_GUIDANCE,RESULTS,6,2,intraday,1,-0.305057638295932,0.305057638295932,0,1.2301228343118085,29.99,-67.16166442707974
CVX,2022-06-01,MANAGEMENT_GOVERNANCE,OFFICER_CHANGE,5,2,pre,2,0.013874623337467303,0.013874623337467303,0,1.4699621339549382,26.190001,3.050744691384614
CVX,2022-06-14,OTHER,,0,2,after,1,-1.2162101013828732,1.2162101013828732,0,1.0782402684521533,34.02,-269.0654887247049
CVX,2022-07-29,EARNINGS_GUIDANCE,RESULTS,6,2,intraday,1,2.3230040987754594,2.3230040987754594,1,0.9238957503388981,22.33,544.8654308542593
CVX,2022-08-02,MANAGEMENT_GOVERNANCE,OFFICER_CHANGE,5,1,after,1,-1.7417471295060474,1.7417471295060474,0,1.4363423754420708,22.84,-417.61637697979694
CVX,2022-10-28,EARNINGS_GUIDANCE,RESULTS,6,2,intraday,1,0.19966134154556772,0.19966134154556772,0,1.0818757238981598,27.389999,53.65633051829015
CVX,2022-12-08,OTHER,,0,2,pre,1,-1.1334841420721062,1.1334841420721062,0,0.8336125266154119,22.68,-319.0694590452581
CVX,2023-01-30,EARNINGS_GUIDANCE,RESULTS,6,5,after,2,-1.2721864525088653,1.2721864525088653,0,0.9683891750052177,18.51,-349.5704261056164
CVX,2023-04-28,EARNINGS_GUIDANCE,RESULTS,6,2,intraday,1,-0.13109258463539133,0.13109258463539133,0,0.7521894020618252,17.030001,-31.79002516878332
CVX,2023-05-23,OTHER,,0,2,after,1,1.8620170079495517,1.8620170079495517,0,0.8773549805255277,17.209999,452.3960128418311
CVX,2023-06-05,OTHER,,0,1,pre,1,-0.16309418365481923,0.16309418365481923,0,0.8590651064722549,14.6,-38.01448967948423
CVX,2023-07-24,EARNINGS_GUIDANCE,RESULTS,6,2,intraday,1,0.8844949759600741,0.8844949759600741,0,0.8071717355987348,13.6,186.0228272434575
CVX,2023-07-27,MANAGEMENT_GOVERNANCE,OFFICER_CHANGE,5,1,pre,1,-0.8430414803815868,0.8430414803815868,0,0.8231747002922877,13.19,-177.23869116133997
CVX,2023-07-28,EARNINGS_GUIDANCE,RESULTS,6,2,intraday,1,0.7889424281306373,0.7889424281306373,0,0.8461021696328803,14.41,164.7831023778853
CVX,2023-08-08,OTHER,,0,2,after,1,0.3904848702700738,0.3904848702700738,0,0.8806242472559199,15.77,81.70498948278157
CVX,2023-10-23,OTHER,,0,2,intraday,1,-3.5116442669110253,3.5116442669110253,1,1.1069532839535194,21.709999,-652.6998639925039
CVX,2023-10-24,MA_CORPORATE_ACTION,MATERIAL_AGREEMENT,5,3,pre,1,-1.25220536762225,1.25220536762225,0,1.2302961945330333,20.370001,-234.6507084889905
CVX,2023-10-27,EARNINGS_GUIDANCE,RESULTS,6,2,intraday,1,-3.2981423653824424,3.2981423653824424,1,1.2338502019467392,20.68,-614.1823430175424
CVX,2023-11-27,OTHER,,0,1,pre,1,0.27423285600959196,0.27423285600959196,0,0.9246634608422083,12.46,51.77992365295727
CVX,2023-12-11,OTHER,,0,1,after,1,-0.7537906610409268,0.7537906610409268,0,0.609259384066579,12.35,-152.73750204150045
CVX,2024-01-03,EARNINGS_GUIDANCE,RESULTS,6,1,after,1,0.8561279157594982,0.8561279157594982,0,0.841144278110359,13.2,173.00960364647
CVX,2024-02-05,EARNINGS_GUIDANCE,RESULTS,6,4,after,2,0.1323762688057049,0.1323762688057049,0,1.0071781831535922,13.85,25.06399733448666
CVX,2024-04-26,EARNINGS_GUIDANCE,RESULTS,6,2,intraday,1,0.09984918654242099,0.09984918654242099,0,0.593642970489744,15.37,18.80784658441762
CVX,2024-06-03,OTHER,,0,1,pre,1,-2.1914378941062207,2.1914378941062207,1,0.8223609911921123,12.92,-395.8491831623353
CVX,2024-08-01,OTHER,,0,1,pre,1,-3.6740740450358413,3.6740740450358413,1,0.9486266687746431,16.360001,-647.3024970889837
CVX,2024-08-02,EARNINGS_GUIDANCE,RESULTS,6,5,intraday,2,-1.9801795044371504,1.9801795044371504,0,1.3212813461282515,18.59,-347.5242228814763
CVX,2024-10-01,OTHER,,0,2,after,1,1.7104025014142235,1.7104025014142235,0,1.0205692601001146,16.73,306.86832316105097
CVX,2024-10-07,OTHER,,0,2,intraday,1,-0.6210104595309657,0.6210104595309657,0,0.8876734215793413,19.209999,-111.0645383638285
CVX,2024-11-01,EARNINGS_GUIDANCE,RESULTS,6,2,intraday,1,2.123943030258067,2.123943030258067,1,0.8131565308061807,23.16,336.6564717156863
CVX,2024-12-11,OTHER,,0,2,after,1,-0.9373248351956097,0.9373248351956097,0,1.089676326875282,14.18,-150.7007859790346
CVX,2025-02-03,EARNINGS_GUIDANCE,RESULTS,6,3,after,2,1.717826502332237,1.717826502332237,0,1.2644183857866553,16.43,279.0902104011357
CVX,2025-02-27,OTHER,,0,2,pre,1,1.392258914677888,1.392258914677888,0,1.3457970644847872,19.1,226.13057559329314
CVX,2025-03-18,OTHER,,0,1,after,1,2.020887092446584,2.020887092446584,1,1.2293986711947238,20.51,339.2887119827345
CVX,2025-05-02,EARNINGS_GUIDANCE,RESULTS,6,2,intraday,1,-0.5168024885022413,0.5168024885022413,0,2.7480656129391896,24.6,-91.96290734405598
CVX,2025-06-02,OTHER,,0,3,pre,1,0.6907581843609448,0.6907581843609448,0,0.8068672502207327,18.57,133.5658922006407
CVX,2025-07-21,OTHER,,0,3,after,1,-0.005186159538995415,0.005186159538995415,0,1.1206277482570293,16.41,-0.9678163405904247
CVX,2025-07-30,MANAGEMENT_GOVERNANCE,OFFICER_CHANGE,5,1,pre,1,-1.6858880359449429,1.6858880359449429,0,1.0218082404037683,15.98,-311.6808031879028
CVX,2025-08-01,EARNINGS_GUIDANCE,RESULTS,6,2,intraday,1,-0.15938396807277283,0.15938396807277283,0,1.1317633358633825,16.719999,-29.408812646981758
CVX,2025-08-14,OTHER,,0,2,pre,1,0.34191971334790866,0.34191971334790866,0,0.7814926968022639,14.49,64.8859529530107
CVX,2025-09-26,OTHER,,0,1,after,1,-1.8430001739915234,1.8430001739915234,0,0.8894442091780124,16.74,-351.54600342161376
CVX,2025-10-31,EARNINGS_GUIDANCE,RESULTS,6,2,intraday,1,-0.0013452208753702956,0.0013452208753702956,0,0.6654844842846741,16.91,-0.2597121206297792
CVX,2025-11-04,MANAGEMENT_GOVERNANCE,OFFICER_CHANGE,5,1,after,1,-0.09361154077159235,0.09361154077159235,0,0.8938320617010824,17.17,-17.914533203779136
CVX,2025-12-08,OTHER,,0,3,pre,1,-0.3760196824756874,0.3760196824756874,0,0.8040756237859027,15.41,-70.42378866038821
CVX,2025-12-10,OTHER,,0,2,pre,1,0.4688074518761507,0.4688074518761507,0,0.7993912489151589,16.93,87.5141786794963
CVX,2025-12-22,MANAGEMENT_GOVERNANCE,OFFICER_CHANGE,5,1,pre,1,0.5884300090498175,0.5884300090498175,0,0.8175539598209131,14.91,110.96749939026172
CVX,2026-01-28,MANAGEMENT_GOVERNANCE,OFFICER_CHANGE,5,1,pre,1,0.8042491701251967,0.8042491701251967,0,1.412848071311435,16.35,148.73080089481536
CVX,2026-02-02,EARNINGS_GUIDANCE,RESULTS,6,3,after,2,0.5362417444214558,0.5362417444214558,0,1.4449450699475876,17.440001,99.93871369481901
CVX,2026-03-26,OTHER,,0,2,pre,1,2.5454244914021107,2.5454244914021107,1,0.9091140868589603,25.33,485.61685558698593
CVX,2026-04-09,EARNINGS_GUIDANCE,RESULTS,6,1,intraday,1,-1.4926093082621035,1.4926093082621035,0,1.5014639617165844,21.040001,-267.09688303578264
CVX,2026-05-01,EARNINGS_GUIDANCE,RESULTS,6,2,intraday,1,-0.4867468532176599,0.4867468532176599,0,1.3577846791320995,16.889999,-88.15037944536475
CVX,2026-06-01,MANAGEMENT_GOVERNANCE,OFFICER_CHANGE,5,2,after,2,1.3147356175283127,1.3147356175283127,0,1.1910307576202386,15.32,254.6759087967066
CVX,2026-07-31,EARNINGS_GUIDANCE,RESULTS,6,2,intraday,1,0.5199789534376487,0.5199789534376487,0,1.0380179017237285,17.09,103.4718312846297
CVX,2026-10-06,MANAGEMENT_GOVERNANCE,OFFICER_CHANGE,5,1,after,1,-0.43830812641151107,0.43830812641151107,0,0.9420418755853311,15.52,-90.44529606824413
CVX,2026-10-07,OTHER,,0,3,pre,1,0.5274964206048752,0.5274964206048752,0,0.9211692968244768,15.01,109.04832022119892
GOOGL,2015-10-23,EARNINGS_GUIDANCE,RESULTS,6,2,after,1,2.73588864790681,2.73588864790681,1,0.9778718038919714,14.45,597.9225882829654
GOOGL,2015-11-20,OTHER,,0,2,after,1,0.7707361224395377,0.7707361224395377,0,0.9832590822384895,16.99,167.99032168585134
GOOGL,2016-02-02,EARNINGS_GUIDANCE,RESULTS,6,2,after,1,-0.8603882531514869,0.8603882531514869,0,1.3725764553660238,19.98,-176.92593107239648
GOOGL,2016-04-12,OTHER,,0,2,intraday,1,-0.22117666459386884,0.22117666459386884,0,0.48642715594896546,16.26,-47.84674009840995
GOOGL,2016-04-22,EARNINGS_GUIDANCE,RESULTS,6,3,after,1,-2.3309715930763715,2.3309715930763715,1,0.5534326160558567,13.95,-508.91721344700966
GOOGL,2016-04-28,OTHER,,0,2,after,1,-0.3146370963914211,0.3146370963914211,0,0.9819697749058277,13.77,-68.62909857341882
GOOGL,2016-05-03,OTHER,,0,2,pre,1,0.35023059173160503,0.35023059173160503,0,1.0260478581992452,14.68,76.44794003813601
GOOGL,2016-06-13,MANAGEMENT_GOVERNANCE,OFFICER_CHANGE,5,3,after,1,0.35114455354325874,0.35114455354325874,0,0.6243586885642257,17.030001,80.05022748637326
GOOGL,2016-06-29,MANAGEMENT_GOVERNANCE,OFFICER_CHANGE,5,2,intraday,1,-0.7017512951057494,0.7017512951057494,0,0.809592629869705,18.75,-158.66311191624516
GOOGL,2016-07-29,EARNINGS_GUIDANCE,RESULTS,6,3,after,1,2.7465433537158015,2.7465433537158015,1,0.6213383848604188,12.72,438.4630478246917
GOOGL,2016-08-10,OTHER,,0,2,after,1,-0.07705872434374798,0.07705872434374798,0,0.8150860330361247,11.66,-12.322401074286478
GOOGL,2016-10-28,EARNINGS_GUIDANCE,RESULTS,6,2,after,1,-0.4215630569827154,0.4215630569827154,0,0.7756174008432166,15.36,-60.344706604662754
GOOGL,2017-01-27,EARNINGS_GUIDANCE,RESULTS,6,2,after,1,-2.398186807520232,2.398186807520232,1,0.821873070075698,10.63,-308.38257378306565
GOOGL,2017-04-28,EARNINGS_GUIDANCE,RESULTS,6,3,after,1,4.194692011748438,4.194692011748438,1,0.8989074854274429,10.36,450.56951908288715
GOOGL,2017-06-12,MANAGEMENT_GOVERNANCE,OFFICER_CHANGE,5,3,after,1,-0.4602267378339987,0.4602267378339987,0,1.5368239718017924,10.7,-50.74887424218114
GOOGL,2017-06-27,OTHER,,0,2,intraday,1,-1.2219955887761111,1.2219955887761111,0,1.4536386424441603,9.9,-134.18611161417408
GOOGL,2017-07-25,EARNINGS_GUIDANCE,RESULTS,6,3,after,1,-3.295704138514066,3.295704138514066,1,1.4831009392338195,9.43,-363.56464255861994
GOOGL,2017-10-27,EARNINGS_GUIDANCE,RESULTS,6,2,after,1,3.1773946559783286,3.1773946559783286,1,1.0628575082317064,11.3,360.7978649752862
GOOGL,2018-02-02,EARNINGS_GUIDANCE,RESULTS,6,2,after,1,-2.3216726749723615,2.3216726749723615,1,0.8414422173166651,13.47,-274.13338209308773
GOOGL,2018-04-24,EARNINGS_GUIDANCE,RESULTS,6,2,after,1,-2.7532625485582596,2.7532625485582596,1,2.109804853869605,16.34,-326.71203949356646
GOOGL,2018-06-11,MANAGEMENT_GOVERNANCE,OFFICER_CHANGE,5,3,after,1,0.9000290664879559,0.9000290664879559,0,1.3566879915368135,12.18,113.77855039941932
GOOGL,2018-07-18,OTHER,,0,2,intraday,1,-0.7291864424254978,0.7291864424254978,0,1.4441690200827442,12.06,-91.42384149457563
GOOGL,2018-07-24,EARNINGS_GUIDANCE,RESULTS,6,2,after,1,2.6601092927554997,2.6601092927554997,1,1.252171613125007,12.62,337.278677495854
GOOGL,2018-10-26,EARNINGS_GUIDANCE,RESULTS,6,2,after,1,-2.286533551427311,2.286533551427311,1,2.4166853105337935,24.219999,-302.0360206931549
GOOGL,2019-02-05,EARNINGS_GUIDANCE,RESULTS,6,2,after,1,-1.405434593236739,1.405434593236739,0,1.3779001686134786,15.73,-207.85065496155198
GOOGL,2019-03-20,OTHER,,0,1,intraday,1,1.0929880879935172,1.0929880879935172,0,0.9565855486344095,13.56,159.84342466620123
GOOGL,2019-04-30,EARNINGS_GUIDANCE,RESULTS,6,2,after,1,-6.215776651317602,6.215776651317602,1,0.5985611935228291,13.11,-900.6779041420597
GOOGL,2019-05-01,MANAGEMENT_GOVERNANCE,OFFICER_CHANGE,5,3,after,1,-1.0058736600484377,1.0058736600484377,0,1.9202629526371011,13.12,-145.8072120217113
GOOGL,2019-06-24,MANAGEMENT_GOVERNANCE,OFFICER_CHANGE,5,3,after,1,-1.1766608401521015,1.1766608401521015,0,1.5828084479222446,15.4,-189.19248514014217
GOOGL,2019-07-26,EARNINGS_GUIDANCE,RESULTS,6,2,after,1,4.9297927837632605,4.9297927837632605,1,0.6895386397833461,12.74,850.2530643994539
GOOGL,2019-09-09,OTHER,,0,1,after,1,-0.020181186602425325,0.020181186602425325,0,1.139340418586032,15.0,-3.831777711298571
GOOGL,2019-10-29,EARNINGS_GUIDANCE,RESULTS,6,2,after,1,-1.4425233827180226,1.4425233827180226,0,0.8900902344345406,13.11,-254.04803764946527
GOOGL,2019-12-04,MANAGEMENT_GOVERNANCE,OFFICER_CHANGE,5,2,pre,1,0.9275246696920835,0.9275246696920835,0,0.6689322603126551,15.96,157.6980127502887
GOOGL,2019-12-10,MANAGEMENT_GOVERNANCE,OFFICER_CHANGE,5,2,after,1,-0.016787695438222748,0.016787695438222748,0,0.7241081000029416,15.86,-2.8211477828428966
GOOGL,2019-12-23,MANAGEMENT_GOVERNANCE,OFFICER_CHANGE,5,1,after,1,-0.3646767414629823,0.3646767414629823,0,0.5553015129667316,12.51,-61.07110552513081
GOOGL,2020-01-13,MANAGEMENT_GOVERNANCE,OFFICER_CHANGE,5,1,after,1,-0.2853125641435482,0.2853125641435482,0,0.7431000042984811,12.56,-47.38405985837823
GOOGL,2020-02-04,EARNINGS_GUIDANCE,RESULTS,6,2,after,1,-3.5052106761043325,3.5052106761043325,1,1.112196072685224,17.969999,-568.2797401858542
GOOGL,2020-04-29,EARNINGS_GUIDANCE,RESULTS,6,2,after,1,4.595169555771484,4.595169555771484,1,2.7674317286877828,33.57,712.5489057829418
GOOGL,2020-06-08,MANAGEMENT_GOVERNANCE,OFFICER_CHANGE,5,3,after,1,0.1832792966414954,0.1832792966414954,0,1.1161962418186062,24.52,28.34351417433968
GOOGL,2020-07-31,EARNINGS_GUIDANCE,RESULTS,6,2,after,1,-3.4338807112626037,3.4338807112626037,1,1.3039646600689028,24.76,-516.5974623552454
GOOGL,2020-08-06,OTHER,,0,2,after,1,0.3245866435615065,0.3245866435615065,0,1.415160760584877,22.99,48.86674143907848
GOOGL,2020-09-28,OTHER,,0,2,after,1,0.46785578629851376,0.46785578629851376,0,1.8991730276165997,26.379999,77.08519097373693
GOOGL,2020-10-21,OTHER,,0,1,after,1,1.8349269128497714,1.8349269128497714,0,1.4053504594607944,29.35,313.0887338128483
GOOGL,2020-10-26,OTHER,,0,2,after,1,-0.01063899833407683,0.01063899833407683,0,1.2579916065225976,27.549999,-1.8152849145129657
GOOGL,2020-10-27,OTHER,,0,1,after,1,-0.646054527383054,0.646054527383054,0,1.4051050430047132,32.459999,-110.7161471615346
GOOGL,2020-10-28,OTHER,,0,2,after,1,-0.19378793182401216,0.19378793182401216,0,1.4045703191196326,33.349998,-33.290429940906684
GOOGL,2020-10-30,EARNINGS_GUIDANCE,RESULTS,6,2,after,1,2.4209467848881925,2.4209467848881925,1,1.835111383966756,37.59,416.78289023718713
GOOGL,2020-12-22,OTHER,,0,1,after,1,-0.21589635148838585,0.21589635148838585,0,0.8668792008774363,25.16,-40.40769992321417
GOOGL,2021-02-03,EARNINGS_GUIDANCE,RESULTS,6,2,after,1,3.06450462706853,3.06450462706853,1,1.7126670103886807,25.559999,557.8704518062472
GOOGL,2021-03-05,OTHER,,0,1,after,1,-1.445986786512419,1.445986786512419,0,1.047886598189568,28.57,-265.28569728017465
GOOGL,2021-04-12,MANAGEMENT_GOVERNANCE,OFFICER_CHANGE,5,1,after,1,-0.6237104761472869,0.6237104761472869,0,0.8873601338266565,16.690001,-116.0679718384968
GOOGL,2021-04-28,EARNINGS_GUIDANCE,RESULTS,6,2,after,1,1.999448475764741,1.999448475764741,0,0.8798447955048331,17.559999,366.54887665319274
GOOGL,2021-06-07,MANAGEMENT_GOVERNANCE,OFFICER_CHANGE,5,3,after,1,0.16886108193865096,0.16886108193865096,0,1.21340928937229,16.42,30.27790937714989
GOOGL,2021-07-09,OTHER,,0,1,after,1,-0.1831918706710042,0.1831918706710042,0,0.6769038821500386,19.0,-32.29631945287374
GOOGL,2021-07-28,EARNINGS_GUIDANCE,RESULTS,6,2,after,1,1.3701800444065384,1.3701800444065384,0,1.0605394298624757,19.360001,233.4947191037684
GOOGL,2021-10-27,EARNINGS_GUIDANCE,RESULTS,6,2,after,1,2.5701803503909804,2.5701803503909804,1,1.3475601840479379,15.98,383.9619488074742
GOOGL,2022-01-05,MANAGEMENT_GOVERNANCE,OFFICER_CHANGE,5,1,after,1,-1.3611222246724863,1.3611222246724863,0,0.9370304730391822,16.91,-219.03381165127638
GOOGL,2022-02-02,EARNINGS_GUIDANCE,RESULTS,6,3,after,1,4.007577041009459,4.007577041009459,1,1.9386559350793078,21.959999,558.7519569035162
GOOGL,2022-04-27,EARNINGS_GUIDANCE,RESULTS,6,2,after,1,-2.609147843683851,2.609147843683851,1,2.0023161996373235,33.52,-380.7031841441584
GOOGL,2022-06-06,MANAGEMENT_GOVERNANCE,OFFICER_CHANGE,5,5,after,1,0.4332420990015064,0.4332420990015064,0,2.3814285151305836,24.790001,64.49429185026017
GOOGL,2022-07-13,OTHER,,0,1,pre,1,-1.3291084230355943,1.3291084230355943,0,2.1047603624342712,27.290001,-215.86193902543363
GOOGL,2022-07-15,MANAGEMENT_GOVERNANCE,OFFICER_CHANGE,5,2,after,1,-1.5464369082190612,1.5464369082190612,0,1.9681047181846585,26.4,-247.02390103879145
GOOGL,2022-07-27,EARNINGS_GUIDANCE,RESULTS,6,2,after,1,2.2648215354321404,2.2648215354321404,1,2.046658448541529,24.690001,366.22515773276706
GOOGL,2022-10-26,EARNINGS_GUIDANCE,RESULTS,6,3,after,1,-6.502216966710541,6.502216966710541,1,1.6515149574482486,28.459999,-1054.9463317485977
GOOGL,2022-12-22,MANAGEMENT_GOVERNANCE,OFFICER_CHANGE,5,1,after,1,0.5165031458957686,0.5165031458957686,0,1.570561281198503,20.07,98.86772885787438
GOOGL,2023-01-20,OTHER,,0,1,intraday,1,1.7981901542697516,1.7981901542697516,0,1.2043483106014594,20.52,333.42644667180565
GOOGL,2023-01-25,OTHER,,0,1,pre,1,-0.7414958779679222,0.7414958779679222,0,1.525523719267831,19.200001,-137.1127163686392
GOOGL,2023-02-03,EARNINGS_GUIDANCE,RESULTS,6,2,after,1,-1.1213855426453565,1.1213855426453565,0,1.8278506933854048,18.73,-207.20511814469427
GOOGL,2023-04-21,EARNINGS_GUIDANCE,RESULTS,6,3,after,1,0.29210779024728784,0.29210779024728784,0,1.1583002977140902,17.17,61.28457040212152
GOOGL,2023-04-24,MANAGEMENT_GOVERNANCE,OFFICER_CHANGE,5,1,after,1,0.3655353249584449,0.3655353249584449,0,1.1576691994482113,16.77,76.68850381288746
GOOGL,2023-04-26,EARNINGS_GUIDANCE,RESULTS,6,2,after,1,0.782714150393717,0.782714150393717,0,1.085117419204832,18.76,163.5498023727642
GOOGL,2023-06-09,MANAGEMENT_GOVERNANCE,OFFICER_CHANGE,5,3,after,1,-0.0705192405884295,0.0705192405884295,0,1.0118931753726186,13.65,-15.287364960398435
GOOGL,2023-07-26,EARNINGS_GUIDANCE,RESULTS,6,2,after,1,2.9684341262444875,2.9684341262444875,1,1.0329271688911859,13.86,657.9150373848994
GOOGL,2023-10-25,EARNINGS_GUIDANCE,RESULTS,6,3,after,1,-4.295908906218399,4.295908906218399,1,0.8537775952851515,18.969999,-921.9451003045575
GOOGL,2024-01-31,EARNINGS_GUIDANCE,RESULTS,6,2,after,1,-3.3222421874876096,3.3222421874876096,1,0.7828690389827638,13.31,-678.0747009594126
GOOGL,2024-02-09,OTHER,,0,2,after,1,0.1112218535856119,0.1112218535856119,0,1.448420512614513,12.79,22.77839730087817
GOOGL,2024-04-26,EARNINGS_GUIDANCE,RESULTS,6,3,after,1,2.29781967261471,2.29781967261471,1,0.9357141535475665,15.37,469.3965355563823
GOOGL,2024-06-05,MANAGEMENT_GOVERNANCE,OFFICER_CHANGE,5,2,intraday,1,0.04166857721386686,0.04166857721386686,0,0.6549543377536274,13.16,8.434338582860207
GOOGL,2024-06-10,MANAGEMENT_GOVERNANCE,OFFICER_CHANGE,5,2,after,1,0.23687131861439895,0.23687131861439895,0,0.6222491254162564,12.22,51.7685470362827
GOOGL,2024-06-14,OTHER,,0,1,after,1,-0.04323661096323027,0.04323661096323027,0,0.6378404134828562,11.94,-9.473957334986423
GOOGL,2024-06-26,OTHER,,0,2,intraday,1,0.1204294423028043,0.1204294423028043,0,0.7531556889040645,12.84,26.200657182402406
GOOGL,2024-07-24,EARNINGS_GUIDANCE,RESULTS,6,3,after,1,-2.1638855852370815,2.1638855852370815,1,0.8732797748877056,14.72,-447.7444024335233
GOOGL,2024-08-06,OTHER,,0,1,pre,1,-0.24457480273893967,0.24457480273893967,0,1.318123897685026,38.57,-51.02261402371392
GOOGL,2024-09-24,OTHER,,0,2,intraday,1,-0.055085744287096394,0.055085744287096394,0,0.9692201434990304,15.89,-11.792874776684119
GOOGL,2024-10-18,MANAGEMENT_GOVERNANCE,OFFICER_CHANGE,5,1,after,1,0.2866878791563761,0.2866878791563761,0,0.6871092739761743,19.110001,57.50142602650326
GOOGL,2024-10-30,EARNINGS_GUIDANCE,RESULTS,6,3,after,1,1.8936235074067096,1.8936235074067096,0,0.7394261576995176,19.34,385.8842612075437
GOOGL,2025-02-05,EARNINGS_GUIDANCE,RESULTS,6,3,after,1,-3.9871273781470475,3.9871273781470475,1,1.244180639247136,17.209999,-837.0772599865523
GOOGL,2025-03-18,OTHER,,0,2,intraday,1,-0.14879290429890246,0.14879290429890246,0,1.2881663344996188,20.51,-29.84814544422178
GOOGL,2025-04-21,OTHER,,0,1,after,1,0.07008032223714157,0.07008032223714157,0,2.2168405845835215,29.65,13.995020463130302
GOOGL,2025-04-25,EARNINGS_GUIDANCE,RESULTS,6,3,after,1,0.0282877986908969,0.0282877986908969,0,2.2631954340711338,26.469999,5.6388098605108725
GOOGL,2025-05-02,OTHER,,0,2,after,1,0.42929555143383086,0.42929555143383086,0,2.1205859890393537,24.6,85.91497013039937
GOOGL,2025-05-07,OTHER,,0,2,after,1,-3.414756223451334,3.414756223451334,1,1.930623791902888,24.76,-681.7194337845015
GOOGL,2025-06-13,OTHER,,0,1,after,1,0.4610790943318192,0.4610790943318192,0,1.000739559702521,18.02,93.85136514139826
GOOGL,2025-07-21,OTHER,,0,2,after,1,1.427133313779993,1.427133313779993,0,0.6991825560828686,16.41,318.46470650176724
GOOGL,2025-07-24,EARNINGS_GUIDANCE,RESULTS,6,3,after,1,0.49841559902078025,0.49841559902078025,0,0.707001176130562,15.37,111.12178569806552
GOOGL,2025-09-04,OTHER,,0,1,after,1,0.5454077126727994,0.5454077126727994,0,1.383754467303084,16.35,122.51632947067951
GOOGL,2025-09-08,OTHER,,0,1,after,1,0.6533994110743478,0.6533994110743478,0,1.361418079331579,15.18,146.786676000418
GOOGL,2025-10-30,EARNINGS_GUIDANCE,RESULTS,6,2,after,1,1.2006981331495878,1.2006981331495878,0,1.0030594919583504,16.92,288.69070333905023
GOOGL,2025-11-07,OTHER,,0,2,after,1,-0.015039148426025571,0.015039148426025571,0,1.0140030666873312,19.5,-3.6064325813156897
GOOGL,2026-02-05,EARNINGS_GUIDANCE,RESULTS,6,2,after,1,-1.8875361121545748,1.8875361121545748,0,0.6831325605115195,18.639999,-417.9128827786667
GOOGL,2026-03-09,MANAGEMENT_GOVERNANCE,OFFICER_CHANGE,5,1,after,1,0.7636827469067848,0.7636827469067848,0,0.9190686200682716,29.49,165.83873880135377
GOOGL,2026-04-13,MANAGEMENT_GOVERNANCE,OFFICER_CHANGE,5,1,after,1,0.9432003965839185,0.9432003965839185,0,1.4785340024632663,19.23,209.46495897609884
GOOGL,2026-04-30,EARNINGS_GUIDANCE,RESULTS,6,2,after,1,3.7751795769746317,3.7751795769746317,1,1.0002372981815273,18.809999,782.2169245266848
GOOGL,2026-05-12,OTHER,,0,2,after,1,1.2978427487585062,1.2978427487585062,0,1.7120498998583635,18.379999,263.94026347455934
GOOGL,2026-06-05,MA_CORPORATE_ACTION,MATERIAL_AGREEMENT,5,4,after,1,0.13308288292142056,0.13308288292142056,0,1.3494761882223685,15.4,26.84556675684891
GOOGL,2026-06-08,MANAGEMENT_GOVERNANCE,OFFICER_CHANGE,5,5,after,2,-0.7452092731496578,0.7452092731496578,0,1.3415858431734002,21.51,-149.81291358221924
GOOGL,2026-06-12,MANAGEMENT_GOVERNANCE,OFFICER_CHANGE,5,3,after,1,-0.25454994701740796,0.25454994701740796,0,1.0338152331821335,19.440001,-54.362036364317866
GOOGL,2026-07-23,EARNINGS_GUIDANCE,RESULTS,6,2,after,1,-2.5197293432758956,2.5197293432758956,1,1.314586887328832,16.639999,-563.4260242883028
GOOGL,2026-08-11,OTHER,,0,2,after,1,-1.8884225804951231,1.8884225804951231,0,1.9599164369929611,15.46,-428.69386577878
JPM,2008-01-03,OTHER,,0,1,pre,1,0.3912384241944358,0.3912384241944358,0,1.834241480379764,23.17,53.843264059814636
JPM,2008-01-09,OTHER,,0,1,pre,1,1.3415886368333423,1.3415886368333423,0,1.602294484545196,25.43,187.1121724059413
JPM,2008-01-10,OTHER,,0,1,pre,1,1.3276103790567093,1.3276103790567093,0,1.6613519950160027,24.120001,185.2580178931297
JPM,2008-01-14,OTHER,,0,1,pre,1,-1.4958304887899319,1.4958304887899319,0,1.8070446832732854,23.68,-212.670111706669
JPM,2008-01-15,OTHER,,0,1,pre,1,3.2027937956480588,3.2027937956480588,1,1.8265858336105638,22.9,455.25536407349466
JPM,2008-01-16,OTHER,,0,1,pre,1,5.028098183849499,5.028098183849499,1,2.199480272594527,23.34,715.5958299147368
JPM,2008-01-17,EARNINGS_GUIDANCE,RESULTS,6,3,after,2,0.4470442219457448,0.4470442219457448,0,2.6480643717775223,24.379999,63.599658140882106
JPM,2008-01-23,OTHER,,0,2,pre,2,3.666620999129513,3.666620999129513,1,2.701813257224075,31.01,527.3470683949473
JPM,2008-01-24,OTHER,,0,1,pre,1,-2.5512615997258634,2.5512615997258634,1,3.841679945168604,29.02,-367.49141795147654
JPM,2008-01-25,OTHER,,0,1,pre,1,0.8569174119171813,0.8569174119171813,0,3.791200962585574,27.780001,123.4776316947208
JPM,2008-01-28,OTHER,,0,1,pre,1,3.8736283730759458,3.8736283730759458,1,3.8566273001644786,29.08,558.6086097776805
JPM,2008-01-29,OTHER,,0,1,pre,1,2.9833085999899067,2.9833085999899067,1,3.9849008321831723,27.780001,430.17859759133523
JPM,2008-01-30,OTHER,,0,1,pre,1,-0.9634211972475558,0.9634211972475558,0,3.9213247581775805,27.32,-140.35693944867586
JPM,2008-01-31,OTHER,,0,2,pre,2,-1.7795426126596987,1.7795426126596987,0,3.813703944607343,27.620001,-259.28780326270527
JPM,2008-02-01,OTHER,,0,1,pre,1,-1.8955796573579584,1.8955796573579584,0,3.7635765918450184,26.200001,-279.2458397160103
JPM,2008-02-04,OTHER,,0,1,pre,1,-2.6489056408280476,2.6489056408280476,1,3.714680592171583,24.02,-390.1794733014079
JPM,2008-02-05,OTHER,,0,1,pre,1,-0.4175932251456889,0.4175932251456889,0,3.880033609294124,25.99,-61.429602138254985
JPM,2008-02-06,OTHER,,0,1,pre,1,2.115483035785202,2.115483035785202,1,3.954095443279834,28.24,311.1958561424818
JPM,2008-02-07,OTHER,,0,1,pre,1,0.25598078116139084,0.25598078116139084,0,3.9407801587446314,28.969999,37.74437130354299
JPM,2008-02-08,OTHER,,0,1,pre,1,-2.444648018713979,2.444648018713979,1,3.9467702743592095,27.66,-361.4615921932965
JPM,2008-02-11,OTHER,,0,1,pre,1,-1.989910006317564,1.989910006317564,0,3.9992352560404,28.01,-294.1444546988509
JPM,2008-02-12,OTHER,,0,1,pre,1,-0.5068944771210354,0.5068944771210354,0,3.9672060528996527,27.6,-75.57737706273028
JPM,2008-02-13,OTHER,,0,1,pre,1,-1.1062130297279604,1.1062130297279604,0,3.7981020610001477,26.33,-163.26340522605287
JPM,2008-02-20,OTHER,,0,1,pre,1,0.9921378317983556,0.9921378317983556,0,3.568401280043825,25.59,148.44517463502638
JPM,2008-02-21,OTHER,,0,1,pre,1,1.516423697999003,1.516423697999003,0,2.5530114376470108,24.4,226.88428604528923
JPM,2008-02-22,OTHER,,0,1,pre,1,-0.18271775827969888,0.18271775827969888,0,2.5155712662970817,25.120001,-27.52174708920044
JPM,2008-02-26,OTHER,,0,1,pre,1,0.0638250887598173,0.0638250887598173,0,2.2768148927474994,23.030001,9.613244191254283
JPM,2008-02-27,OTHER,,0,1,pre,1,-0.8505582259055271,0.8505582259055271,0,2.0594302632497636,21.9,-128.73693351780517
JPM,2008-02-28,OTHER,,0,1,pre,1,-2.5706457438372445,2.5706457438372445,1,1.9170400860503694,22.690001,-426.62896465202374
JPM,2008-02-29,OTHER,,0,1,pre,1,-1.7046134738444587,1.7046134738444587,0,2.085681550351806,23.530001,-282.6928937358422
JPM,2008-03-03,OTHER,,0,2,pre,2,-1.6413575673557856,1.6413575673557856,0,2.1513276276358875,26.540001,-271.789359784281
JPM,2008-03-04,OTHER,,0,1,pre,1,-1.8178151358336163,1.8178151358336163,0,2.04595722959844,26.280001,-301.6366156591029
JPM,2008-03-05,OTHER,,0,3,pre,2,-1.5982677533713336,1.5982677533713336,0,1.8407793548222728,25.52,-265.79843861478895
JPM,2008-03-07,OTHER,,0,1,pre,1,0.5553165288469919,0.5553165288469919,0,1.5742715579804407,27.549999,103.14340226217341
JPM,2008-03-11,OTHER,,0,1,pre,1,0.9996585533055897,0.9996585533055897,0,1.5868753204653925,29.379999,186.77150598877415
JPM,2008-03-12,OTHER,,0,2,pre,2,-0.45486700990121953,0.45486700990121953,0,1.985220880497364,26.360001,-86.29337304122299
JPM,2008-03-13,OTHER,,0,1,pre,1,-1.879923471471756,1.879923471471756,0,1.9370178817439605,27.219999,-356.9982059500768
JPM,2008-03-14,OTHER,,0,1,pre,1,4.8911635675185385,4.8911635675185385,1,1.8622919813402719,27.290001,936.0977451383854
JPM,2008-03-17,OTHER,,0,2,pre,2,5.832910674517282,5.832910674517282,1,1.9196596137199156,31.16,1116.6629246751895
JPM,2008-03-18,OTHER,,0,3,pre,2,1.5294281379296548,1.5294281379296548,0,2.5506742708428227,32.240002,295.0685627345377
JPM,2008-03-19,OTHER,,0,1,pre,1,4.33463180789858,4.33463180789858,1,2.665719789448569,25.790001,837.7441490984247
JPM,2008-03-25,MA_CORPORATE_ACTION,MATERIAL_AGREEMENT,5,4,pre,2,-1.8771843603050289,1.8771843603050289,0,3.0644815813582293,25.73,-366.9011933403481
JPM,2008-03-26,OTHER,,0,1,pre,1,-2.483147332425862,2.483147332425862,1,3.060547237458975,25.719999,-486.5507236416004
JPM,2008-03-28,MA_CORPORATE_ACTION,MATERIAL_AGREEMENT,5,3,pre,2,0.6022840686629478,0.6022840686629478,0,3.0674335888426434,25.879999,118.61819112561803
JPM,2008-03-31,OTHER,,0,3,pre,3,2.003689614659304,2.003689614659304,1,2.9702683008650395,25.709999,395.4408031047201
JPM,2008-04-01,OTHER,,0,1,pre,1,1.5198856281840813,1.5198856281840813,0,2.9375742238830367,25.610001,300.6381775416296
JPM,2008-04-02,OTHER,,0,1,pre,1,-0.5804887673953182,0.5804887673953182,0,3.228433370684567,22.68,-115.10603235404228
JPM,2008-04-07,OTHER,,0,1,pre,1,-0.7359605790617689,0.7359605790617689,0,3.2022713909231473,22.450001,-144.02164111374128
JPM,2008-04-08,OTHER,,0,1,pre,1,-0.7460137229313407,0.7460137229313407,0,3.123578959156115,22.42,-146.46842585367432
JPM,2008-04-09,OTHER,,0,1,pre,1,-0.6615573354733763,0.6615573354733763,0,3.01037250519997,22.360001,-130.39761296009235
JPM,2008-04-14,OTHER,,0,1,pre,1,-0.3548085904395314,0.3548085904395314,0,2.9203236925741143,23.459999,-71.06956352225122
JPM,2008-04-15,OTHER,,0,1,pre,1,1.8861442217244406,1.8861442217244406,0,2.511977975287229,23.82,378.9798088190004
JPM,2008-04-16,EARNINGS_GUIDANCE,RESULTS,6,4,intraday,2,1.3907985877391962,1.3907985877391962,0,2.332787042331855,22.780001,279.7663517683851
JPM,2008-04-17,OTHER,,0,2,after,1,0.07340152536243245,0.07340152536243245,0,2.5497241177367154,20.530001,14.837844747203587
JPM,2008-04-18,OTHER,,0,3,after,2,-0.6108366722402107,0.6108366722402107,0,2.1985006011098602,20.370001,-123.47316329009317
JPM,2008-04-22,OTHER,,0,1,pre,1,0.41859901111314657,0.41859901111314657,0,2.0935093770316424,20.5,85.10629782595039
JPM,2008-04-23,OTHER,,0,1,pre,1,1.254629033872899,1.254629033872899,0,2.0906748380375384,20.870001,255.39009018009574
JPM,2008-04-24,OTHER,,0,2,pre,2,1.8515974270213131,1.8515974270213131,0,1.9850017287642374,20.26,376.73794089054303
JPM,2008-04-25,OTHER,,0,5,pre,2,-0.24382084122367811,0.24382084122367811,0,1.9975346678642556,20.059999,-49.73114697141045
JPM,2008-04-28,OTHER,,0,2,after,2,-0.3898764125699557,0.3898764125699557,0,1.9954390583133188,19.59,-79.74421014871818
JPM,2008-04-29,OTHER,,0,1,pre,1,0.9121389873326924,0.9121389873326924,0,1.7579811743237244,19.639999,213.21274628201866
JPM,2008-04-30,OTHER,,0,1,pre,1,1.0268329192187835,1.0268329192187835,0,1.3080820578149621,20.24,240.00175251178817
JPM,2008-05-02,OTHER,,0,1,pre,1,-0.958955425739804,0.958955425739804,0,1.332057995744974,18.879999,-231.3443139434193
JPM,2008-05-06,OTHER,,0,2,pre,1,-0.7028861118925094,0.7028861118925094,0,1.3369420310444666,18.9,-170.15001356722854
JPM,2008-05-07,OTHER,,0,2,pre,2,-0.6503561398560377,0.6503561398560377,0,1.3143215059805116,18.209999,-157.61206088919116
JPM,2008-05-08,OTHER,,0,3,after,3,0.25829210491451604,0.25829210491451604,0,1.3803383930343232,19.73,62.914213068027536
JPM,2008-05-09,OTHER,,0,1,pre,1,0.4744765733224556,0.4744765733224556,0,1.3759649352569077,19.4,116.10630883593967
JPM,2008-05-12,OTHER,,0,1,pre,1,-1.6627605858303947,1.6627605858303947,0,1.3055828323431409,19.41,-407.18157131487175
JPM,2008-05-14,OTHER,,0,4,pre,3,0.42624943067940146,0.42624943067940146,0,1.3552186279391714,17.98,105.08970164817538
JPM,2008-05-16,OTHER,,0,1,pre,1,-1.1492857046663092,1.1492857046663092,0,1.1298168591485371,16.299999,-283.40905297798656
JPM,2008-05-19,OTHER,,0,2,after,1,-2.227401541208162,2.227401541208162,1,1.1271172257331228,16.469999,-549.9632427078077
JPM,2008-05-20,OTHER,,0,1,pre,1,-1.7328792497056384,1.7328792497056384,0,1.127563580708823,17.01,-427.70849709623235
JPM,2008-05-21,OTHER,,0,1,pre,1,0.4237209964207348,0.4237209964207348,0,1.2911796927267771,17.58,104.74217125432814
JPM,2008-05-22,OTHER,,0,3,after,2,0.7162363701589076,0.7162363701589076,0,1.3326433635124253,18.59,177.03829250229424
JPM,2008-05-29,OTHER,,0,1,pre,1,-0.3637865509157376,0.3637865509157376,0,1.2423635048924588,19.07,-90.58230287686216
JPM,2008-05-30,OTHER,,0,3,after,3,-0.8604400322993997,0.8604400322993997,0,1.1641633455275164,18.139999,-214.08918233802868
JPM,2008-06-02,OTHER,,0,1,after,1,-0.05418738144517132,0.05418738144517132,0,1.1651286305663273,17.83,-13.481089473607513
JPM,2008-06-03,OTHER,,0,2,after,1,-0.12043021739660122,0.12043021739660122,0,1.172203956027718,19.83,-30.000088242876018
JPM,2008-06-04,OTHER,,0,1,pre,1,-1.0378200683485357,1.0378200683485357,0,1.1582991712320545,20.24,-259.0122602234074
JPM,2008-06-06,OTHER,,0,4,after,3,-2.7545398012761577,2.7545398012761577,1,1.1169664910219737,18.629999,-693.3460680228035
JPM,2008-06-09,MA_CORPORATE_ACTION,ACQUISITION_COMPLETED,6,3,after,2,-1.7087529797595056,1.7087529797595056,0,1.2195942997263267,23.559999,-429.89126576354965
JPM,2008-06-11,OTHER,,0,1,pre,1,0.3674201027225726,0.3674201027225726,0,1.408113274284239,23.18,92.2018596190257
JPM,2008-06-13,OTHER,,0,2,pre,2,1.099640774022884,1.099640774022884,0,1.3980904538457835,23.33,276.6120740393213
JPM,2008-06-16,OTHER,,0,1,pre,1,-0.32223126303498967,0.32223126303498967,0,1.5554508606453223,21.219999,-81.15416521271592
JPM,2008-06-17,OTHER,,0,1,pre,1,-0.33685540291194016,0.33685540291194016,0,1.5734833293646646,20.950001,-84.86607774300873
JPM,2008-06-18,OTHER,,0,2,pre,2,0.09769760869697693,0.09769760869697693,0,1.4786821775128682,21.129999,24.626644199582252
JPM,2008-06-20,OTHER,,0,1,pre,1,-0.8191144991411595,0.8191144991411595,0,1.4262758025269877,21.58,-205.6197257627256
JPM,2008-06-23,OTHER,,0,2,after,2,0.0016372746205205648,0.0016372746205205648,0,1.4296603742252056,22.870001,0.41152457657633174
JPM,2008-06-24,OTHER,,0,2,pre,2,0.8978473401647018,0.8978473401647018,0,1.4129008770856595,22.639999,225.64565068758702
JPM,2008-06-27,OTHER,,0,2,pre,2,-2.1445490236216513,2.1445490236216513,1,1.454251723247873,23.93,-545.2174051099001
JPM,2008-06-30,OTHER,,0,2,pre,2,-1.163547996477935,1.163547996477935,0,1.4876187563772856,23.440001,-296.07953445749644
JPM,2008-07-01,MA_CORPORATE_ACTION,DEBT_ISSUANCE,3,4,pre,2,1.6244701276007167,1.6244701276007167,0,1.4863782494368116,23.950001,414.1236864842781
JPM,2008-07-02,OTHER,,0,1,pre,1,2.4401342093302465,2.4401342093302465,1,1.4777180106715349,23.65,628.8930536870015
JPM,2008-07-08,OTHER,,0,1,after,1,0.36185089536132853,0.36185089536132853,0,1.296219318623417,25.780001,93.16888938221527
JPM,2008-07-09,OTHER,,0,1,pre,1,-0.48171570318468215,0.48171570318468215,0,1.426218948241374,23.15,-124.20697402346207
JPM,2008-07-14,OTHER,,0,3,pre,2,-1.1558579434276208,1.1558579434276208,0,1.4001983469293444,27.49,-296.11269762084225
JPM,2008-07-16,OTHER,,0,2,after,2,8.550727373023214,8.550727373023214,1,1.4608344834090126,28.540001,2187.9517457968177
JPM,2008-07-17,EARNINGS_GUIDANCE,RESULTS,6,6,intraday,3,3.177873763309522,3.177873763309522,1,2.470846966894262,25.1,813.3380981202611
JPM,2008-07-18,OTHER,,0,2,pre,2,-2.533562769104245,2.533562769104245,1,2.948719560867778,25.01,-650.1836274825436
JPM,2008-07-22,OTHER,,0,2,after,1,2.124253151961669,2.124253151961669,1,2.869092510996081,23.049999,563.1662492628687
JPM,2008-07-23,OTHER,,0,2,pre,2,-0.6620471547886542,0.6620471547886542,0,2.913831379715713,21.18,-176.38085798288913
JPM,2008-07-25,OTHER,,0,1,pre,1,-0.530638952544745,0.530638952544745,0,3.006122382210701,23.440001,-141.69775015443562
JPM,2008-07-28,OTHER,,0,3,pre,3,0.7710223850187785,0.7710223850187785,0,2.9496729460457156,22.91,206.35580988358274
JPM,2008-07-29,OTHER,,0,1,after,1,1.3542034938578826,1.3542034938578826,0,3.013772120342937,24.23,362.0209116700855
JPM,2008-07-30,OTHER,,0,2,pre,2,-0.3641406229437747,0.3641406229437747,0,3.1313060305124263,22.030001,-97.38473308976019
JPM,2008-07-31,OTHER,,0,2,pre,2,0.40824506998187926,0.40824506998187926,0,3.136102888441384,21.209999,109.04555940857706
JPM,2008-08-01,MA_CORPORATE_ACTION,DEBT_ISSUANCE,3,2,after,1,0.46539584760881075,0.46539584760881075,0,3.2053800594119224,22.940001,122.64386923692439
JPM,2008-08-04,OTHER,,0,1,pre,1,0.012580676850558109,0.012580676850558109,0,3.1204952275245406,22.57,3.315766005578067
JPM,2008-08-05,OTHER,,0,1,after,1,-0.6930240952293742,0.6930240952293742,0,3.0444466956276277,23.49,-183.30416423146013
JPM,2008-08-06,OTHER,,0,1,pre,1,-1.2547858694819125,1.2547858694819125,0,3.019047545449643,21.139999,-333.3239153605226
JPM,2008-08-07,OTHER,,0,1,pre,1,-0.487276368341261,0.487276368341261,0,2.9781626861925057,20.23,-128.95951992789202
JPM,2008-08-13,OTHER,,0,2,pre,2,-0.17215238730300336,0.17215238730300336,0,3.148475352697462,21.17,-45.917549433131825
JPM,2008-08-15,OTHER,,0,2,after,2,-0.5330226193637122,0.5330226193637122,0,2.2124942788649924,20.34,-144.14714890862635
JPM,2008-08-19,OTHER,,0,1,pre,1,0.6323142377955872,0.6323142377955872,0,2.2036984554290644,20.98,171.4099423566965
JPM,2008-08-20,OTHER,,0,2,pre,2,0.3034279640224807,0.3034279640224807,0,2.1115403215895974,21.280001,82.29319397892152
JPM,2008-08-21,OTHER,,0,1,pre,1,-0.3196515484341446,0.3196515484341446,0,2.143305783814481,20.42,-86.6902386376326
JPM,2008-08-22,OTHER,,0,5,after,2,0.22126636322225726,0.22126636322225726,0,2.014830313442914,19.82,60.004243341091055
JPM,2008-08-26,OTHER,,0,1,after,1,0.2583853207859467,0.2583853207859467,0,2.0321797762628497,20.969999,70.610297438847
JPM,2008-08-27,OTHER,,0,2,after,2,0.895157728036531,0.895157728036531,0,1.8044480647843357,20.49,244.58777409186987
JPM,2008-08-28,OTHER,,0,1,after,1,1.1095783925212357,1.1095783925212357,0,1.6751598263370093,19.76,324.8812239500232
JPM,2008-09-04,OTHER,,0,1,pre,1,1.3858419324051368,1.3858419324051368,0,1.6381692989736294,21.43,439.8253541683105
JPM,2008-09-08,OTHER,,0,1,after,1,0.38464265982165385,0.38464265982165385,0,1.6814695153350425,23.059999,122.77230421151239
JPM,2008-09-10,MANAGEMENT_GOVERNANCE,OFFICER_CHANGE,5,3,after,3,0.5482387922046611,0.5482387922046611,0,1.4879440530823236,25.469999,176.54159749625344
JPM,2008-09-11,OTHER,,0,1,pre,1,0.2161640623119603,0.2161640623119603,0,1.4569232269120607,24.52,69.6354493409547
JPM,2008-09-12,OTHER,,0,1,pre,1,-1.2370200299679606,1.2370200299679606,0,1.5386953153281455,24.389999,-398.2975133336109
JPM,2008-09-15,OTHER,,0,1,pre,1,1.4240371301609964,1.4240371301609964,0,1.5461271414752458,25.66,458.7845017431064
JPM,2008-09-16,OTHER,,0,2,after,2,0.544042422077838,0.544042422077838,0,1.8711458903059925,31.700001,175.27514716470196
JPM,2008-09-17,OTHER,,0,1,pre,1,0.5401605099557952,0.5401605099557952,0,2.072567232959282,30.299999,174.0039430751905
JPM,2008-09-22,OTHER,,0,1,after,1,-2.0585312043351913,2.0585312043351913,1,3.1038169573712,32.07,-664.1305169144024
JPM,2008-09-24,OTHER,,0,2,after,2,0.9892326989732686,0.9892326989732686,0,3.338435002383483,35.720001,328.58609776116526
JPM,2008-09-25,OTHER,,0,1,pre,1,4.3241966359801856,4.3241966359801856,1,3.335481709192229,35.189999,1437.2144310365557
JPM,2008-09-26,OTHER,,0,3,intraday,2,2.751448295029329,2.751448295029329,1,3.373887826955382,32.82,914.8136081624273
JPM,2008-09-29,OTHER,,0,1,pre,1,1.2824181324327346,1.2824181324327346,0,3.503394146765159,34.740002,426.2903354829245
JPM,2008-09-30,OTHER,,0,1,pre,1,3.389656041682357,3.389656041682357,1,3.789614336838028,46.720001,1127.2671246461025
JPM,2008-10-01,OTHER,,0,1,after,1,4.197821568989217,4.197821568989217,1,3.877711117729271,39.389999,1396.1902929235066
JPM,2008-10-03,OTHER,,0,1,pre,1,-0.08416290646068804,0.08416290646068804,0,3.8491362910204745,45.259998,-28.11784749779819
JPM,2008-10-06,OTHER,,0,1,pre,1,0.9133189823036898,0.9133189823036898,0,3.951257588283348,45.139999,304.0568323098468
JPM,2008-10-07,OTHER,,0,1,pre,1,0.6474498033884721,0.6474498033884721,0,3.9566983394013584,52.049999,215.54206698543874
JPM,2008-10-08,OTHER,,0,1,pre,1,3.4718126873792614,3.4718126873792614,1,4.070851808780053,53.68,1155.9977394218286
JPM,2008-10-10,OTHER,,0,1,pre,1,-2.348753414318809,2.348753414318809,1,4.075776102649857,63.919998,-783.1520793901317
JPM,2008-10-13,OTHER,,0,1,pre,1,-7.6163985112653645,7.6163985112653645,1,4.253994243064254,69.949997,-2540.4515870853784
JPM,2008-10-15,EARNINGS_GUIDANCE,RESULTS,6,2,intraday,1,3.3815665645897166,3.3815665645897166,1,4.030918952257565,55.130001,1130.8175228029033
JPM,2008-10-16,OTHER,,0,1,after,1,-1.401636213808403,1.401636213808403,0,3.8671455303531483,69.25,-469.2169282948203
JPM,2008-10-17,OTHER,,0,2,pre,1,-2.901874412125023,2.901874412125023,1,3.735682927975026,67.610001,-971.0340475666015
JPM,2008-10-20,OTHER,,0,2,pre,2,-1.3622107587369792,1.3622107587369792,0,3.4225755987968793,70.330002,-456.6887088374063
JPM,2008-10-21,OTHER,,0,3,pre,3,2.1494755950260775,2.1494755950260775,1,3.1830971291819155,52.970001,720.7566818813774
JPM,2008-10-23,OTHER,,0,2,pre,2,0.7968155714890323,0.7968155714890323,0,3.2466271610941284,69.650002,267.25322071887337
JPM,2008-10-24,OTHER,,0,1,pre,1,1.7661400488626875,1.7661400488626875,0,3.168798963201144,67.800003,593.474201881569
JPM,2008-10-28,OTHER,,0,1,after,1,-4.582042849533488,4.582042849533488,1,2.6851401175776615,80.059998,-1539.136648871846
JPM,2008-10-29,OTHER,,0,2,pre,2,-1.6085997396435356,1.6085997396435356,0,2.5170108307443164,66.959999,-549.629882906906
JPM,2008-10-31,MANAGEMENT_GOVERNANCE,OFFICER_CHANGE,5,6,pre,2,1.693622250172132,1.693622250172132,0,2.4624478550130906,62.900002,590.4980295228908
JPM,2008-11-05,OTHER,,0,1,pre,1,3.1096133629215497,3.1096133629215497,1,2.1957112633660496,47.73,1150.8340022835193
JPM,2008-11-06,OTHER,,0,2,after,1,0.3121748240786998,0.3121748240786998,0,2.287820439091097,54.560001,115.40953260346612
JPM,2008-11-07,OTHER,,0,2,pre,1,-2.580612826606645,2.580612826606645,1,2.214772445943887,63.68,-955.8930547466271
JPM,2008-11-10,OTHER,,0,1,pre,1,1.4319682757849288,1.4319682757849288,0,1.8649881380425573,56.099998,548.3562034127334
JPM,2008-11-13,OTHER,,0,3,pre,2,-0.7647248964372059,0.7647248964372059,0,1.8369411203687036,66.459999,-296.03161796903544
JPM,2008-11-18,OTHER,,0,1,pre,1,-1.1654807670378118,1.1654807670378118,0,1.8752307488164228,69.150002,-473.17457453049315
JPM,2008-11-20,OTHER,,0,2,pre,1,-4.430400008509742,4.430400008509742,1,1.9995326002435354,74.260002,-1811.1853842907599
JPM,2008-11-24,OTHER,,0,1,pre,1,2.59462064996646,2.59462064996646,1,2.174499942729778,72.669998,1165.5959994939737
JPM,2008-11-25,OTHER,,0,1,pre,1,0.6480980681404118,0.6480980681404118,0,2.3485298782752784,64.699997,325.3344910267052
JPM,2008-12-01,OTHER,,0,1,pre,1,-0.6476392407172786,0.6476392407172786,0,2.2518324954533466,55.279999,-330.5505104606292
JPM,2008-12-03,OTHER,,0,3,pre,2,1.5727740191785557,1.5727740191785557,0,2.579862329937,62.98,805.8136755218867
JPM,2009-01-08,OTHER,,0,1,after,1,-1.0400944956187432,1.0400944956187432,0,1.4250583540811737,43.389999,-568.5309700997794
JPM,2009-01-26,OTHER,,0,2,after,1,0.10349903001031058,0.10349903001031058,0,1.776648403934731,47.27,58.404695232300746
JPM,2009-02-25,OTHER,,0,2,after,1,2.1513169918193262,2.1513169918193262,1,1.4146320532342311,45.490002,1243.0455195566801
JPM,2009-03-02,OTHER,,0,2,pre,1,-0.1684615861838676,0.1684615861838676,0,1.2465336627509684,46.349998,-98.74877748120853
JPM,2009-03-04,OTHER,,0,1,pre,1,-3.634734669352159,3.634734669352159,1,1.310295467919654,50.93,-2102.4572144629633
JPM,2009-03-31,OTHER,,0,2,pre,1,1.2829413796976867,1.2829413796976867,0,2.270783896690437,45.540001,786.1590389004456
JPM,2009-04-16,EARNINGS_GUIDANCE,RESULTS,6,3,intraday,2,-0.19790719777714116,0.19790719777714116,0,1.9901426061896017,36.169998,-125.30606401436235
JPM,2009-04-20,OTHER,,0,2,after,1,0.16357654921382042,0.16357654921382042,0,1.8456291278441816,33.939999,104.83839650466113
JPM,2009-05-08,OTHER,,0,3,pre,1,0.05037728143660959,0.05037728143660959,0,1.1942063643004537,33.439999,33.9526245817573
JPM,2009-05-21,OTHER,,0,1,pre,1,0.24270498972276236,0.24270498972276236,0,1.0612929737760666,29.030001,164.34704905853548
JPM,2009-06-01,OTHER,,0,1,after,1,-1.6768320271134054,1.6768320271134054,0,1.0963394387412162,28.92,-1154.7348437166943
JPM,2009-06-02,OTHER,,0,2,pre,1,-0.6974640777214789,0.6974640777214789,0,0.9958490567647338,30.040001,-481.37552233051167
JPM,2009-06-22,OTHER,,0,1,after,1,0.005267201858298669,0.005267201858298669,0,0.6016140001723705,27.99,3.6621022186129197
JPM,2009-07-16,EARNINGS_GUIDANCE,RESULTS,6,2,intraday,1,-0.04094893177044033,0.04094893177044033,0,0.6599128974294081,25.889999,-28.081006260582637
JPM,2009-07-20,OTHER,,0,2,after,1,-0.4126180161761717,0.4126180161761717,0,0.6298912525978666,24.34,-283.26068153232296
JPM,2009-09-02,OTHER,,0,1,pre,1,-0.019395622259497612,0.019395622259497612,0,0.5092285219069194,29.15,-13.166195395734915
JPM,2009-10-14,EARNINGS_GUIDANCE,RESULTS,6,2,intraday,1,-0.22312077107961284,0.22312077107961284,0,0.6628046571472141,22.99,-118.35968122763545
JPM,2009-10-16,OTHER,,0,2,after,1,-0.5387603991691244,0.5387603991691244,0,0.662700343242054,21.719999,-285.0692546987736
JPM,2009-10-28,OTHER,,0,2,pre,1,0.11384719534631167,0.11384719534631167,0,0.6718277650882813,24.83,57.57562067767036
JPM,2009-11-09,OTHER,,0,2,pre,1,-0.8435996502318943,0.8435996502318943,0,0.7405966227498416,24.190001,-396.3328199361498
JPM,2009-11-23,OTHER,,0,2,pre,1,-0.7465017117674091,0.7465017117674091,0,0.7066320651496826,22.190001,-337.63787072208174
JPM,2009-12-09,OTHER,,0,2,pre,1,-0.4823867743411528,0.4823867743411528,0,0.4042177542523764,23.690001,-214.96576430539997
JPM,2009-12-17,OTHER,,0,2,pre,1,0.10257546311880551,0.10257546311880551,0,0.4385552945020561,20.540001,45.506465905039946
JPM,2009-12-23,OTHER,,0,2,after,1,-0.40661283642928386,0.40661283642928386,0,0.4736986678145948,19.540001,-178.13310740707328
JPM,2010-01-20,OTHER,,0,2,pre,1,0.1332141586158246,0.1332141586158246,0,0.48393786534211347,17.58,51.47095675246661
JPM,2010-01-26,OTHER,,0,1,pre,1,0.09741936202107983,0.09741936202107983,0,0.8145759867287116,25.41,37.27233452592786
JPM,2010-03-01,OTHER,,0,2,after,1,-1.1518369951539702,1.1518369951539702,0,0.8904080093976635,19.5,-354.2133312679803
JPM,2010-04-12,OTHER,,0,2,pre,1,-0.18425934125616536,0.18425934125616536,0,0.4406851757914724,16.139999,-44.58405390362722
JPM,2010-04-14,EARNINGS_GUIDANCE,RESULTS,6,2,intraday,1,0.9025379206967904,0.9025379206967904,0,0.450980512853729,16.200001,219.2428921717479
JPM,2010-04-16,OTHER,,0,2,pre,1,-1.1506622429275637,1.1506622429275637,0,0.6593906454376575,15.89,-274.7462881006555
JPM,2010-05-21,OTHER,,0,1,after,1,1.038910510785846,1.038910510785846,0,1.6486477575420602,45.790001,191.40711646340148
JPM,2010-05-27,OTHER,,0,1,after,1,-0.664466263316676,0.664466263316676,0,1.9349252256577696,35.02,-120.3866790376586
JPM,2010-06-25,MANAGEMENT_GOVERNANCE,OFFICER_CHANGE,5,2,after,2,0.77693595923911,0.77693595923911,0,1.655132671069586,29.74,137.72510169051318
JPM,2010-07-15,EARNINGS_GUIDANCE,RESULTS,6,2,intraday,1,0.460477286126934,0.460477286126934,0,1.772706689414952,24.889999,81.60690010573919
JPM,2010-07-19,OTHER,,0,2,after,1,-0.4219869561487673,0.4219869561487673,0,1.860355841010257,26.25,-75.31035681219343
JPM,2010-07-23,OTHER,,0,1,after,1,-0.08545394443836435,0.08545394443836435,0,1.991719402697375,24.629999,-14.794576638294254
JPM,2010-09-16,OTHER,,0,2,after,1,-1.3088935247588434,1.3088935247588434,0,1.6458885145930704,22.1,-214.39451143114974
JPM,2010-10-13,EARNINGS_GUIDANCE,RESULTS,6,2,intraday,1,-2.8964230580087706,2.8964230580087706,1,1.3187086846791776,18.93,-459.9659325949881
JPM,2010-10-15,OTHER,,0,2,pre,1,-1.3289610278577193,1.3289610278577193,0,1.4392940676777704,19.879999,-210.55632490357016
JPM,2010-10-20,OTHER,,0,2,pre,2,-0.8787344980869287,0.8787344980869287,0,1.582498715661452,20.629999,-138.7639022724252
JPM,2010-10-22,OTHER,,0,2,pre,1,-1.386656453020469,1.386656453020469,0,1.5430623077793177,19.27,-219.4652120357369
JPM,2010-10-29,OTHER,,0,2,after,1,-0.18758868434402928,0.18758868434402928,0,1.4781292084627315,20.879999,-29.888310716435694
JPM,2010-11-19,OTHER,,0,2,pre,1,-1.9656959980969073,1.9656959980969073,0,1.562366701395336,18.75,-310.06390267719945
JPM,2010-12-14,OTHER,,0,2,after,1,-1.517814389349895,1.517814389349895,0,1.3530822293717413,17.549999,-253.37023270847533
JPM,2010-12-30,OTHER,,0,2,pre,1,0.26908825837832184,0.26908825837832184,0,1.2328752072564437,17.280001,46.19250494313158
JPM,2011-02-25,OTHER,,0,2,after,1,-0.24331573227300085,0.24331573227300085,0,1.0582132458720404,21.32,-40.81497224045271
JPM,2011-03-21,OTHER,,0,2,after,1,-1.1696392654709453,1.1696392654709453,0,1.2822038654927752,24.440001,-200.18062567316127
JPM,2011-03-24,OTHER,,0,4,pre,2,-0.5423262333139826,0.5423262333139826,0,1.2190637136363582,19.17,-92.87072818438618
JPM,2011-03-25,OTHER,,0,2,after,1,0.3368018239707479,0.3368018239707479,0,1.219212338231892,18.0,57.72971618357266
JPM,2011-04-13,EARNINGS_GUIDANCE,RESULTS,6,2,intraday,1,-2.190471914171763,2.190471914171763,1,0.8712643961661589,17.09,-368.2213631516796
JPM,2011-04-14,OTHER,,0,2,after,1,-2.070414151126406,2.070414151126406,1,0.8073003233265399,16.92,-347.4086900129911
JPM,2011-04-15,OTHER,,0,2,pre,1,-0.7233321528649878,0.7233321528649878,0,0.9426508595249355,16.27,-121.36567307293087
JPM,2011-05-02,OTHER,,0,4,pre,2,0.8195537109678509,0.8195537109678509,0,1.02516021288258,14.75,135.34839085919248
JPM,2011-05-11,OTHER,,0,2,after,1,-0.952893155270645,0.952893155270645,0,0.9997735052904188,15.91,-152.8068469290523
JPM,2011-05-24,MANAGEMENT_GOVERNANCE,OFFICER_CHANGE,5,2,pre,1,-0.5829969328582302,0.5829969328582302,0,1.0351602827079862,18.27,-93.06865228505409
JPM,2011-05-25,OTHER,,0,2,after,1,-0.45866149834079956,0.45866149834079956,0,1.0008607776393728,17.82,-72.97263263462396
JPM,2011-06-17,MANAGEMENT_GOVERNANCE,OFFICER_CHANGE,5,2,pre,1,-0.42343676528075613,0.42343676528075613,0,1.1871400745437841,22.73,-66.6287230099749
JPM,2011-06-22,OTHER,,0,2,after,1,-0.4663899091862075,0.4663899091862075,0,1.2071657400818643,18.860001,-73.23897018029159
JPM,2011-06-30,OTHER,,0,2,after,1,0.21734237742498466,0.21734237742498466,0,1.1278502769990866,17.27,34.270440479914654
JPM,2011-07-14,EARNINGS_GUIDANCE,RESULTS,6,2,intraday,1,0.7828761010472743,0.7828761010472743,0,1.3196934968179808,19.91,123.63831830785536
JPM,2011-07-15,OTHER,,0,2,after,1,-0.49713875577509997,0.49713875577509997,0,1.3622967699008035,20.799999,-78.48105914795242
JPM,2011-07-22,OTHER,,0,2,after,1,-0.3816058695943043,0.3816058695943043,0,1.4610390855520499,17.559999,-60.56552416182095
JPM,2011-07-28,OTHER,,0,2,after,1,0.5096417539589085,0.5096417539589085,0,1.4407134879421155,22.98,81.17699701445856
JPM,2011-08-08,OTHER,,0,2,after,1,-0.16541006156768095,0.16541006156768095,0,1.553764797206494,32.0,-26.254792240460525
JPM,2011-08-11,OTHER,,0,2,after,1,-1.2173118697476417,1.2173118697476417,0,2.898450467156744,42.990002,-195.98441461349188
JPM,2011-08-25,OTHER,,0,2,pre,1,0.8537304509240468,0.8537304509240468,0,3.4867491752905146,35.900002,136.63332718804128
JPM,2011-09-14,OTHER,,0,2,pre,1,0.27175582225936373,0.27175582225936373,0,2.6421674442519274,36.91,43.25266610376948
JPM,2011-09-27,MANAGEMENT_GOVERNANCE,OFFICER_CHANGE,5,1,after,1,-1.5568529364693398,1.5568529364693398,0,2.896629251071593,39.02,-250.39320284461257
JPM,2011-10-03,OTHER,,0,2,pre,1,1.4635420158828252,1.4635420158828252,0,3.0850309258688506,42.959999,223.86432084663622
JPM,2011-10-13,EARNINGS_GUIDANCE,RESULTS,6,2,intraday,1,-3.807519380687259,3.807519380687259,1,3.599512485614947,31.26,-587.5324904252043
JPM,2011-10-14,OTHER,,0,2,after,1,-0.9373118656041639,0.9373118656041639,0,3.6461770887422094,30.700001,-145.91676012597418
JPM,2011-10-27,OTHER,,0,2,after,1,1.928163460373156,1.928163460373156,0,3.455169139253191,29.860001,292.8015772977915
JPM,2011-11-07,OTHER,,0,6,pre,3,0.49882877610602305,0.49882877610602305,0,3.4150979227283256,30.16,76.67973435586241
JPM,2011-11-09,MANAGEMENT_GOVERNANCE,OFFICER_CHANGE,5,2,pre,1,-1.846976158261869,1.846976158261869,0,3.2198436130978116,27.48,-290.98781374286676
JPM,2011-12-08,OTHER,,0,3,pre,2,-0.8873872725486848,0.8873872725486848,0,2.593837025052957,28.67,-155.44344770061184
JPM,2012-01-24,OTHER,,0,2,after,1,-0.5307321068579173,0.5307321068579173,0,1.2222658902543801,18.67,-102.1654662149954
JPM,2012-02-10,OTHER,,0,1,after,1,0.7014448817188751,0.7014448817188751,0,1.0533422732049564,18.629999,136.72555011727619
JPM,2012-03-02,OTHER,,0,2,after,1,0.6624480996975719,0.6624480996975719,0,0.9058482802033735,17.26,132.47634043194404
JPM,2012-03-15,OTHER,,0,2,after,1,0.6573698820826492,0.6573698820826492,0,1.3854906518988448,15.31,130.23662644312415
JPM,2012-03-28,MANAGEMENT_GOVERNANCE,OFFICER_CHANGE,5,2,after,1,0.3648379563730305,0.3648379563730305,0,1.3725706888732945,15.59,72.21087107195264
JPM,2012-03-30,OTHER,,0,2,after,1,-0.29226245738368123,0.29226245738368123,0,1.3784642871566726,15.48,-57.24040723935
JPM,2012-04-13,EARNINGS_GUIDANCE,RESULTS,6,2,intraday,1,-0.717861654357353,0.717861654357353,0,0.9611648726789348,17.200001,-141.31153252723536
JPM,2012-04-16,OTHER,,0,2,after,1,-0.2507178818040256,0.2507178818040256,0,1.1468820380064502,19.549999,-49.39631463757823
JPM,2012-05-16,MANAGEMENT_GOVERNANCE,OFFICER_CHANGE,5,1,after,1,-1.8624949270903675,1.8624949270903675,0,1.7074499104672045,21.969999,-370.60322286835384
JPM,2012-05-21,OTHER,,0,1,after,1,-0.69700852119581,0.69700852119581,0,1.7883389118258972,25.1,-138.7548456215987
JPM,2012-06-12,OTHER,,0,2,pre,1,1.8241000341093447,1.8241000341093447,0,1.8111945474721194,23.559999,363.9227379388439
JPM,2012-06-14,OTHER,,0,2,after,1,-0.5851212510488806,0.5851212510488806,0,1.8902797517242254,24.27,-115.62302421224885
JPM,2012-07-13,LEGAL_REGULATORY,RESTATEMENT,8,5,intraday,2,0.4151630585835387,0.4151630585835387,0,1.0606895591485601,18.33,94.65684816035075
JPM,2012-07-16,OTHER,,0,2,after,1,-1.5700727207824794,1.5700727207824794,0,1.3244571818226705,16.74,-357.897763858771
JPM,2012-07-30,MANAGEMENT_GOVERNANCE,OFFICER_CHANGE,5,1,pre,1,-0.4689437416555827,0.4689437416555827,0,1.213313144132065,16.700001,-106.01854497066974
JPM,2012-08-21,OTHER,,0,2,after,1,0.8118252550571874,0.8118252550571874,0,0.8047709360302616,14.02,184.67360964007497
JPM,2012-08-28,OTHER,,0,4,after,1,0.1484394682110277,0.1484394682110277,0,0.6702014321963363,16.35,34.233756031744846
JPM,2012-09-20,OTHER,,0,2,after,1,-0.41735944794791274,0.41735944794791274,0,0.9299628432064799,13.88,-95.95092136555594
JPM,2012-09-25,OTHER,,0,2,after,1,0.17412471552111966,0.17412471552111966,0,0.9191117481591066,14.15,39.26106682181366
JPM,2012-10-12,EARNINGS_GUIDANCE,RESULTS,6,2,intraday,1,-0.032244413452963236,0.032244413452963236,0,0.5910825364788928,15.59,-6.984648065046992
JPM,2012-10-15,OTHER,,0,2,after,1,-0.02492823201620939,0.02492823201620939,0,0.6162584567410013,16.139999,-5.396089204541734
JPM,2012-12-05,OTHER,,0,4,after,2,0.6509364432287913,0.6509364432287913,0,1.1366988899401362,17.120001,129.57241770324916
JPM,2012-12-06,MANAGEMENT_GOVERNANCE,OFFICER_CHANGE,5,1,pre,1,1.0782900615857192,1.0782900615857192,0,0.6995409009577449,16.459999,215.07233358797686
JPM,2013-01-10,MANAGEMENT_GOVERNANCE,OFFICER_CHANGE,5,2,pre,1,0.13837003864550054,0.13837003864550054,0,0.735647816247343,13.81,27.057618807704447
JPM,2013-01-15,OTHER,,0,1,pre,1,0.9797898880085282,0.9797898880085282,0,0.7469198258309967,13.52,191.47454625275705
JPM,2013-01-17,EARNINGS_GUIDANCE,RESULTS,6,5,after,3,-1.0724550227921816,1.0724550227921816,0,0.7358738795785421,13.42,-209.80401046120042
JPM,2013-01-28,OTHER,,0,2,after,1,-0.2955895308682535,0.2955895308682535,0,0.6139549413967574,12.89,-57.990374005449546
JPM,2013-02-06,OTHER,,0,4,after,1,-0.5965408436781656,0.5965408436781656,0,0.6944647776841607,13.72,-116.79799855728581
JPM,2013-03-01,OTHER,,0,2,pre,1,-0.438580318464183,0.438580318464183,0,1.0640309104650054,15.51,-83.63641590903696
JPM,2013-03-11,OTHER,,0,2,pre,1,-0.029151520907729347,0.029151520907729347,0,0.9794676649466211,12.59,-5.581108833971312
JPM,2013-03-18,OTHER,,0,2,after,1,-0.2958130953995147,0.2958130953995147,0,1.0372780607889422,11.3,-56.477521853457205
JPM,2013-04-10,OTHER,,0,2,after,1,-0.45135190902780686,0.45135190902780686,0,0.8961168502303198,12.84,-85.38748172448064
JPM,2013-04-12,EARNINGS_GUIDANCE,RESULTS,6,2,intraday,1,0.3886210202762025,0.3886210202762025,0,0.8720331432503702,12.24,73.3312506813059
JPM,2013-04-15,OTHER,,0,2,after,1,0.052907648267549505,0.052907648267549505,0,0.8188767123766394,12.06,9.962724480251373
JPM,2013-04-24,OTHER,,0,4,after,1,0.5260613046277871,0.5260613046277871,0,1.1213383348176016,13.48,99.2049380445482
JPM,2013-04-30,MANAGEMENT_GOVERNANCE,OFFICER_CHANGE,5,1,after,1,-0.7321382808424116,0.7321382808424116,0,1.1909947635803775,13.71,-119.68115844753288
JPM,2013-05-02,OTHER,,0,2,after,1,-2.267834427038528,2.267834427038528,1,1.1681622573135242,14.49,-367.04341916689873
JPM,2013-05-03,OTHER,,0,2,after,1,-1.0212505563449286,1.0212505563449286,0,1.1552799077860536,13.59,-163.35440428772853
JPM,2013-05-16,OTHER,,0,2,after,1,1.0310917588902704,1.0310917588902704,0,1.046748707481524,12.81,150.70771384596557
JPM,2013-06-05,OTHER,,0,1,pre,1,-0.3444941152272167,0.3444941152272167,0,1.1815507740683817,16.27,-47.92147136664178
JPM,2013-06-11,OTHER,,0,2,pre,1,0.13445993421352512,0.13445993421352512,0,1.2327977585539749,15.44,18.297179024539012
JPM,2013-07-12,EARNINGS_GUIDANCE,RESULTS,6,2,intraday,1,-1.0070837884443005,1.0070837884443005,0,1.4848632654170815,14.01,-119.51177843345255
JPM,2013-07-15,OTHER,,0,2,after,1,-0.070159171579367,0.070159171579367,0,1.379388682855094,13.84,-8.322362077151178
JPM,2013-07-22,MANAGEMENT_GOVERNANCE,OFFICER_CHANGE,5,1,after,1,0.6599536423566102,0.6599536423566102,0,1.2251882689814466,12.54,76.73030065482256
JPM,2013-07-29,OTHER,,0,2,intraday,1,-0.8746457758015163,0.8746457758015163,0,0.8505786548942965,12.72,-101.51497885239687
JPM,2013-07-30,OTHER,,0,4,after,1,-0.14790419902729468,0.14790419902729468,0,0.8565606472835149,13.39,-17.169268049727357
JPM,2013-08-02,OTHER,,0,2,pre,1,-0.8455548255680154,0.8455548255680154,0,0.8839919516909197,12.94,-98.72804462889133
JPM,2013-08-22,OTHER,,0,2,after,1,-0.41357085526588544,0.41357085526588544,0,1.047344925992979,15.94,-48.396266869317785
JPM,2013-09-11,OTHER,,0,2,after,1,-2.4797516572443357,2.4797516572443357,1,1.446295445338045,14.53,-284.9392096499291
JPM,2013-09-20,OTHER,,0,4,after,2,-0.9342807008056551,0.9342807008056551,0,1.301536323216712,13.16,-107.35555331768359
JPM,2013-09-23,MANAGEMENT_GOVERNANCE,OFFICER_CHANGE,5,2,after,1,-3.47293012542802,3.47293012542802,1,1.3004782905756729,13.12,-399.0117461037616
JPM,2013-10-11,EARNINGS_GUIDANCE,RESULTS,6,2,intraday,1,-0.8336674128792986,0.8336674128792986,0,1.8689363937415187,16.48,-94.81934378860134
JPM,2013-10-14,OTHER,,0,4,after,2,0.046512030034475446,0.046512030034475446,0,1.8706032030923037,15.72,5.263068056678196
JPM,2013-10-17,OTHER,,0,1,after,1,-1.0231162707999986,1.0231162707999986,0,2.0582381238985747,14.71,-115.5485021268947
JPM,2013-10-24,OTHER,,0,2,after,1,-0.8447879994286009,0.8447879994286009,0,1.7770886037375215,13.42,-92.21966224261787
JPM,2013-10-28,OTHER,,0,2,pre,1,-0.8242287002737069,0.8242287002737069,0,1.774802796379474,13.09,-90.33643962179242
JPM,2013-11-19,OTHER,,0,2,after,1,1.0754903130155224,1.0754903130155224,0,1.6099473506238475,13.1,127.70204805867101
JPM,2013-11-21,OTHER,,0,2,after,1,0.7135418899885466,0.7135418899885466,0,1.5015043167825455,13.4,84.23810522932857
JPM,2014-01-06,MANAGEMENT_GOVERNANCE,OFFICER_CHANGE,5,1,after,1,-0.7463895806316673,0.7463895806316673,0,1.0244935376761042,13.76,-91.81831998309275
JPM,2014-01-08,OTHER,,0,2,pre,1,0.578997003065883,0.578997003065883,0,1.0978739860905695,12.92,71.0961700842136
JPM,2014-01-15,EARNINGS_GUIDANCE,RESULTS,6,4,after,2,1.3900343969797366,1.3900343969797366,0,1.0789944020397642,12.28,169.96434236921488
JPM,2014-01-23,OTHER,,0,4,pre,1,-0.5422323508261377,0.5422323508261377,0,1.292986530590761,12.84,-66.85032142860938
JPM,2014-01-27,OTHER,,0,1,after,1,0.9174431593055578,0.9174431593055578,0,1.501126294750044,18.139999,113.26770414179579
JPM,2014-01-29,OTHER,,0,2,pre,1,0.3714674869727862,0.3714674869727862,0,1.5223727879867837,15.8,45.86604856998624
JPM,2014-01-31,OTHER,,0,4,after,1,0.4724481280898657,0.4724481280898657,0,1.4732396093155924,17.290001,58.033232005031984
JPM,2014-02-06,OTHER,,0,2,after,1,-0.4385805730834782,0.4385805730834782,0,1.525257298036454,19.950001,-53.725904600227594
JPM,2014-02-07,OTHER,,0,2,after,1,-0.9811027993207311,0.9811027993207311,0,1.6734454953893245,17.23,-120.47474646207772
JPM,2014-02-28,OTHER,,0,2,pre,1,-0.1768441383788286,0.1768441383788286,0,1.2729684758021271,14.04,-22.101723677447602
JPM,2014-03-06,OTHER,,0,2,after,1,1.488128678232553,1.488128678232553,0,1.2564182350386655,13.89,185.63150358688736
JPM,2014-03-11,OTHER,,0,4,pre,1,-1.2415350287368891,1.2415350287368891,0,1.182089522999019,14.2,-155.38079849391332
JPM,2014-03-17,OTHER,,0,2,after,1,0.2346116104373183,0.2346116104373183,0,1.2878899344360073,17.82,28.972561747131945
JPM,2014-03-21,OTHER,,0,2,pre,1,2.0606293241491636,2.0606293241491636,1,1.3982407239446046,14.52,253.37066807556437
JPM,2014-03-27,OTHER,,0,2,pre,1,-0.0537232490743405,0.0537232490743405,0,1.422914094913568,14.93,-6.583264996353061
JPM,2014-04-11,EARNINGS_GUIDANCE,RESULTS,6,2,intraday,1,-3.361945675807742,3.361945675807742,1,1.511065799444593,15.89,-413.6447130003514
JPM,2014-04-14,OTHER,,0,2,after,1,-2.0784276831646338,2.0784276831646338,1,1.763630824483512,17.030001,-255.72496535817646
JPM,2014-05-14,OTHER,,0,2,pre,1,-0.3216655415274815,0.3216655415274815,0,1.1726809396246192,12.13,-38.85736617864344
JPM,2014-06-10,OTHER,,0,4,after,1,0.22373187847744436,0.22373187847744436,0,0.813060219723521,11.15,27.585536687179946
JPM,2014-06-12,OTHER,,0,2,pre,1,0.18015875958248725,0.18015875958248725,0,0.881945780509738,11.6,22.152890176943554
JPM,2014-06-24,OTHER,,0,4,after,1,-0.6282049997285243,0.6282049997285243,0,0.7791339190407154,10.98,-77.97285619562201
JPM,2014-07-02,OTHER,,0,4,pre,2,-1.1944652380597176,1.1944652380597176,0,0.8421055046949664,11.15,-147.95069378825036
JPM,2014-07-15,EARNINGS_GUIDANCE,RESULTS,6,2,intraday,1,3.3681176652241582,3.3681176652241582,1,0.9087026825723027,11.82,415.86510454463604
JPM,2014-07-16,OTHER,,0,2,after,1,0.32767119679931217,0.32767119679931217,0,1.263648907695411,11.96,40.46291116581358
JPM,2014-09-11,OTHER,,0,2,after,1,1.6451043010926998,1.6451043010926998,0,0.800431236274479,12.88,196.87235664490666
JPM,2014-09-12,OTHER,,0,1,pre,1,0.9453364217224355,0.9453364217224355,0,0.8196513189516694,12.8,113.16121959914146
JPM,2014-09-19,OTHER,,0,2,intraday,1,0.3897318182151192,0.3897318182151192,0,0.8160166845827607,12.03,46.547615940971156
JPM,2014-09-24,OTHER,,0,4,after,1,-0.17785182559316626,0.17785182559316626,0,0.7464016596829023,14.93,-21.22794896317585
JPM,2014-10-03,OTHER,,0,3,pre,2,1.0150020488743996,1.0150020488743996,0,1.0579121415102146,16.16,120.02637659829962
JPM,2014-10-14,EARNINGS_GUIDANCE,RESULTS,6,2,intraday,1,-3.409787997985294,3.409787997985294,1,1.4908250604047841,24.639999,-398.32399906725857
JPM,2014-10-15,OTHER,,0,2,after,1,-3.6102496654359504,3.6102496654359504,1,1.4881704648206187,22.790001,-422.3789944746367
JPM,2014-10-23,OTHER,,0,2,after,1,-0.02900801396928445,0.02900801396928445,0,2.038233204996365,17.870001,-3.308968603689174
JPM,2014-11-13,OTHER,,0,1,after,1,-0.5242522501028551,0.5242522501028551,0,1.397403844330102,13.02,-57.36052233885772
JPM,2014-12-08,OTHER,,0,1,after,1,0.4470326803324341,0.4470326803324341,0,1.1190455403277382,11.89,50.71246390396233
JPM,2014-12-10,OTHER,,0,2,pre,1,-0.6954474109752203,0.6954474109752203,0,1.071840963596414,15.35,-78.89285005551986
JPM,2015-01-05,OTHER,,0,1,pre,1,-2.284687505930215,2.284687505930215,1,1.8349552426184272,17.790001,-247.84486246306568
JPM,2015-01-15,EARNINGS_GUIDANCE,RESULTS,6,4,after,2,-1.7819020376615242,1.7819020376615242,0,2.235440699995818,21.48,-192.9898035059967
JPM,2015-01-26,OTHER,,0,2,after,1,0.4922993126735905,0.4922993126735905,0,2.4855305385594937,16.66,53.7490422203682
JPM,2015-02-25,OTHER,,0,2,pre,1,1.4393757104727412,1.4393757104727412,0,1.9487199079970832,13.69,156.1843863399894
JPM,2015-03-02,OTHER,,0,2,pre,1,0.8541384224760968,0.8541384224760968,0,1.3811002442656226,13.34,96.74803511375771
JPM,2015-03-06,OTHER,,0,2,pre,1,0.5311160392013264,0.5311160392013264,0,1.2157015889454712,14.04,59.147388825916224
JPM,2015-03-09,OTHER,,0,2,pre,1,0.14355072185647652,0.14355072185647652,0,1.2875567350805315,15.2,16.001766783439923
JPM,2015-03-12,OTHER,,0,2,pre,1,0.5522326528275494,0.5522326528275494,0,1.539386797174651,16.870001,60.556285426445235
JPM,2015-03-23,OTHER,,0,2,pre,1,-0.8802155265607438,0.8802155265607438,0,1.4461149666144841,13.02,-98.82810442349896
JPM,2015-03-25,OTHER,,0,2,after,1,0.7213456879042277,0.7213456879042277,0,1.3382664658402608,13.62,80.92344390683772
JPM,2015-04-14,EARNINGS_GUIDANCE,RESULTS,6,2,intraday,1,2.377683990516584,2.377683990516584,1,1.1453521994247304,13.94,262.2962536034523
JPM,2015-04-15,OTHER,,0,2,after,1,0.6602821426118785,0.6602821426118785,0,1.21275540040083,13.67,72.98975719551909
JPM,2015-04-22,OTHER,,0,4,after,1,-0.15500421350594198,0.15500421350594198,0,1.4133250154021642,13.25,-16.645190469284973
JPM,2015-05-07,OTHER,,0,2,pre,1,0.25250313605373015,0.25250313605373015,0,1.2807741365863399,15.15,27.158950591744304
JPM,2015-05-15,OTHER,,0,1,pre,1,0.02885949185466302,0.02885949185466302,0,1.186483608876213,12.74,3.092203046753967
JPM,2015-05-21,OTHER,,0,2,pre,1,-0.08075838513397503,0.08075838513397503,0,0.9931121158921535,12.88,-8.7010980778219
JPM,2015-06-01,OTHER,,0,2,after,1,0.1966737641623884,0.1966737641623884,0,0.9996745742014712,13.84,21.41312439234507
JPM,2015-06-05,OTHER,,0,4,after,1,1.6844507855399136,1.6844507855399136,0,0.856282771460401,14.71,184.0951425743911
JPM,2015-06-17,OTHER,,0,2,after,1,-0.8442605363352111,0.8442605363352111,0,0.9601107110056736,14.81,-94.48389046025589
JPM,2015-06-24,OTHER,,0,2,pre,1,-0.3419317927335606,0.3419317927335606,0,1.0467203352980774,12.11,-37.7932071935179
JPM,2015-07-14,EARNINGS_GUIDANCE,RESULTS,6,2,intraday,1,1.0187057619777025,1.0187057619777025,0,1.6231391522871887,13.9,107.3818344840427
JPM,2015-07-15,OTHER,,0,2,after,1,-0.22824230795600206,0.22824230795600206,0,1.669103996426467,13.37,-24.04107088585604
JPM,2015-07-22,OTHER,,0,2,after,1,1.544109828885189,1.544109828885189,0,1.5369705022670797,12.22,162.97438311108837
JPM,2015-07-30,OTHER,,0,4,pre,1,-0.49560610215245393,0.49560610215245393,0,1.4258492490295254,12.5,-52.26573606886764
JPM,2015-08-06,OTHER,,0,2,after,1,0.17052424244074763,0.17052424244074763,0,1.1317879707321208,12.51,18.10022528784149
JPM,2015-09-28,OTHER,,0,2,pre,1,0.35688137441009476,0.35688137441009476,0,2.17101405716495,23.620001,38.43128843025085
JPM,2015-10-05,OTHER,,0,2,pre,1,0.19311582346322176,0.19311582346322176,0,2.0093124036428742,20.940001,19.42723141337142
JPM,2015-10-14,EARNINGS_GUIDANCE,RESULTS,6,2,pre,1,-0.8055241060930037,0.8055241060930037,0,1.8251053998522366,17.67,-81.85794154871587
JPM,2015-10-15,OTHER,,0,2,after,1,1.4495991587426411,1.4495991587426411,0,1.9360826271581397,18.030001,147.40069991288016
JPM,2015-10-19,OTHER,,0,2,after,1,0.16046715487872248,0.16046715487872248,0,1.905613336762418,15.05,16.272315652721986
JPM,2015-10-27,OTHER,,0,3,pre,2,1.2388380078026897,1.2388380078026897,0,1.6563897704317514,15.29,125.69836584690276
JPM,2015-10-30,OTHER,,0,2,pre,1,-0.47733810186025305,0.47733810186025305,0,1.779234316491923,14.61,-48.77204825835627
JPM,2015-11-16,OTHER,,0,2,pre,1,-0.9129478905640098,0.9129478905640098,0,1.8055719994975903,20.08,-96.30003601824593
JPM,2016-01-05,OTHER,,0,1,pre,1,-0.12337091122399951,0.12337091122399951,0,2.191662134285868,20.700001,-12.735529720287655
JPM,2016-01-22,MANAGEMENT_GOVERNANCE,OFFICER_CHANGE,5,2,pre,1,0.004530237118447957,0.004530237118447957,0,2.131737784453609,26.690001,0.4604435551482447
JPM,2016-01-26,OTHER,,0,2,pre,2,2.0440181033192113,2.0440181033192113,1,2.530667730563496,24.15,202.9451510098717
JPM,2016-02-24,OTHER,,0,2,pre,1,-0.48467255597029707,0.48467255597029707,0,4.05284895820032,20.98,-47.7826838089009
JPM,2016-03-02,OTHER,,0,2,pre,1,0.22101449917883087,0.22101449917883087,0,4.142328744084705,17.700001,21.88183548312958
JPM,2016-03-18,OTHER,,0,2,pre,1,2.093860437131668,2.093860437131668,1,2.41176780012012,14.44,214.31993605684124
JPM,2016-04-05,OTHER,,0,1,pre,1,-0.6700601430011522,0.6700601430011522,0,1.2462240371662705,14.12,-80.17911630804848
JPM,2016-04-13,EARNINGS_GUIDANCE,RESULTS,6,2,intraday,1,3.278638208357512,3.278638208357512,1,1.3958910889319724,14.85,407.83897537115644
JPM,2016-04-14,OTHER,,0,2,after,1,0.19199928760430984,0.19199928760430984,0,1.7636429471765733,13.84,23.630463418599888
JPM,2016-04-19,OTHER,,0,2,pre,1,2.107151100569132,2.107151100569132,1,1.691498516964926,13.35,256.8289227795089
JPM,2016-04-26,OTHER,,0,2,pre,1,0.29968843899395464,0.29968843899395464,0,1.6747958841658959,14.08,36.574647365459356
JPM,2016-05-19,OTHER,,0,2,pre,1,-0.896901332828092,0.896901332828092,0,1.3477471336524662,15.95,-113.34238387401194
JPM,2016-05-20,OTHER,,0,1,pre,1,-0.3585200534989864,0.3585200534989864,0,1.3461778935229332,16.33,-45.38877711197483
JPM,2016-06-08,OTHER,,0,2,pre,1,-0.5307438962046849,0.5307438962046849,0,1.3113030845349951,14.05,-69.32878832417508
JPM,2016-06-24,OTHER,,0,2,pre,1,-2.538281556399127,2.538281556399127,1,1.0863471227836592,17.25,-328.77304771328426
JPM,2016-06-30,OTHER,,0,1,pre,1,-0.872352852317225,0.872352852317225,0,2.296583557207642,16.639999,-117.92808502631249
JPM,2016-07-14,EARNINGS_GUIDANCE,RESULTS,6,2,intraday,1,0.7879779570887091,0.7879779570887091,0,2.4460350217707183,13.04,105.72207019738237
JPM,2016-07-15,OTHER,,0,2,after,1,-0.3034142527237275,0.3034142527237275,0,2.463040921762237,12.82,-40.71208506497034
JPM,2016-07-22,OTHER,,0,2,pre,1,0.07140509263015318,0.07140509263015318,0,2.4088330192027745,12.74,9.631788295553996
JPM,2016-08-22,OTHER,,0,1,pre,1,-0.2427090599425025,0.2427090599425025,0,0.7844275884119261,11.34,-33.07904909658598
JPM,2016-09-13,OTHER,,0,2,pre,1,0.9981968542469748,0.9981968542469748,0,0.48142307286850394,15.16,131.64743113384222
JPM,2016-09-20,MANAGEMENT_GOVERNANCE,OFFICER_CHANGE,5,2,intraday,1,-0.5248329245858541,0.5248329245858541,0,0.6444120780040896,15.53,-68.58055784836263
JPM,2016-10-05,OTHER,,0,3,pre,2,0.8918202240986685,0.8918202240986685,0,1.0042852084243514,13.63,113.99501016597004
JPM,2016-10-14,EARNINGS_GUIDANCE,RESULTS,6,2,intraday,1,-0.3122681300877782,0.3122681300877782,0,1.0510880663781894,16.690001,-39.979141508772635
JPM,2016-10-17,OTHER,,0,2,after,1,-0.12756844820095192,0.12756844820095192,0,1.002889740340303,16.120001,-16.301829145563246
JPM,2016-10-25,OTHER,,0,2,pre,1,0.9236118045170137,0.9236118045170137,0,0.8330136997982364,13.02,118.2857587483314
JPM,2016-11-01,OTHER,,0,2,after,1,0.876945704173141,0.876945704173141,0,0.6178404551016606,17.059999,113.03342015895417
JPM,2016-11-04,OTHER,,0,2,after,1,-0.6373413588738848,0.6373413588738848,0,0.5223766843301731,22.08,-82.34164457216963
JPM,2016-11-17,OTHER,,0,2,pre,1,-0.025578673772495886,0.025578673772495886,0,1.9464636766349415,13.72,-3.3265936851688576
JPM,2016-11-18,OTHER,,0,1,after,1,-0.571278842445069,0.571278842445069,0,1.9408072859335392,13.35,-74.17540265920654
JPM,2016-12-09,OTHER,,0,2,pre,1,-0.9295510918412245,0.9295510918412245,0,1.3671421627654692,12.64,-120.60927127948163
JPM,2017-01-05,OTHER,,0,2,pre,1,-1.0195506565263306,1.0195506565263306,0,0.7539310496431203,11.85,-144.97451407808703
JPM,2017-01-06,MANAGEMENT_GOVERNANCE,OFFICER_CHANGE,5,1,after,1,-0.06375250417700692,0.06375250417700692,0,0.7452505994695127,11.67,-9.046329329232194
JPM,2017-01-19,MANAGEMENT_GOVERNANCE,OFFICER_CHANGE,5,1,pre,1,-0.3384857322628714,0.3384857322628714,0,0.5378909392395677,12.48,-49.19969950584318
JPM,2017-01-20,MANAGEMENT_GOVERNANCE,OFFICER_CHANGE,5,1,pre,1,0.11240675797820376,0.11240675797820376,0,0.5683685136485479,12.78,16.289454160309003
JPM,2017-02-02,OTHER,,0,5,pre,3,1.022854518900669,1.022854518900669,0,0.8739128869890497,11.81,135.51796632342962
JPM,2017-02-23,OTHER,,0,2,pre,1,-1.0088477531455857,1.0088477531455857,0,1.1956740543384243,11.74,-130.14244669615
JPM,2017-03-01,OTHER,,0,2,pre,1,0.31231896744572174,0.31231896744572174,0,1.0670961153991545,12.92,40.27854461974761
JPM,2017-03-10,OTHER,,0,2,pre,1,-0.8322162006867616,0.8322162006867616,0,1.2020502014951175,12.3,-104.56203565887289
JPM,2017-04-05,OTHER,,0,2,pre,1,-0.9700439224180184,0.9700439224180184,0,1.012452017672748,11.79,-119.18073674084924
JPM,2017-04-19,OTHER,,0,2,pre,1,-0.51645096852844,0.51645096852844,0,0.8038839449596249,14.42,-63.80234981388705
JPM,2017-04-26,OTHER,,0,2,pre,1,-0.8443697756826599,0.8443697756826599,0,1.3158202920904265,10.76,-103.92612393588175
JPM,2017-05-22,OTHER,,0,1,pre,1,-0.05070143674290172,0.05070143674290172,0,1.53604707261786,12.04,-5.941057202674249
JPM,2017-06-02,OTHER,,0,2,pre,1,-0.7622317896719741,0.7622317896719741,0,1.4119859924810614,9.89,-88.83436331225715
JPM,2017-06-09,MANAGEMENT_GOVERNANCE,OFFICER_CHANGE,5,2,after,1,2.042271905709543,2.042271905709543,1,1.4671339236721999,10.16,241.51670358414583
JPM,2017-06-22,OTHER,,0,1,after,1,-0.5428785441652033,0.5428785441652033,0,1.290879783697175,10.75,-62.4527252794442
JPM,2017-06-23,OTHER,,0,2,pre,1,-0.1783191951034406,0.1783191951034406,0,1.2832628433219488,10.48,-20.48775844854523
JPM,2017-06-29,OTHER,,0,2,pre,1,2.1117074534918423,2.1117074534918423,1,1.1202657953122317,10.03,245.21305474480664
JPM,2017-07-14,EARNINGS_GUIDANCE,RESULTS,6,2,intraday,1,-2.1725901489406834,2.1725901489406834,1,1.1091291761997946,9.9,-259.5407233800047
JPM,2017-07-17,OTHER,,0,2,after,1,-1.246958272565556,1.246958272565556,0,1.139852476615702,9.51,-149.36871211078568
JPM,2017-07-25,OTHER,,0,2,pre,1,0.17804647694734949,0.17804647694734949,0,1.0225930011491606,9.43,21.61761296311286
JPM,2017-10-06,OTHER,,0,4,pre,2,-0.3789562444973195,0.3789562444973195,0,0.8694978428659565,9.19,-47.540102213203724
JPM,2017-10-12,EARNINGS_GUIDANCE,RESULTS,6,2,intraday,1,-0.8789881503210236,0.8789881503210236,0,0.854455576322897,9.85,-110.40134135174465
JPM,2017-10-13,OTHER,,0,2,after,1,1.1546885232956892,1.1546885232956892,0,0.8923761031793463,9.91,145.74174408797367
JPM,2017-10-23,OTHER,,0,4,pre,1,1.2584475130128068,1.2584475130128068,0,0.9576370064745904,9.97,160.8996887221241
JPM,2017-11-01,OTHER,,0,2,pre,1,0.6310935383128942,0.6310935383128942,0,1.0557787442195181,10.18,70.76069833116433
JPM,2017-11-14,OTHER,,0,2,pre,1,1.1079044366024817,1.1079044366024817,0,1.0123340921873247,11.5,122.44582748574499
JPM,2017-11-17,OTHER,,0,2,pre,1,0.6530486429147156,0.6530486429147156,0,1.092792584233259,11.76,69.78164853129867
JPM,2017-12-13,OTHER,,0,2,pre,1,-1.4134654118572216,1.4134654118572216,0,1.5273213167586148,9.92,-150.5700014725736
JPM,2018-01-05,OTHER,,0,2,pre,1,-1.4927724560622697,1.4927724560622697,0,1.1466005649303777,9.22,-163.52515210783426
JPM,2018-01-19,MANAGEMENT_GOVERNANCE,OFFICER_CHANGE,5,1,pre,1,-0.7076494419909787,0.7076494419909787,0,0.8338796508394736,12.22,-81.49062695062074
JPM,2018-01-25,OTHER,,0,2,pre,1,-0.928049017383303,0.928049017383303,0,0.8621581321492465,11.47,-105.94762123143767
JPM,2018-01-31,MANAGEMENT_GOVERNANCE,OFFICER_CHANGE,5,2,pre,1,1.405754333722632,1.405754333722632,0,0.8637490564209248,14.79,159.13327718568254
JPM,2018-02-28,OTHER,,0,2,pre,1,-0.2811039986811579,0.2811039986811579,0,2.590212070607432,18.59,-32.3399024463142
JPM,2018-03-21,MANAGEMENT_GOVERNANCE,OFFICER_CHANGE,5,2,after,1,-1.0323881717582881,1.0323881717582881,0,1.4313164782850791,18.200001,-118.69734569693767
JPM,2018-04-06,OTHER,,0,2,pre,1,0.40934801309253316,0.40934801309253316,0,2.211954757066545,18.940001,47.50862985370604
JPM,2018-04-13,EARNINGS_GUIDANCE,RESULTS,6,2,intraday,1,-3.1405424890077756,3.1405424890077756,1,2.4379403270825106,18.49,-355.74825214705265
JPM,2018-04-16,OTHER,,0,2,after,1,-2.0227871699596123,2.0227871699596123,1,2.5617452208470413,17.41,-229.35980038593723
JPM,2018-04-24,OTHER,,0,2,pre,1,0.20053488050269086,0.20053488050269086,0,1.99293195768935,16.34,22.73520487423534
JPM,2018-05-17,MANAGEMENT_GOVERNANCE,OFFICER_CHANGE,5,1,pre,1,-1.632324366126623,1.632324366126623,0,1.1790392140238581,13.42,-178.73047104780096
JPM,2018-05-21,OTHER,,0,1,pre,1,0.8592778744184273,0.8592778744184273,0,1.1348109485153401,13.42,93.74610060544985
JPM,2018-06-19,OTHER,,0,2,pre,1,-0.37449148788020187,0.37449148788020187,0,1.3594010879358076,12.31,-41.26517319876608
JPM,2018-06-22,OTHER,,0,2,pre,1,-1.1655979034670394,1.1655979034670394,0,1.2912543941607482,14.64,-129.24968003569865
JPM,2018-06-29,OTHER,,0,2,pre,1,-0.3113491462393761,0.3113491462393761,0,1.2856895493872667,16.85,-34.26187826011186
JPM,2018-07-06,OTHER,,0,2,pre,1,1.1750324999192014,1.1750324999192014,0,1.105053438000918,14.97,129.78779369492912
JPM,2018-07-13,EARNINGS_GUIDANCE,RESULTS,6,2,intraday,1,3.049377057977203,3.049377057977203,1,1.42609321074959,12.58,335.4597893923877
JPM,2018-07-16,OTHER,,0,2,after,1,3.059499366019566,3.059499366019566,1,1.430912258356048,12.18,336.53580487095866
JPM,2018-07-24,OTHER,,0,2,pre,1,-0.020380018477568398,0.020380018477568398,0,1.8742538850001862,12.62,-2.2433346973195665
JPM,2018-07-27,OTHER,,0,2,pre,1,2.6404325458015827,2.6404325458015827,1,1.719343640548637,12.14,296.4277101649415
JPM,2018-09-18,OTHER,,0,2,after,1,1.954931986976389,1.954931986976389,0,0.7119099708706718,13.68,245.18571650023577
JPM,2018-09-24,OTHER,,0,4,pre,1,-0.6822601778011416,0.6822601778011416,0,1.067409202923674,11.68,-85.20763201345791
JPM,2018-09-28,OTHER,,0,2,pre,1,-1.102569784387285,1.102569784387285,0,1.0372299499731603,12.41,-137.85485927249366
JPM,2018-10-05,OTHER,,0,2,pre,1,0.4970479851449699,0.4970479851449699,0,1.105666032513436,14.22,61.514193700389164
JPM,2018-10-12,EARNINGS_GUIDANCE,RESULTS,6,2,intraday,1,-2.101979013447421,2.101979013447421,1,1.4815162504555508,24.98,-259.4472811872157
JPM,2018-10-15,OTHER,,0,2,after,1,-0.21564190152247537,0.21564190152247537,0,1.499300598122011,21.309999,-26.573120216133162
JPM,2018-10-18,OTHER,,0,2,pre,1,-0.06384831853196872,0.06384831853196872,0,1.4311740035296099,17.4,-7.882863597632761
JPM,2018-10-25,OTHER,,0,2,pre,1,0.06398862929551379,0.06398862929551379,0,1.5124177396257896,25.23,7.776705441089847
JPM,2018-12-07,OTHER,,0,2,after,1,-1.1666182514311274,1.1666182514311274,0,2.093580221550229,21.190001,-142.25106939256332
JPM,2019-01-16,EARNINGS_GUIDANCE,RESULTS,6,4,after,2,0.1363911931941689,0.1363911931941689,0,1.571831317638645,18.6,17.257339634756363
JPM,2019-01-25,OTHER,,0,4,pre,1,0.8420642252723858,0.8420642252723858,0,1.197784479695736,18.889999,107.38133434026227
JPM,2019-01-30,OTHER,,0,2,pre,1,-2.3540280020279303,2.3540280020279303,1,1.142228496329472,19.129999,-301.3924651584489
JPM,2019-01-31,OTHER,,0,2,pre,1,-1.0640462490838263,1.0640462490838263,0,1.1142229789800535,17.66,-135.8519757627722
JPM,2019-02-27,OTHER,,0,2,pre,1,-0.4968003761292722,0.4968003761292722,0,1.1226781678496067,15.17,-64.05467031711997
JPM,2019-03-08,OTHER,,0,2,pre,1,0.16362338028317625,0.16362338028317625,0,1.0798812585833666,16.59,20.966255711403022
JPM,2019-03-18,OTHER,,0,2,pre,1,-0.05817354032600866,0.05817354032600866,0,0.7000909394568423,12.88,-7.527073102387674
JPM,2019-03-25,OTHER,,0,2,pre,1,-0.2702100616589311,0.2702100616589311,0,1.1667220799915294,16.48,-34.966850936210626
JPM,2019-04-12,EARNINGS_GUIDANCE,RESULTS,6,2,intraday,1,2.366118378383031,2.366118378383031,1,1.5148425806710177,13.02,293.91983101440275
JPM,2019-04-15,OTHER,,0,2,after,1,-0.04849815584751052,0.04849815584751052,0,1.8715492812472065,12.01,-6.018998410737796
JPM,2019-04-25,OTHER,,0,2,pre,1,0.429541413121321,0.429541413121321,0,1.6527891082503794,13.14,52.59066697059622
JPM,2019-05-07,OTHER,,0,2,pre,1,-0.3953963308041222,0.3953963308041222,0,1.5296445218438999,15.44,-50.23937499009947
JPM,2019-06-24,OTHER,,0,2,pre,1,-0.47121128783205257,0.47121128783205257,0,1.0947719806681269,15.4,-63.025010170079085
JPM,2019-06-28,OTHER,,0,2,pre,1,2.3272532522380533,2.3272532522380533,1,1.0644175538836023,15.82,307.0246850556463
JPM,2019-07-16,EARNINGS_GUIDANCE,RESULTS,6,2,intraday,1,0.8193568486529491,0.8193568486529491,0,1.1276280444036129,12.68,101.87703233318705
JPM,2019-07-17,OTHER,,0,2,after,1,-0.0686228194267059,0.0686228194267059,0,1.1186080661779498,12.86,-8.462283566425263
JPM,2019-08-01,OTHER,,0,4,pre,1,-0.9529803145080212,0.9529803145080212,0,0.9418753523827956,16.120001,-119.19542195141183
JPM,2019-08-05,OTHER,,0,2,pre,1,-0.5713052254262173,0.5713052254262173,0,1.125972490672387,17.610001,-71.5596713029774
JPM,2019-08-21,OTHER,,0,2,after,1,0.49288320488324644,0.49288320488324644,0,1.8439169106390854,17.5,62.646714611327944
JPM,2019-09-13,OTHER,,0,2,pre,1,1.0930324166349263,1.0930324166349263,0,1.422205046050329,14.22,138.89032566147785
JPM,2019-09-27,OTHER,,0,2,pre,1,0.5327874359507738,0.5327874359507738,0,1.171929356267224,16.07,67.97135283625852
JPM,2019-10-15,EARNINGS_GUIDANCE,RESULTS,6,2,intraday,1,1.5821860368373197,1.5821860368373197,0,1.3173848953077705,14.57,197.21146744535523
JPM,2019-10-16,OTHER,,0,2,after,1,0.1838767684484766,0.1838767684484766,0,1.5074676969155811,13.54,22.968009359444764
JPM,2019-11-01,OTHER,,0,2,after,1,1.4091900145635972,1.4091900145635972,0,1.2920000506702443,13.22,179.5100371256586
JPM,2019-11-04,OTHER,,0,2,pre,1,0.5616391526141008,0.5616391526141008,0,1.3032620249545965,12.3,71.52071381025313
JPM,2019-11-08,OTHER,,0,4,pre,1,-0.0894314368707089,0.0894314368707089,0,1.092282448213039,12.73,-11.131232961152019
JPM,2019-11-15,OTHER,,0,2,pre,1,0.6323647295523029,0.6323647295523029,0,0.932381248225711,13.05,78.64800080557383
JPM,2020-01-15,EARNINGS_GUIDANCE,RESULTS,6,4,after,2,-1.9141014340188771,1.9141014340188771,0,0.8824921237044515,12.39,-232.41344005046182
JPM,2020-01-24,MANAGEMENT_GOVERNANCE,OFFICER_CHANGE,5,5,pre,2,-0.5080141842930799,0.5080141842930799,0,1.0035708530432712,12.98,-61.30902290038482
JPM,2020-02-03,OTHER,,0,2,pre,1,-0.3582894260881169,0.3582894260881169,0,1.4646641565755294,18.84,-42.93914868943019
JPM,2020-02-25,OTHER,,0,4,pre,1,-0.3547176031296922,0.3547176031296922,0,1.4720491994382183,25.030001,-42.680146196786936
JPM,2020-02-26,OTHER,,0,2,pre,1,1.3200369299248567,1.3200369299248567,0,1.843655167694207,27.85,159.3974410462965
JPM,2020-03-06,OTHER,,0,2,pre,1,-7.401020733949732,7.401020733949732,1,3.105263490269675,39.619999,-868.1500752180191
JPM,2020-03-16,OTHER,,0,2,pre,1,-2.6323408903289978,2.6323408903289978,1,7.7826057636088,57.830002,-311.6630041606406
JPM,2020-03-20,MANAGEMENT_GOVERNANCE,OFFICER_CHANGE,5,2,pre,1,0.1521950490922064,0.1521950490922064,0,9.027517135426601,72.0,17.780441048960324
JPM,2020-03-25,OTHER,,0,2,pre,1,1.9001826657001457,1.9001826657001457,0,9.75485127033275,61.669998,221.59902812040485
JPM,2020-04-14,EARNINGS_GUIDANCE,RESULTS,6,2,intraday,1,-7.697326673789737,7.697326673789737,1,7.466503979488954,41.169998,-867.6506237542147
JPM,2020-04-15,OTHER,,0,2,after,1,-6.2800055396867345,6.2800055396867345,1,7.361568453139262,37.759998,-708.8697806345097
JPM,2020-04-23,OTHER,,0,2,pre,1,-0.10339859722688598,0.10339859722688598,0,5.482790495625128,41.98,-13.486845117898309
JPM,2020-05-14,OTHER,,0,2,pre,1,0.05298495215808778,0.05298495215808778,0,2.614564673616827,35.279999,8.81241079148186
JPM,2020-05-28,OTHER,,0,2,pre,1,-2.2643111390507547,2.2643111390507547,1,2.0967407712913886,27.620001,-434.21549701710626
JPM,2020-06-30,OTHER,,0,4,pre,2,-1.0383376310183379,1.0383376310183379,0,2.269930003440211,31.780001,-219.01483589635268
JPM,2020-07-14,EARNINGS_GUIDANCE,RESULTS,6,2,intraday,1,-0.30135192680734574,0.30135192680734574,0,1.6208738445713626,32.189999,-65.53319917045907
JPM,2020-07-15,OTHER,,0,2,after,1,0.560791536737117,0.560791536737117,0,1.6169745824041297,29.52,122.00559826906434
JPM,2020-09-15,OTHER,,0,2,after,1,-1.0812502322182833,1.0812502322182833,0,0.8999420442713408,25.85,-255.1928012188151
JPM,2020-09-16,OTHER,,0,1,pre,1,0.5727082813626049,0.5727082813626049,0,0.9947799519956635,25.59,135.27194240745942
JPM,2020-09-17,OTHER,,0,2,pre,1,0.739665761634631,0.739665761634631,0,0.9943742290339164,26.040001,174.82583440579708
JPM,2020-09-30,OTHER,,0,2,after,1,0.06877921646605073,0.06877921646605073,0,0.9364384668694332,26.27,16.786715910825464
JPM,2020-10-13,EARNINGS_GUIDANCE,RESULTS,6,2,intraday,1,-0.014811872529419868,0.014811872529419868,0,0.9157526704733883,25.07,-3.670761348455523
JPM,2020-10-14,OTHER,,0,2,after,1,0.9587261599437509,0.9587261599437509,0,0.8448249488172636,26.07,237.82164976336986
JPM,2020-10-28,MANAGEMENT_GOVERNANCE,OFFICER_CHANGE,5,2,intraday,1,0.5609396032161301,0.5609396032161301,0,0.8434369566154093,33.349998,145.22721763661988
JPM,2020-11-20,OTHER,,0,2,pre,1,0.9514170893015221,0.9514170893015221,0,1.8380237301510511,23.110001,248.42689531138626
JPM,2020-12-10,MANAGEMENT_GOVERNANCE,OFFICER_CHANGE,5,2,pre,1,-0.259058909589872,0.259058909589872,0,0.9437231695198435,22.27,-68.2098814224473
JPM,2020-12-21,MANAGEMENT_GOVERNANCE,OFFICER_CHANGE,5,4,after,2,1.1930264467503193,1.1930264467503193,0,0.8752828000659464,21.57,321.6787045139612
JPM,2021-01-22,MANAGEMENT_GOVERNANCE,OFFICER_CHANGE,5,2,pre,1,-0.6252871813390463,0.6252871813390463,0,0.7991744955574931,21.32,-184.0015624198916
JPM,2021-02-05,OTHER,,0,2,pre,1,0.03969693096437931,0.03969693096437931,0,0.7267361823703151,21.77,11.806413384172592
JPM,2021-02-17,OTHER,,0,2,pre,1,0.4695218099518867,0.4695218099518867,0,0.6966803561911603,21.459999,139.28347357784128
JPM,2021-02-23,MANAGEMENT_GOVERNANCE,OFFICER_CHANGE,5,2,pre,1,0.33793025305773033,0.33793025305773033,0,0.6383030299674831,23.450001,99.70767040670542
JPM,2021-03-08,OTHER,,0,2,pre,1,-0.13963642941758264,0.13963642941758264,0,0.6465120247255024,24.66,-39.48212417878992
JPM,2021-03-17,OTHER,,0,4,pre,2,1.4578383060313318,1.4578383060313318,0,0.6814362994524492,19.790001,407.54160892089135
JPM,2021-03-18,OTHER,,0,4,pre,1,0.7271439416649799,0.7271439416649799,0,0.686047383072809,19.23,203.30169895024792
JPM,2021-04-14,EARNINGS_GUIDANCE,RESULTS,6,2,intraday,1,-0.8502058264412992,0.8502058264412992,0,0.7412090214985361,16.65,-214.79334852864545
JPM,2021-04-15,OTHER,,0,2,after,1,-0.12801379523135384,0.12801379523135384,0,0.7596191585410917,16.99,-32.62954225143595
JPM,2021-04-23,OTHER,,0,2,pre,1,0.2259423890334388,0.2259423890334388,0,0.6977356904658994,18.709999,58.04708504072031
JPM,2021-05-03,OTHER,,0,2,pre,1,0.513522640575319,0.513522640575319,0,0.6820917238687457,18.610001,130.8647713823619
JPM,2021-05-13,OTHER,,0,4,pre,1,0.4820672245145084,0.4820672245145084,0,0.6877551412684244,27.59,122.21202561268504
JPM,2021-05-19,MANAGEMENT_GOVERNANCE,OFFICER_CHANGE,5,2,after,1,-0.7611806381575398,0.7611806381575398,0,0.714788221631388,21.34,-192.13074488510384
JPM,2021-05-21,OTHER,,0,4,pre,1,0.2514274725533141,0.2514274725533141,0,0.6679343038934143,20.67,62.57117044952382
JPM,2021-05-24,OTHER,,0,2,pre,1,-0.555187519413895,0.555187519413895,0,0.6491863196624726,20.15,-137.78158374584137
JPM,2021-06-02,OTHER,,0,2,pre,1,0.04088473943079713,0.04088473943079713,0,0.6723996783843086,17.9,9.943085213766503
JPM,2021-06-24,OTHER,,0,2,pre,1,0.35448292692472366,0.35448292692472366,0,0.7381657548874899,16.32,83.89168283638654
JPM,2021-06-29,OTHER,,0,4,pre,2,0.15061915308679108,0.15061915308679108,0,0.7364843269304964,15.76,34.88394298616716
JPM,2021-07-13,EARNINGS_GUIDANCE,RESULTS,6,2,intraday,1,-0.882466437478656,0.882466437478656,0,0.9130866374863866,16.17,-202.4891828007764
JPM,2021-07-14,OTHER,,0,2,after,1,-0.12957522471321944,0.12957522471321944,0,0.9102001303304716,17.120001,-29.789015664759415
JPM,2021-07-21,MANAGEMENT_GOVERNANCE,OFFICER_CHANGE,5,2,pre,1,-0.15345438983675266,0.15345438983675266,0,0.9373553051201816,19.73,-34.908602718013576
JPM,2021-07-30,OTHER,,0,4,pre,1,-0.37542318538143193,0.37542318538143193,0,0.9762828451916218,17.700001,-85.29602330938292
JPM,2021-08-11,OTHER,,0,2,pre,1,0.3875826866167105,0.3875826866167105,0,0.9034634362512027,16.790001,86.82633389368873
JPM,2021-09-23,OTHER,,0,2,pre,1,1.3303459841502385,1.3303459841502385,0,0.7626326021628902,20.870001,287.23978792358383
JPM,2021-10-13,EARNINGS_GUIDANCE,RESULTS,6,2,intraday,1,-1.5451547338582525,1.5451547338582525,0,0.983214083485057,19.85,-331.53197472976086
JPM,2021-10-14,OTHER,,0,2,after,1,0.39899888694779184,0.39899888694779184,0,1.0683276736908005,18.639999,85.60138935034738
JPM,2021-11-09,OTHER,,0,2,pre,1,0.05068343581710194,0.05068343581710194,0,0.9756235811477765,17.219999,8.779736417448428
JPM,2021-12-13,OTHER,,0,2,pre,1,0.5357888283253935,0.5357888283253935,0,1.0918720407845846,18.690001,88.79781698925332
JPM,2021-12-16,MANAGEMENT_GOVERNANCE,OFFICER_CHANGE,5,4,after,2,0.5529216603584827,0.5529216603584827,0,1.126053459147779,19.290001,91.47372110182616
JPM,2021-12-20,OTHER,,0,2,after,1,-0.6834241578037975,0.6834241578037975,0,1.2143183896967529,21.57,-113.3439253228224
JPM,2022-01-04,OTHER,,0,2,after,1,2.238009488177704,2.238009488177704,1,1.0210934638887308,16.6,357.89730531840036
JPM,2022-01-21,MANAGEMENT_GOVERNANCE,OFFICER_CHANGE,5,2,pre,1,-0.33751694280991057,0.33751694280991057,0,1.8347953902309402,25.59,-53.36809965336434
JPM,2022-01-26,OTHER,,0,2,pre,1,-0.1355688945659088,0.1355688945659088,0,1.772383104499356,31.16,-21.523088606073618
JPM,2022-02-25,OTHER,,0,2,pre,1,-2.2682518472326247,2.2682518472326247,1,1.3374623938445136,30.32,-358.26499139776996
JPM,2022-04-13,EARNINGS_GUIDANCE,RESULTS,6,2,intraday,1,-2.3019150184509805,2.3019150184509805,1,1.2663716635276105,24.26,-403.83625804762653
JPM,2022-04-27,OTHER,,0,2,pre,1,-1.1802363728866834,1.1802363728866834,0,1.1989993371574015,33.52,-207.7002724913906
JPM,2022-05-09,OTHER,,0,2,pre,1,-0.5491942035598641,0.5491942035598641,0,1.5556001685531315,30.190001,-96.85430579016774
JPM,2022-05-23,OTHER,,0,2,pre,1,3.7128851159589984,3.7128851159589984,1,1.489711265660467,29.43,658.8435254495183
JPM,2022-05-24,OTHER,,0,2,pre,1,1.22531443056923,1.22531443056923,0,1.8537674620574993,28.48,218.00553515140902
JPM,2022-06-15,OTHER,,0,2,pre,1,0.7484509987282583,0.7484509987282583,0,1.8094598632457255,32.689999,134.44288792173774
JPM,2022-06-28,OTHER,,0,4,pre,2,0.590484455142954,0.590484455142954,0,1.3612925334385293,26.950001,105.95828002663843
JPM,2022-07-14,EARNINGS_GUIDANCE,RESULTS,6,2,intraday,1,-0.20452335487642326,0.20452335487642326,0,1.041170414874531,26.82,-37.931762779795065
JPM,2022-07-15,OTHER,,0,2,after,1,1.4243846763328116,1.4243846763328116,0,1.1802821415483475,26.4,264.0611469671348
JPM,2022-07-20,MANAGEMENT_GOVERNANCE,OFFICER_CHANGE,5,2,pre,1,-0.33469149517759855,0.33469149517759855,0,1.4784328009066412,24.5,-62.0587245017344
JPM,2022-07-26,OTHER,,0,2,pre,1,-0.5433887457752289,0.5433887457752289,0,1.3713989977140213,23.360001,-100.29698510132873
JPM,2022-07-29,OTHER,,0,2,pre,1,-0.7121444081257541,0.7121444081257541,0,1.3532130005164373,22.33,-131.56297704728726
JPM,2022-08-12,OTHER,,0,2,pre,1,0.20776221231609926,0.20776221231609926,0,1.2466581139452182,20.200001,38.536298812531
JPM,2022-09-15,OTHER,,0,2,pre,1,1.4725783687509437,1.4725783687509437,0,1.2736467422190625,26.16,272.5802320506437
JPM,2022-10-03,OTHER,,0,2,pre,1,1.6787302870155285,1.6787302870155285,0,1.3237208961140847,31.620001,313.10788800557714
JPM,2022-10-14,EARNINGS_GUIDANCE,RESULTS,6,2,intraday,1,3.14162041790824,3.14162041790824,1,1.8133069793730172,31.940001,581.7589899945925
JPM,2022-10-17,OTHER,,0,2,after,1,2.0465185471586316,2.0465185471586316,1,1.8415245251495755,32.02,378.96532535906204
JPM,2022-12-16,OTHER,,0,2,pre,1,0.9110716257373739,0.9110716257373739,0,0.9706756419276682,22.83,178.75134777011976
JPM,2023-01-18,MANAGEMENT_GOVERNANCE,OFFICER_CHANGE,5,4,pre,2,-1.2533436103890678,1.2533436103890678,0,0.6791961752894032,19.360001,-228.12383496742092
JPM,2023-01-20,MANAGEMENT_GOVERNANCE,OFFICER_CHANGE,5,2,pre,1,-0.47470941722618365,0.47470941722618365,0,1.0083331466590475,20.52,-85.84626732326294
JPM,2023-03-02,OTHER,,0,2,pre,1,-0.7967791248285063,0.7967791248285063,0,0.745982257914788,20.58,-133.28543682953966
JPM,2023-04-14,EARNINGS_GUIDANCE,RESULTS,6,2,intraday,1,4.7874016363932155,4.7874016363932155,1,1.361165704112393,17.799999,778.2557578630112
JPM,2023-04-17,OTHER,,0,2,after,1,0.8306461053640372,0.8306461053640372,0,1.792573313096903,17.07,135.05979750208795
JPM,2023-04-21,OTHER,,0,2,pre,1,-0.18382029192086577,0.18382029192086577,0,1.5725570249110783,17.17,-30.83241169797648
JPM,2023-05-02,OTHER,,0,4,after,2,-1.2433072469734958,1.2433072469734958,0,1.5510234576554016,16.08,-220.66383265599913
JPM,2023-05-19,OTHER,,0,2,pre,1,-0.5551423807750665,0.5551423807750665,0,1.1765731431904256,16.049999,-95.89927461689845
JPM,2023-05-23,OTHER,,0,2,pre,1,-0.1696035128555414,0.1696035128555414,0,1.179117895050391,17.209999,-29.426483064057948
JPM,2023-06-02,OTHER,,0,2,pre,1,-0.07310869173840043,0.07310869173840043,0,0.8726224000279618,15.65,-13.678314118161124
JPM,2023-06-27,OTHER,,0,2,pre,1,-0.8488773469288367,0.8488773469288367,0,0.7320816821096868,14.25,-157.6090500390176
JPM,2023-07-14,EARNINGS_GUIDANCE,RESULTS,6,2,intraday,1,1.4232508478315165,1.4232508478315165,0,0.8998559525875915,13.61,258.62696197031147
JPM,2023-07-17,OTHER,,0,2,after,1,0.779149760574403,0.779149760574403,0,0.8999531441926376,13.34,141.50960325043366
JPM,2023-07-25,OTHER,,0,2,pre,1,-0.320201644075875,0.320201644075875,0,0.8452350165524924,13.91,-57.2261636842197
JPM,2023-09-25,OTHER,,0,2,pre,1,0.07983532511818726,0.07983532511818726,0,0.6093764958229347,17.200001,14.345497568172723
JPM,2023-10-13,EARNINGS_GUIDANCE,RESULTS,6,2,intraday,1,0.5493143309056596,0.5493143309056596,0,0.6733605769197774,16.690001,91.65813740485463
JPM,2023-10-16,OTHER,,0,2,after,1,-0.7220411135294862,0.7220411135294862,0,0.7318523945282593,19.32,-120.36832217640453
JPM,2023-10-24,OTHER,,0,2,pre,1,0.1073258950269009,0.1073258950269009,0,0.8225041726433059,20.370001,17.6875954943459
JPM,2023-10-27,OTHER,,0,2,pre,1,-1.8229486345223564,1.8229486345223564,0,0.7490465314060014,20.68,-302.66211520745617
JPM,2024-01-17,MANAGEMENT_GOVERNANCE,OFFICER_CHANGE,5,2,pre,1,-0.4092192612272543,0.4092192612272543,0,0.49327027912470617,13.84,-66.64895447678636
JPM,2024-01-19,MANAGEMENT_GOVERNANCE,OFFICER_CHANGE,5,2,pre,1,0.13549393395132417,0.13549393395132417,0,0.4219652941369332,14.13,21.901673964890644
JPM,2024-01-24,OTHER,,0,2,pre,1,1.048882654773231,1.048882654773231,0,0.5711622861118142,12.55,167.32705864663558
JPM,2024-01-26,OTHER,,0,2,pre,1,-0.48225482416429116,0.48225482416429116,0,0.6491636386802184,13.45,-77.29740079293148
JPM,2024-03-13,OTHER,,0,4,pre,1,-0.6330363318100282,0.6330363318100282,0,0.7310589474441533,13.84,-86.36875191158892
JPM,2024-03-22,OTHER,,0,2,pre,1,-1.435507728243849,1.435507728243849,0,0.8134590664078976,12.92,-195.59676762691447
JPM,2024-04-08,MANAGEMENT_GOVERNANCE,OFFICER_CHANGE,5,1,intraday,1,-0.33732843085977604,0.33732843085977604,0,1.2102396741718557,16.030001,-38.78241264863783
JPM,2024-04-12,EARNINGS_GUIDANCE,RESULTS,6,2,intraday,1,-4.111175246294217,4.111175246294217,1,1.129795094705557,14.91,-467.8661158256961
JPM,2024-04-15,OTHER,,0,2,after,1,-0.08493194495474653,0.08493194495474653,0,2.2395956724364914,17.309999,-9.719670253727394
JPM,2024-04-23,OTHER,,0,2,pre,1,0.8399855509693892,0.8399855509693892,0,2.3423231684481864,16.940001,95.13049471418998
JPM,2024-05-07,OTHER,,0,2,pre,1,1.4062651832716313,1.4062651832716313,0,2.1613680917222196,13.49,160.7523598078594
JPM,2024-05-16,OTHER,,0,2,pre,1,0.9797947442278404,0.9797947442278404,0,1.0673823731315262,12.45,112.21514265623404
JPM,2024-05-21,OTHER,,0,2,pre,1,1.0346560986931863,1.0346560986931863,0,1.6073698259218407,12.15,117.5068283999295
JPM,2024-06-04,OTHER,,0,2,pre,1,-2.5965485120099885,2.5965485120099885,1,1.6070018073673389,13.11,-342.13004388395194
JPM,2024-07-01,OTHER,,0,4,pre,2,1.8759062307884007,1.8759062307884007,0,1.2693611463360654,12.44,239.66995850161138
JPM,2024-07-12,EARNINGS_GUIDANCE,RESULTS,6,2,intraday,1,0.3459153199103595,0.3459153199103595,0,0.8574660373943231,12.92,46.630285734551755
JPM,2024-07-15,OTHER,,0,2,after,1,2.5004227557646574,2.5004227557646574,1,0.9554540014805111,12.46,337.8225029276036
JPM,2024-07-23,OTHER,,0,2,pre,1,0.5310990389160904,0.5310990389160904,0,1.3263230904220726,14.91,73.20852596448417
JPM,2024-07-25,OTHER,,0,2,pre,1,0.8785040882286677,0.8785040882286677,0,1.2982979193774593,18.040001,124.69582409219645
JPM,2024-08-21,OTHER,,0,2,pre,1,0.7179950056411102,0.7179950056411102,0,1.6185969362238626,15.88,102.8801904758234
JPM,2024-09-30,OTHER,,0,2,pre,1,-0.9804092054042308,0.9804092054042308,0,1.4534162272426752,16.959999,-153.63972458830955
JPM,2024-10-11,EARNINGS_GUIDANCE,RESULTS,6,2,intraday,1,1.794711183812128,1.794711183812128,0,1.025211750102937,20.93,280.10750238507507
JPM,2024-10-14,OTHER,,0,2,after,1,-0.18786758254010139,0.18786758254010139,0,1.3116009659758234,20.459999,-28.575418384256377
JPM,2024-10-18,MANAGEMENT_GOVERNANCE,OFFICER_CHANGE,5,2,pre,1,-0.6977320897984539,0.6977320897984539,0,1.2446507112258527,19.110001,-106.49414689786578
JPM,2024-10-23,OTHER,,0,2,pre,1,0.3741917746574184,0.3741917746574184,0,1.1875091169328642,18.200001,61.3939848382762
JPM,2024-12-02,OTHER,,0,2,pre,1,-1.3519972333519439,1.3519972333519439,0,2.3443068911057643,13.51,-231.4874164511466
JPM,2024-12-13,MANAGEMENT_GOVERNANCE,OFFICER_CHANGE,5,1,pre,1,-0.7250682241045173,0.7250682241045173,0,0.7763447087022675,13.92,-124.71012057024971
JPM,2025-01-15,MANAGEMENT_GOVERNANCE,OFFICER_CHANGE,5,2,after,1,0.6110900813540462,0.6110900813540462,0,0.9205171205205217,18.709999,123.4121132097483
JPM,2025-01-16,EARNINGS_GUIDANCE,RESULTS,6,4,after,2,0.9144588111526591,0.9144588111526591,0,0.9524397833756438,16.120001,183.9155612548103
JPM,2025-01-24,MANAGEMENT_GOVERNANCE,OFFICER_CHANGE,5,1,pre,1,0.5724533203806532,0.5724533203806532,0,0.6497895991243718,15.02,115.30582471626013
JPM,2025-01-27,OTHER,,0,2,pre,1,0.562439586232076,0.562439586232076,0,0.653575374992599,14.85,113.29053900068025
JPM,2025-01-28,OTHER,,0,2,pre,1,-0.1205215096199966,0.1205215096199966,0,0.6058876016869855,17.9,-24.28661655267329
JPM,2025-02-05,OTHER,,0,4,pre,1,1.2428849725174391,1.2428849725174391,0,0.5547244639151798,17.209999,250.12155315885227
JPM,2025-04-11,EARNINGS_GUIDANCE,RESULTS,6,4,intraday,2,0.45933360211657415,0.45933360211657415,0,2.3555342606437883,40.720001,91.26253262915766
JPM,2025-04-14,OTHER,,0,2,after,1,-1.0334705932676653,1.0334705932676653,0,2.3819461718584094,37.560001,-205.46382487761022
JPM,2025-04-23,OTHER,,0,2,pre,1,0.17336987278012556,0.17336987278012556,0,2.347616322627304,30.57,35.081668671424154
JPM,2025-05-20,OTHER,,0,2,pre,1,0.2993775814732586,0.2993775814732586,0,0.8295416062818601,18.139999,59.10303826303426
JPM,2025-07-02,OTHER,,0,4,pre,2,0.5226996507189906,0.5226996507189906,0,0.6916520137994363,16.83,101.07042269841845
JPM,2025-07-15,EARNINGS_GUIDANCE,RESULTS,6,2,intraday,1,-0.5556470402064635,0.5556470402064635,0,0.915891703965588,17.200001,-104.83081219563397
JPM,2025-07-16,OTHER,,0,2,after,1,0.06119200712483047,0.06119200712483047,0,0.9331542973402949,17.379999,11.539967163236046
JPM,2025-07-24,OTHER,,0,2,pre,1,0.009403242477433087,0.009403242477433087,0,0.9227469772229404,15.37,1.720612457444617
JPM,2025-09-15,OTHER,,0,2,pre,1,0.06461917130299044,0.06461917130299044,0,0.8941083669294189,14.76,11.333318208395818
JPM,2025-10-14,EARNINGS_GUIDANCE,RESULTS,6,2,intraday,1,-0.7299000096513948,0.7299000096513948,0,0.7460700724569367,19.030001,-124.29839847874682
JPM,2025-10-15,OTHER,,0,2,after,1,-0.6628813648786036,0.6628813648786036,0,0.8242478093508913,20.809999,-112.86281960839185
JPM,2025-10-23,OTHER,,0,2,pre,1,0.3141551592901908,0.3141551592901908,0,1.0095426315813965,18.6,54.0492780462393
JPM,2025-12-09,MANAGEMENT_GOVERNANCE,OFFICER_CHANGE,5,1,after,1,-1.6206847203947534,1.6206847203947534,0,1.3740201669024183,16.66,-229.18712559287903
JPM,2026-01-14,EARNINGS_GUIDANCE,RESULTS,6,4,after,2,-0.24732410685362116,0.24732410685362116,0,1.4837741817554773,15.98,-35.68811321273087
JPM,2026-01-23,MANAGEMENT_GOVERNANCE,OFFICER_CHANGE,5,3,pre,2,-0.8976541142120551,0.8976541142120551,0,1.378862845721262,15.64,-136.1563160366855
JPM,2026-02-06,OTHER,,0,2,pre,1,0.9279915691804135,0.9279915691804135,0,1.4112834120832285,21.77,142.11890967672625
JPM,2026-02-24,OTHER,,0,2,pre,1,0.1848099108663554,0.1848099108663554,0,1.7993355165521454,21.01,27.169259206959484
JPM,2026-04-14,EARNINGS_GUIDANCE,RESULTS,6,2,intraday,1,-2.989268188597127,2.989268188597127,1,1.3463801176900487,19.120001,-457.53959552921594
JPM,2026-04-15,OTHER,,0,2,after,1,-0.9384363114926092,0.9384363114926092,0,1.3685077863004205,18.360001,-144.25023842445847
JPM,2026-04-24,OTHER,,0,2,pre,1,-0.6088619878009938,0.6088619878009938,0,1.4757210167273083,19.309999,-94.04569219623272
JPM,2026-04-27,OTHER,,0,1,pre,1,0.9063005496576896,0.9063005496576896,0,1.3100932838888433,18.709999,140.1428558798135
JPM,2026-05-08,OTHER,,0,4,pre,1,-2.008132153043942,2.008132153043942,1,1.1367549725609745,17.08,-311.7313922931183
JPM,2026-05-28,OTHER,,0,2,pre,1,-0.48576490531564165,0.48576490531564165,0,1.290961868945523,16.290001,-77.37632372780641
JPM,2026-06-03,OTHER,,0,2,pre,1,2.218297889066999,2.218297889066999,1,1.274947073908177,15.77,358.8000411566226
JPM,2026-06-25,MANAGEMENT_GOVERNANCE,OFFICER_CHANGE,5,5,intraday,3,-0.37097468929887467,0.37097468929887467,0,1.2843023322634448,18.629999,-61.33828418552731
JPM,2026-07-14,EARNINGS_GUIDANCE,RESULTS,6,2,intraday,1,1.8606148248562302,1.8606148248562302,0,1.3095499832439048,17.16,308.6980421840744
JPM,2026-07-15,OTHER,,0,2,after,1,0.22735273001498635,0.22735273001498635,0,1.182507390171775,16.5,37.84493642553778
JPM,2026-07-24,OTHER,,0,3,pre,2,1.0205192654151847,1.0205192654151847,0,1.075010924659156,18.700001,174.71204838359589
KO,2008-02-13,EARNINGS_GUIDANCE,RESULTS,6,2,intraday,1,-2.5717653145901775,2.5717653145901775,1,1.9927816933161047,26.33,-264.99079831446596
KO,2008-02-22,MANAGEMENT_GOVERNANCE,OFFICER_CHANGE,5,3,after,1,0.04860894737537893,0.04860894737537893,0,1.7099987350995516,25.120001,5.242847839140533
KO,2008-04-16,EARNINGS_GUIDANCE,RESULTS,6,2,intraday,1,-1.8523271585177243,1.8523271585177243,0,1.0399584868544853,22.780001,-219.43622682802737
KO,2008-04-22,OTHER,,0,2,after,1,0.03682850948767732,0.03682850948767732,0,0.9102342283401239,20.5,4.356104201337094
KO,2008-04-23,MANAGEMENT_GOVERNANCE,OFFICER_CHANGE,5,2,after,1,0.18409042591742414,0.18409042591742414,0,0.9212812895118716,20.870001,21.720071297793375
KO,2008-07-17,EARNINGS_GUIDANCE,RESULTS,6,4,intraday,2,-4.233459100534496,4.233459100534496,1,1.3408088697257583,25.1,-544.03280781146
KO,2008-07-22,MANAGEMENT_GOVERNANCE,OFFICER_CHANGE,5,2,after,1,3.695353957540702,3.695353957540702,1,1.6320130974901683,23.049999,474.70931165170356
KO,2008-09-03,OTHER,,0,2,intraday,1,0.5169818609724164,0.5169818609724164,0,1.1544001962282007,21.99,79.36214107054963
KO,2008-09-08,MA_CORPORATE_ACTION,MATERIAL_AGREEMENT,5,2,after,1,2.6035939540927986,2.6035939540927986,1,0.8301926302161423,23.059999,402.95862849399657
KO,2008-09-09,OTHER,,0,2,after,1,1.2075534385300024,1.2075534385300024,0,1.0517620526552938,22.639999,187.37471739564907
KO,2008-10-15,EARNINGS_GUIDANCE,RESULTS,6,2,intraday,1,4.476798966618687,4.476798966618687,1,3.917203152262767,55.130001,732.1630863789039
KO,2008-10-22,MANAGEMENT_GOVERNANCE,OFFICER_CHANGE,5,2,after,1,-2.9285132836826246,2.9285132836826246,1,4.0491113928990075,53.110001,-487.4791556213402
KO,2008-12-16,MANAGEMENT_GOVERNANCE,OFFICER_CHANGE,5,2,after,1,-0.4365990832444099,0.4365990832444099,0,1.8304817101919062,56.759998,-101.41807446441896
KO,2009-02-12,EARNINGS_GUIDANCE,RESULTS,6,2,intraday,1,2.7815138999012197,2.7815138999012197,1,1.0963999356849854,44.529999,669.1327037746923
KO,2009-02-19,MANAGEMENT_GOVERNANCE,OFFICER_CHANGE,5,2,after,1,0.6662382892003625,0.6662382892003625,0,1.450713910835393,48.459999,162.08751497484272
KO,2009-02-24,MANAGEMENT_GOVERNANCE,OFFICER_CHANGE,5,1,after,1,-0.3931695246680238,0.3931695246680238,0,1.4363939610224614,52.619999,-95.66952340654115
KO,2009-03-06,OTHER,,0,2,after,1,1.2400734384284897,1.2400734384284897,0,1.6515713608879334,50.169998,302.5044864317856
KO,2009-04-21,EARNINGS_GUIDANCE,RESULTS,6,2,intraday,1,-1.5272174844091333,1.5272174844091333,0,0.6315303001045383,39.18,-400.3909526047065
KO,2009-06-11,MANAGEMENT_GOVERNANCE,OFFICER_CHANGE,5,2,after,1,0.5526411859501247,0.5526411859501247,0,0.8456684410113892,28.459999,144.41432835376585
KO,2009-07-21,EARNINGS_GUIDANCE,RESULTS,6,2,intraday,1,-1.6116308459310171,1.6116308459310171,0,0.5770534683752913,24.4,-412.69383419395274
KO,2009-07-29,MANAGEMENT_GOVERNANCE,OFFICER_CHANGE,5,2,after,1,0.013177479155784209,0.013177479155784209,0,0.6825583483164159,25.01,3.3686645799746473
KO,2009-10-20,EARNINGS_GUIDANCE,RESULTS,6,2,intraday,1,-0.32901261852315544,0.32901261852315544,0,0.43500864299000114,21.49,-65.5704007130333
KO,2010-02-09,EARNINGS_GUIDANCE,RESULTS,6,2,intraday,1,0.9939053742657078,0.9939053742657078,0,0.9421786417312784,26.51,152.0398799785454
KO,2010-02-19,MANAGEMENT_GOVERNANCE,OFFICER_CHANGE,5,2,after,1,-0.8756678682100555,0.8756678682100555,0,1.0271377594069093,20.629999,-128.01732676208843
KO,2010-02-26,EARNINGS_GUIDANCE,RESULTS,6,2,intraday,1,-0.22625845640075248,0.22625845640075248,0,1.3653817654599758,20.1,-32.518930430713844
KO,2010-03-04,MA_CORPORATE_ACTION,MATERIAL_AGREEMENT,5,3,after,1,0.40114499971643697,0.40114499971643697,0,1.3798098535369645,18.83,58.22886919648936
KO,2010-03-23,MA_CORPORATE_ACTION,MATERIAL_AGREEMENT,5,2,after,1,-0.027351414545377,0.027351414545377,0,1.0720925096368812,16.870001,-3.8900172682351277
KO,2010-04-20,EARNINGS_GUIDANCE,RESULTS,6,2,intraday,1,-1.7965640784356545,1.7965640784356545,0,0.8158712356139388,17.34,-254.51048428146342
KO,2010-04-26,OTHER,,0,2,after,1,-0.4871928468532072,0.4871928468532072,0,0.817975714687752,16.620001,-68.74608070652356
KO,2010-04-27,OTHER,,0,1,after,1,-0.02324312318014739,0.02324312318014739,0,0.8173051877616383,17.469999,-3.279915981975294
KO,2010-06-07,MA_CORPORATE_ACTION,MATERIAL_AGREEMENT,5,2,intraday,1,0.5050140345331774,0.5050140345331774,0,1.6888029599465286,35.48,63.338625179435724
KO,2010-07-21,EARNINGS_GUIDANCE,RESULTS,6,2,intraday,1,1.1547517223440895,1.1547517223440895,0,1.4137912215315265,23.93,141.63390311264004
KO,2010-07-30,OTHER,,0,2,intraday,1,1.1089120239006425,1.1089120239006425,0,0.9362679199982509,24.129999,134.11709614466017
KO,2010-08-25,OTHER,,0,2,after,1,-0.6591554766945787,0.6591554766945787,0,0.901970747696503,27.459999,-78.87612566670765
KO,2010-08-30,OTHER,,0,1,after,1,0.21898363170714702,0.21898363170714702,0,1.0486948744957705,24.450001,25.562859026787983
KO,2010-09-08,MA_CORPORATE_ACTION,MATERIAL_AGREEMENT,5,2,after,1,0.4144770280453165,0.4144770280453165,0,1.1555283830196232,23.799999,48.73565150573314
KO,2010-09-28,OTHER,,0,2,after,1,0.11776883614818005,0.11776883614818005,0,0.8749209575830674,22.540001,13.55074629517757
KO,2010-10-06,MA_CORPORATE_ACTION,ACQUISITION_COMPLETED,6,4,after,1,-0.3221587813515483,0.3221587813515483,0,0.7574262782366588,21.76,-36.90561809972231
KO,2010-10-19,EARNINGS_GUIDANCE,RESULTS,6,2,intraday,1,1.7829407248767088,1.7829407248767088,0,0.7068227421424806,19.09,204.0158711076024
KO,2010-11-05,OTHER,,0,2,after,1,-0.10258072769018613,0.10258072769018613,0,0.5499154663096971,18.52,-11.616912609310468
KO,2010-11-09,OTHER,,0,2,after,1,0.2806581010811815,0.2806581010811815,0,0.5612368201223306,18.290001,31.55702674231383
KO,2010-11-17,MANAGEMENT_GOVERNANCE,OFFICER_CHANGE,5,2,after,1,1.7081113402250032,1.7081113402250032,0,0.7097628547148707,22.58,191.47543294508407
KO,2010-11-19,OTHER,,0,2,after,1,0.48085162238677764,0.48085162238677764,0,0.8392526657455242,18.75,53.84604990630741
KO,2010-12-02,OTHER,,0,1,after,1,-1.0854643093404366,1.0854643093404366,0,1.1972199186827588,21.360001,-120.99047388453975
KO,2010-12-10,MANAGEMENT_GOVERNANCE,OFFICER_CHANGE,5,2,after,1,-0.3439740457987811,0.3439740457987811,0,1.2606129638551926,17.25,-38.039174551832474
KO,2010-12-16,MANAGEMENT_GOVERNANCE,OFFICER_CHANGE,5,4,after,2,0.943678835503537,0.943678835503537,0,1.3151444274802437,17.940001,103.87916691764174
KO,2011-02-09,EARNINGS_GUIDANCE,RESULTS,6,2,intraday,1,0.997060880665518,0.997060880665518,0,0.7009505036716573,15.81,104.26493918778206
KO,2011-02-17,MANAGEMENT_GOVERNANCE,OFFICER_CHANGE,5,2,intraday,1,1.4048755476529755,1.4048755476529755,0,0.715242752985987,16.719999,141.22959057914863
KO,2011-04-26,EARNINGS_GUIDANCE,RESULTS,6,2,intraday,1,-2.0982086286441426,2.0982086286441426,1,1.0304553841102904,15.77,-201.76087561435804
KO,2011-05-02,OTHER,,0,1,after,1,0.829044825834869,0.829044825834869,0,0.9946143798374685,14.75,80.45507454762301
KO,2011-07-19,EARNINGS_GUIDANCE,RESULTS,6,2,intraday,1,1.9134948328967973,1.9134948328967973,0,1.317639891228963,20.950001,166.7223365829929
KO,2011-08-09,MA_CORPORATE_ACTION,DEBT_ISSUANCE,3,2,after,1,-2.1285258154891635,2.1285258154891635,1,2.3032849947729526,48.0,-189.5048088856258
KO,2011-08-22,MA_CORPORATE_ACTION,DEBT_ISSUANCE,3,1,after,1,1.2074683119801035,1.2074683119801035,0,3.2072490504336013,43.049999,106.11959591746965
KO,2011-10-18,EARNINGS_GUIDANCE,RESULTS,6,2,intraday,1,-0.5582795688827357,0.5582795688827357,0,2.077914801110176,33.389999,-54.4387431800546
KO,2011-12-20,MANAGEMENT_GOVERNANCE,OFFICER_CHANGE,5,1,after,1,1.2451570867138553,1.2451570867138553,0,1.3374941196362287,24.92,124.81152813353503
KO,2012-02-07,EARNINGS_GUIDANCE,RESULTS,6,2,intraday,1,-0.01475430481359436,0.01475430481359436,0,1.0009386571948307,17.76,-1.4981221095526285
KO,2012-02-16,MANAGEMENT_GOVERNANCE,OFFICER_CHANGE,5,2,after,1,0.0044406133636254435,0.0044406133636254435,0,0.8317926473934169,21.139999,0.4363776720185154
KO,2012-02-22,MANAGEMENT_GOVERNANCE,OFFICER_CHANGE,5,2,after,1,0.36441176298573136,0.36441176298573136,0,0.7517547964772017,18.190001,35.833645444640496
KO,2012-03-15,OTHER,,0,2,after,1,-0.5545263802399529,0.5545263802399529,0,0.7893171658970961,15.31,-55.415003978898824
KO,2012-04-17,EARNINGS_GUIDANCE,RESULTS,6,2,intraday,1,1.6747143939626081,1.6747143939626081,0,0.8692551148344466,19.549999,165.45757880308494
KO,2012-04-18,EARNINGS_GUIDANCE,RESULTS,6,2,after,1,0.3720490626468992,0.3720490626468992,0,1.0629497410465218,18.459999,36.72835977905111
KO,2012-04-27,OTHER,,0,1,intraday,1,0.9096016694756032,0.9096016694756032,0,1.0544971544188508,16.24,89.28585803837957
KO,2012-07-11,OTHER,,0,2,after,1,-1.610312242474721,1.610312242474721,0,1.134632797337864,18.719999,-156.76611193838647
KO,2012-07-17,EARNINGS_GUIDANCE,RESULTS,6,2,intraday,1,0.30362665086454926,0.30362665086454926,0,1.2571596795763937,17.110001,29.609847093037544
KO,2012-07-30,OTHER,,0,2,after,1,1.412803236594719,1.412803236594719,0,1.3937507116726444,16.700001,130.70091833667323
KO,2012-08-01,OTHER,,0,2,after,1,-0.9932113480385724,0.9932113480385724,0,1.4425983624795506,18.93,-92.21922163808259
KO,2012-08-24,OTHER,,0,2,after,1,-0.2683235884861832,0.2683235884861832,0,1.3436955009360128,15.96,-24.40218107424112
KO,2012-09-14,MANAGEMENT_GOVERNANCE,OFFICER_CHANGE,5,3,intraday,1,-0.154589251924366,0.154589251924366,0,1.5410377692437345,14.05,-14.256141388210887
KO,2012-10-16,EARNINGS_GUIDANCE,RESULTS,6,2,intraday,1,-2.158012309123716,2.158012309123716,1,1.184291282607946,15.27,-193.9597680814271
KO,2013-02-12,EARNINGS_GUIDANCE,RESULTS,6,2,intraday,1,-4.336051722841711,4.336051722841711,1,1.1340585540843753,12.94,-390.9004444034167
KO,2013-02-21,MANAGEMENT_GOVERNANCE,OFFICER_CHANGE,5,2,after,1,2.0217360965295934,2.0217360965295934,1,1.7533401211634736,14.68,179.7644163543732
KO,2013-02-22,MANAGEMENT_GOVERNANCE,OFFICER_CHANGE,5,2,after,1,0.722820874457287,0.722820874457287,0,1.7473694542531677,15.22,64.48959057444492
KO,2013-03-06,OTHER,,0,2,after,1,0.9913024650552094,0.9913024650552094,0,1.912274908287607,13.48,88.64235735645248
KO,2013-03-21,OTHER,,0,2,intraday,1,0.5257062457168955,0.5257062457168955,0,1.4815291916676014,12.67,46.04262773841664
KO,2013-04-16,EARNINGS_GUIDANCE,RESULTS,6,2,intraday,1,6.188410298617932,6.188410298617932,1,1.6319684321894308,17.27,598.8026480788249
KO,2013-04-29,OTHER,,0,3,after,1,-0.03508779544043167,0.03508779544043167,0,2.3699450927759944,13.61,-3.4043774085205576
KO,2013-07-16,EARNINGS_GUIDANCE,RESULTS,6,2,intraday,1,-0.16661881198379103,0.16661881198379103,0,1.3018096368098537,13.79,-19.186929111832708
KO,2013-07-22,MANAGEMENT_GOVERNANCE,OFFICER_CHANGE,5,2,after,1,-0.1673516406163408,0.1673516406163408,0,0.9556252684568091,12.54,-19.5217963841235
KO,2013-10-15,EARNINGS_GUIDANCE,RESULTS,6,2,intraday,1,-0.19138454920964185,0.19138454920964185,0,1.217060286831916,16.07,-21.899708832692887
KO,2013-10-25,OTHER,,0,2,after,1,1.4410167026680332,1.4410167026680332,0,1.0487245507209673,13.2,164.2511916040092
KO,2013-11-04,OTHER,,0,2,after,1,-0.1967989710072463,0.1967989710072463,0,0.8868114865966517,13.28,-22.408741073821883
KO,2013-12-19,MANAGEMENT_GOVERNANCE,OFFICER_CHANGE,5,2,after,1,-0.2516301981653376,0.2516301981653376,0,1.288530569061861,13.8,-28.68794065548609
KO,2014-01-27,MANAGEMENT_GOVERNANCE,OFFICER_CHANGE,5,2,after,1,0.07181969758813402,0.07181969758813402,0,1.0030893077832956,18.139999,8.262258196728087
KO,2014-02-06,OTHER,,0,2,intraday,1,-1.1312457263529205,1.1312457263529205,0,1.2594608608823334,19.950001,-123.13113292101272
KO,2014-02-20,MANAGEMENT_GOVERNANCE,OFFICER_CHANGE,5,2,after,1,-0.09222727726806537,0.09222727726806537,0,1.3798807378478506,15.5,-10.018482000405927
KO,2014-02-24,MANAGEMENT_GOVERNANCE,OFFICER_CHANGE,5,2,after,1,1.1196687471012623,1.1196687471012623,0,1.2761494440514445,14.68,122.0939529562777
KO,2014-03-10,OTHER,,0,2,after,1,1.171739855577133,1.171739855577133,0,0.7169500034250427,14.11,125.93506018185721
KO,2014-04-15,EARNINGS_GUIDANCE,RESULTS,6,2,intraday,1,3.595372744563699,3.595372744563699,1,0.7875537171126791,16.110001,347.31195736338225
KO,2014-04-24,MANAGEMENT_GOVERNANCE,OFFICER_CHANGE,5,3,after,1,1.393889838231364,1.393889838231364,0,1.4613182701951444,13.27,132.6249489624109
KO,2014-04-28,MANAGEMENT_GOVERNANCE,OFFICER_CHANGE,5,2,after,1,-1.6483153613326793,1.6483153613326793,0,1.4691597607735556,14.06,-157.26997758326294
KO,2014-07-22,EARNINGS_GUIDANCE,RESULTS,6,2,intraday,1,-4.53799801916532,4.53799801916532,1,0.7153866741351925,12.81,-422.1502361046797
KO,2014-08-21,OTHER,,0,2,after,1,-0.46270386040358796,0.46270386040358796,0,1.412955471574417,11.78,-42.355795370103685
KO,2014-09-19,OTHER,,0,2,after,1,1.533014432818475,1.533014432818475,0,0.6299274097237669,12.03,150.2044591773779
KO,2014-09-23,OTHER,,0,2,after,1,-0.02596399308433154,0.02596399308433154,0,0.5610409877744549,13.69,-2.544887011158769
KO,2014-10-01,OTHER,,0,2,intraday,1,0.7593030436673152,0.7593030436673152,0,0.8573367520808072,16.309999,74.92144564018912
KO,2014-10-21,EARNINGS_GUIDANCE,RESULTS,6,3,intraday,1,-7.299989986347334,7.299989986347334,1,1.4651532594373722,18.57,-711.5477407140968
KO,2014-12-12,MANAGEMENT_GOVERNANCE,OFFICER_CHANGE,5,2,after,1,-1.2721632520335742,1.2721632520335742,0,1.13303905273231,20.08,-154.99175797399673
KO,2015-02-10,EARNINGS_GUIDANCE,RESULTS,6,2,intraday,1,1.7806786034324043,1.7806786034324043,0,0.9389950896031016,18.549999,222.5037415676812
KO,2015-02-19,MANAGEMENT_GOVERNANCE,OFFICER_CHANGE,5,2,after,1,0.22663112762956938,0.22663112762956938,0,1.201440154870926,15.45,28.661317526015445
KO,2015-02-23,MANAGEMENT_GOVERNANCE,OFFICER_CHANGE,5,2,after,1,0.149965677637278,0.149965677637278,0,1.170932150643024,14.3,19.020526411279988
KO,2015-03-04,OTHER,,0,2,after,1,-0.984033998497554,0.984033998497554,0,1.0256261675554763,13.86,-125.00530748681372
KO,2015-03-11,OTHER,,0,2,after,1,0.06201735028975848,0.06201735028975848,0,1.007958372112662,16.690001,7.924550903553838
KO,2015-04-22,EARNINGS_GUIDANCE,RESULTS,6,2,intraday,1,0.07426832337779858,0.07426832337779858,0,0.5521965175761664,13.25,9.485835090985283
KO,2015-04-30,OTHER,,0,1,after,1,0.8134283132724808,0.8134283132724808,0,0.6062939042610489,13.39,105.2699040952192
KO,2015-07-22,EARNINGS_GUIDANCE,RESULTS,6,2,intraday,1,-0.3469709684047516,0.3469709684047516,0,0.9650308743250112,12.22,-43.40133044636426
KO,2015-08-07,OTHER,,0,3,after,1,-0.87442264166875,0.87442264166875,0,0.7823260822416831,13.77,-106.87183530020067
KO,2015-08-13,MANAGEMENT_GOVERNANCE,OFFICER_CHANGE,5,2,intraday,1,-0.06275513519796636,0.06275513519796636,0,0.7160909900515907,13.61,-7.662160790482273
KO,2015-09-03,OTHER,,0,2,intraday,1,-0.09340246048365891,0.09340246048365891,0,1.2671262691796539,26.09,-11.543328173455187
KO,2015-09-18,OTHER,,0,1,intraday,1,0.16442983172436357,0.16442983172436357,0,1.5640322094746772,21.139999,20.403743242419413
KO,2015-10-21,EARNINGS_GUIDANCE,RESULTS,6,2,intraday,1,1.6910121255978954,1.6910121255978954,0,1.0609623954292386,15.75,159.42964474739128
KO,2015-10-28,OTHER,,0,2,after,1,-0.2248524738377501,0.2248524738377501,0,1.3428287250479949,15.43,-21.171738133731896
KO,2016-02-09,EARNINGS_GUIDANCE,RESULTS,6,2,intraday,1,-0.27807014499690696,0.27807014499690696,0,1.2712537127895638,26.0,-25.0097928634661
KO,2016-02-18,MANAGEMENT_GOVERNANCE,OFFICER_CHANGE,5,2,after,1,1.030943920365322,1.030943920365322,0,1.4584677551264555,22.309999,89.55853012316788
KO,2016-03-30,OTHER,,0,2,intraday,1,-0.5109763354288688,0.5109763354288688,0,0.9586882992444247,13.82,-45.023607522985046
KO,2016-04-20,EARNINGS_GUIDANCE,RESULTS,6,2,intraday,1,-7.052627043677211,7.052627043677211,1,1.1494804106492302,13.24,-638.6433780180989
KO,2016-04-28,OTHER,,0,1,after,1,1.0727293439918197,1.0727293439918197,0,2.1345729960452737,13.77,97.76183445778256
KO,2016-06-01,OTHER,,0,2,after,1,-0.195415570859705,0.195415570859705,0,1.151666286581836,14.19,-18.347737240296162
KO,2016-07-27,EARNINGS_GUIDANCE,RESULTS,6,2,intraday,1,-2.675932675622245,2.675932675622245,1,0.9212251557361334,13.05,-288.8720231041422
KO,2016-09-20,OTHER,,0,2,after,1,0.34692006692441746,0.34692006692441746,0,1.305324949246667,15.53,38.66475406449876
KO,2016-09-27,MANAGEMENT_GOVERNANCE,OFFICER_CHANGE,5,2,after,1,-0.34136697537747296,0.34136697537747296,0,1.4203603574636496,14.5,-37.98229529158982
KO,2016-10-26,EARNINGS_GUIDANCE,RESULTS,6,2,intraday,1,-0.647065334931196,0.647065334931196,0,0.6476010053516429,13.46,-71.73189891419487
KO,2016-10-28,OTHER,,0,2,after,1,0.7617371712708189,0.7617371712708189,0,0.6149461961386515,15.36,84.20395640302073
KO,2016-12-09,MANAGEMENT_GOVERNANCE,OFFICER_CHANGE,5,4,after,2,1.8889947370412299,1.8889947370412299,0,1.0784942279398735,12.64,200.01090607487745
KO,2017-02-09,EARNINGS_GUIDANCE,RESULTS,6,2,intraday,1,-3.6045505563404316,3.6045505563404316,1,0.6722937924646729,11.45,-399.65704066521585
KO,2017-02-16,MANAGEMENT_GOVERNANCE,OFFICER_CHANGE,5,2,after,1,1.84694855190611,1.84694855190611,0,0.9568304104058772,11.97,202.48263084029452
KO,2017-03-06,OTHER,,0,2,after,1,-0.5151429903945819,0.5151429903945819,0,1.0639908247205812,10.96,-55.44900939798798
KO,2017-03-10,OTHER,,0,2,after,1,0.72716663700343,0.72716663700343,0,0.8952416411098849,12.3,78.526370036324
KO,2017-03-27,MANAGEMENT_GOVERNANCE,OFFICER_CHANGE,5,3,after,1,0.4952454255706986,0.4952454255706986,0,0.5620613017398024,12.96,54.95196982760611
KO,2017-04-25,EARNINGS_GUIDANCE,RESULTS,6,2,intraday,1,-0.276599512880987,0.276599512880987,0,0.5872048509959304,10.84,-27.023400960412488
KO,2017-05-01,MANAGEMENT_GOVERNANCE,OFFICER_CHANGE,5,3,after,1,0.5566007980873205,0.5566007980873205,0,0.6211248307076153,10.82,54.207256659924106
KO,2017-06-26,OTHER,,0,2,after,1,0.14887196588555998,0.14887196588555998,0,0.7112981224057751,10.02,14.328670050359335
KO,2017-07-07,OTHER,,0,2,after,1,-0.4344585550515089,0.4344585550515089,0,0.7709843391992267,12.54,-42.65060187792332
KO,2017-07-26,EARNINGS_GUIDANCE,RESULTS,6,2,intraday,1,2.1811370430823156,2.1811370430823156,1,0.7514524096042992,9.43,201.39960072784316
KO,2017-10-25,EARNINGS_GUIDANCE,RESULTS,6,2,intraday,1,0.2173740681408681,0.2173740681408681,0,1.0800749143443305,11.16,18.91368111426282
KO,2017-12-08,MANAGEMENT_GOVERNANCE,OFFICER_CHANGE,5,3,intraday,1,-1.6581780379955036,1.6581780379955036,0,1.700743489936311,10.16,-123.13701658092094
KO,2018-02-21,MANAGEMENT_GOVERNANCE,OFFICER_CHANGE,5,2,after,1,-1.4158656201948203,1.4158656201948203,0,2.755009515150611,20.6,-109.83708802481364
KO,2018-04-04,OTHER,,0,2,after,1,1.549391952310507,1.549391952310507,0,1.26753940214468,21.1,133.22730046139
KO,2018-04-24,EARNINGS_GUIDANCE,RESULTS,6,2,intraday,1,-3.317374512609132,3.317374512609132,1,1.3427878913508537,16.34,-290.9766943983637
KO,2018-04-26,OTHER,,0,1,intraday,1,1.6736211077627408,1.6736211077627408,0,1.6626352917884095,17.84,146.7500881185121
KO,2018-07-25,EARNINGS_GUIDANCE,RESULTS,6,2,intraday,1,1.9469721799766624,1.9469721799766624,0,0.8919667576812874,12.41,187.948584891812
KO,2018-10-19,MANAGEMENT_GOVERNANCE,OFFICER_CHANGE,5,3,after,1,1.0841830795506797,1.0841830795506797,0,1.2579089218652881,20.059999,111.36018067846308
KO,2018-10-30,EARNINGS_GUIDANCE,RESULTS,6,2,intraday,1,1.654369916996314,1.654369916996314,0,1.4600114417214973,24.700001,168.7816105010917
KO,2018-12-07,MANAGEMENT_GOVERNANCE,OFFICER_CHANGE,5,2,after,1,0.7403920578419445,0.7403920578419445,0,1.5693528551191869,21.190001,76.50735525977528
KO,2019-01-08,OTHER,,0,2,intraday,1,-1.3988842257274399,1.3988842257274399,0,1.5911196527372855,21.4,-153.84784722360166
KO,2019-02-14,EARNINGS_GUIDANCE,RESULTS,6,2,intraday,1,-8.914890218607521,8.914890218607521,1,0.8077452366986254,15.65,-1002.7470374090633
KO,2019-02-22,MANAGEMENT_GOVERNANCE,OFFICER_CHANGE,5,2,after,1,-2.0811508602267352,2.0811508602267352,1,2.6790193001237195,14.46,-240.04152232165967
KO,2019-03-01,OTHER,,0,2,after,1,0.42440639789988255,0.42440639789988255,0,2.6717547273589672,14.78,49.242777554261515
KO,2019-03-11,OTHER,,0,2,after,1,1.5882857938562764,1.5882857938562764,0,2.560585892665436,16.049999,187.49181564963354
KO,2019-04-01,OTHER,,0,2,intraday,1,-0.7484458295956085,0.7484458295956085,0,0.8048210156107556,13.71,-108.56414721067124
KO,2019-04-10,OTHER,,0,2,intraday,1,-0.026501377798027297,0.026501377798027297,0,0.4975658656966668,14.28,-3.8831770972694
KO,2019-04-23,EARNINGS_GUIDANCE,RESULTS,6,2,intraday,1,0.6096702733725562,0.6096702733725562,0,0.4553223263144924,12.42,89.27126227055673
KO,2019-04-25,OTHER,,0,1,after,1,0.2394415152414972,0.2394415152414972,0,0.5286338330720081,13.14,35.004576531840904
KO,2019-07-01,OTHER,,0,2,after,1,1.0422793751688815,1.0422793751688815,0,0.7443934050586306,15.08,151.63355632261894
KO,2019-07-23,EARNINGS_GUIDANCE,RESULTS,6,2,intraday,1,2.90808439981791,2.90808439981791,1,0.582266704762948,13.53,434.04119484860183
KO,2019-09-09,OTHER,,0,2,after,1,-1.0577683710758274,1.0577683710758274,0,0.7987403962442777,15.0,-169.18433106778951
KO,2019-09-23,OTHER,,0,2,after,1,0.5451541426224583,0.5451541426224583,0,0.6649236663139838,15.32,87.68402985225813
KO,2019-10-18,EARNINGS_GUIDANCE,RESULTS,6,2,intraday,1,0.36834941649270314,0.36834941649270314,0,0.8277467571900945,13.79,58.25425534364113
KO,2020-01-15,MANAGEMENT_GOVERNANCE,OFFICER_CHANGE,5,2,after,1,0.5888658308458694,0.5888658308458694,0,0.6755740250305639,12.39,89.266707772588
KO,2020-01-30,EARNINGS_GUIDANCE,RESULTS,6,2,intraday,1,2.0173653614288867,2.0173653614288867,1,0.646081742816654,16.389999,305.51985198128574
KO,2020-03-20,OTHER,,0,2,intraday,1,-6.195929583826001,6.195929583826001,1,4.867387601996173,72.0,-762.0165935920832
KO,2020-03-26,OTHER,,0,2,after,1,1.1333937663439402,1.1333937663439402,0,5.698886912609056,63.950001,139.7538200033659
KO,2020-04-21,EARNINGS_GUIDANCE,RESULTS,6,2,intraday,1,-1.010139552643678,1.010139552643678,0,3.7631496193092,43.830002,-135.68748095907114
KO,2020-04-23,OTHER,,0,1,after,1,-1.2058303156017525,1.2058303156017525,0,3.5979770052613196,41.98,-162.11227177629178
KO,2020-05-04,OTHER,,0,2,pre,1,-0.7580699483104933,0.7580699483104933,0,2.156667217980723,37.189999,-125.90627165350762
KO,2020-07-21,EARNINGS_GUIDANCE,RESULTS,6,2,intraday,1,2.574336752773572,2.574336752773572,1,1.2325137140492008,24.459999,446.1757975541236
KO,2020-08-24,MANAGEMENT_GOVERNANCE,OFFICER_CHANGE,5,3,intraday,1,0.21948259618830834,0.21948259618830834,0,0.7016411021885193,22.540001,38.20493370951029
KO,2020-08-31,OPERATIONAL_ESG,RESTRUCTURING,5,4,after,1,-1.0122786201913652,1.0122786201913652,0,0.9070272215297567,22.959999,-176.4563969184701
KO,2020-09-14,OTHER,,0,2,intraday,1,-0.3115020614628656,0.3115020614628656,0,1.1978877338446456,26.870001,-55.79065002745795
KO,2020-09-21,OTHER,,0,2,after,1,-0.7267735945475918,0.7267735945475918,0,1.0987418551635355,25.83,-130.7437711125585
KO,2020-09-22,OTHER,,0,2,after,1,-0.2905818843894825,0.2905818843894825,0,1.2312099071402056,27.780001,-52.233581045848624
KO,2020-10-06,OTHER,,0,1,after,1,0.16649040321232966,0.16649040321232966,0,0.9574890971520731,27.959999,29.680370429320586
KO,2020-10-21,OTHER,,0,1,after,1,0.33985310789480766,0.33985310789480766,0,0.8589969248120481,29.35,61.85018650730067
KO,2020-10-22,EARNINGS_GUIDANCE,RESULTS,6,2,intraday,1,0.21740967362260988,0.21740967362260988,0,0.6803785123624867,28.65,39.575835554099996
KO,2020-12-11,MANAGEMENT_GOVERNANCE,OFFICER_CHANGE,5,2,after,1,0.5335277683814421,0.5335277683814421,0,0.8025426964337137,22.52,98.11354110380508
KO,2021-02-10,EARNINGS_GUIDANCE,RESULTS,6,3,intraday,1,0.6574962743481305,0.6574962743481305,0,0.7725842069842921,21.629999,125.85872794476704
KO,2021-02-23,MANAGEMENT_GOVERNANCE,OFFICER_CHANGE,5,1,after,1,-0.3288319563617888,0.3288319563617888,0,0.7536121728824912,23.450001,-63.81266206051487
KO,2021-03-01,OTHER,,0,2,intraday,1,0.5558057289963555,0.5558057289963555,0,0.7350821260126065,27.950001,105.91210413369409
KO,2021-03-08,OTHER,,0,2,after,1,-0.3215887069798889,0.3215887069798889,0,0.8953761139216927,24.66,-54.12160015364983
KO,2021-03-09,OTHER,,0,2,after,1,-1.2291580307240415,1.2291580307240415,0,0.938437009721052,25.469999,-206.82870919415208
KO,2021-03-10,OTHER,,0,2,after,1,-0.8299254120784494,0.8299254120784494,0,1.0037732969360134,24.030001,-137.81419596588242
KO,2021-04-09,OTHER,,0,1,after,1,-0.05947946544641436,0.05947946544641436,0,0.7856672955519255,16.950001,-9.336289412575741
KO,2021-04-19,EARNINGS_GUIDANCE,RESULTS,6,3,intraday,2,1.2863441326773901,1.2863441326773901,0,0.6980820805814772,16.25,200.16046098505132
KO,2021-04-22,MANAGEMENT_GOVERNANCE,OFFICER_CHANGE,5,3,after,1,-0.20616616804311205,0.20616616804311205,0,0.689140487877075,17.5,-32.704594558689315
KO,2021-04-23,OTHER,,0,1,after,1,-1.51310532532069,1.51310532532069,0,0.680797820306235,18.709999,-240.92364738977062
KO,2021-04-28,OTHER,,0,2,intraday,1,0.5327181906512409,0.5327181906512409,0,0.5149709195916778,17.559999,84.05066616988631
KO,2021-05-03,OTHER,,0,2,after,1,0.40829256053371216,0.40829256053371216,0,0.5350849553492897,18.610001,63.9277012539728
KO,2021-05-06,OTHER,,0,2,after,1,-0.11947517480364432,0.11947517480364432,0,0.5599891510705463,19.15,-18.5962094247833
KO,2021-05-07,OTHER,,0,2,after,1,0.572247426825067,0.572247426825067,0,0.5841153616837717,18.389999,88.92463202441539
KO,2021-05-13,OTHER,,0,2,after,1,-0.5002586547613045,0.5002586547613045,0,0.6413341855937326,27.59,-78.17600447909159
KO,2021-05-18,OTHER,,0,2,after,1,0.004482656113703277,0.004482656113703277,0,0.6403898955216182,19.719999,0.7025391549735126
KO,2021-05-21,OTHER,,0,1,after,1,-0.258543197181871,0.258543197181871,0,0.6539547226325634,20.67,-40.4423766832146
KO,2021-06-07,OTHER,,0,1,after,1,-0.6846173675074537,0.6846173675074537,0,0.5337010901212865,16.42,-105.05660523104754
KO,2021-07-21,EARNINGS_GUIDANCE,RESULTS,6,2,intraday,1,0.2940159159785903,0.2940159159785903,0,0.7468144483532313,19.73,41.80048507028596
KO,2021-08-24,MANAGEMENT_GOVERNANCE,OFFICER_CHANGE,5,2,intraday,1,-0.6609354982873568,0.6609354982873568,0,0.6441488336558403,17.15,-88.26501071625482
KO,2021-10-27,EARNINGS_GUIDANCE,RESULTS,6,2,intraday,1,2.2436930979617324,2.2436930979617324,1,0.7122146936637976,15.98,255.84776696556486
KO,2021-12-21,MANAGEMENT_GOVERNANCE,OFFICER_CHANGE,5,2,after,1,-0.240979199298279,0.240979199298279,0,1.8568722615192226,22.870001,-26.588071615633122
KO,2022-02-10,EARNINGS_GUIDANCE,RESULTS,6,2,intraday,1,0.5033058432250863,0.5033058432250863,0,1.128736713867704,19.959999,54.151196343435096
KO,2022-02-17,MANAGEMENT_GOVERNANCE,OFFICER_CHANGE,5,2,after,1,3.495574761851923,3.495574761851923,1,1.1919183684201458,24.290001,376.4417442865279
KO,2022-03-07,MANAGEMENT_GOVERNANCE,OFFICER_CHANGE,5,2,after,1,-4.80289785257533,4.80289785257533,1,1.8443633888303628,31.98,-493.99599694294466
KO,2022-03-09,OTHER,,0,2,after,1,-2.417599063893453,2.417599063893453,1,2.337012038567338,35.130001,-248.85052199421932
KO,2022-04-25,EARNINGS_GUIDANCE,RESULTS,6,2,intraday,1,0.4216295342450502,0.4216295342450502,0,0.8047384245150515,28.209999,51.608908446501964
KO,2022-04-28,MANAGEMENT_GOVERNANCE,OFFICER_CHANGE,5,3,after,1,-0.8804185537184555,0.8804185537184555,0,0.936575347748044,31.6,-109.39547451006567
KO,2022-07-21,MANAGEMENT_GOVERNANCE,OFFICER_CHANGE,5,2,intraday,1,-0.07547196574528321,0.07547196574528321,0,1.0311280855723335,23.879999,-10.874982219241883
KO,2022-07-26,EARNINGS_GUIDANCE,RESULTS,6,2,intraday,1,0.3414670686610274,0.3414670686610274,0,0.929558582313605,23.360001,49.547793054071086
KO,2022-08-23,MANAGEMENT_GOVERNANCE,OFFICER_CHANGE,5,2,intraday,1,-0.034340757662236994,0.034340757662236994,0,0.8172195019614364,23.799999,-5.131600613965076
KO,2022-10-25,EARNINGS_GUIDANCE,RESULTS,6,2,intraday,1,1.6659516453123302,1.6659516453123302,0,1.3225494868148016,29.85,252.89039113055492
KO,2022-12-13,OTHER,,0,2,after,1,-0.12278086952177603,0.12278086952177603,0,0.8226145672991987,25.0,-18.371333580438584
KO,2023-02-14,EARNINGS_GUIDANCE,RESULTS,6,2,intraday,1,-1.4488547435695915,1.4488547435695915,0,1.044016975442281,20.34,-196.12999722779654
KO,2023-04-24,EARNINGS_GUIDANCE,RESULTS,6,2,intraday,1,0.3958489198837038,0.3958489198837038,0,0.38271241601019357,16.77,51.77390506708674
KO,2023-04-27,OTHER,,0,1,after,1,-0.45146530515669836,0.45146530515669836,0,0.40911055229150894,18.84,-58.54210934495381
KO,2023-07-20,MANAGEMENT_GOVERNANCE,OFFICER_CHANGE,5,2,after,1,1.653294108617962,1.653294108617962,0,1.10923676613276,13.76,170.58277034845665
KO,2023-07-26,EARNINGS_GUIDANCE,RESULTS,6,2,intraday,1,0.687623799632568,0.687623799632568,0,1.1035463370173333,13.86,70.98984086250475
KO,2023-10-23,OTHER,,0,2,after,1,1.763761992229216,1.763761992229216,0,2.0374513628489854,21.709999,175.8113234879738
KO,2023-10-24,EARNINGS_GUIDANCE,RESULTS,6,2,intraday,1,4.068741258805496,4.068741258805496,1,2.02753186599908,20.370001,406.53855885911946
KO,2024-02-13,EARNINGS_GUIDANCE,RESULTS,6,2,intraday,1,-0.41636646890235124,0.41636646890235124,0,1.0259723510362817,13.93,-46.0011155995366
KO,2024-04-30,EARNINGS_GUIDANCE,RESULTS,6,2,intraday,1,0.627724539886281,0.627724539886281,0,1.0697921220784494,14.67,70.98191084521126
KO,2024-05-03,MANAGEMENT_GOVERNANCE,OFFICER_CHANGE,5,3,after,1,-0.1646057000951645,0.1646057000951645,0,0.9854840669675681,14.68,-18.536589610653216
KO,2024-05-09,OTHER,,0,2,after,1,0.42285506327029837,0.42285506327029837,0,0.8582429569780058,13.0,46.806127826682285
KO,2024-05-14,OTHER,,0,2,after,1,-1.2008122251944915,1.2008122251944915,0,0.6967471335832733,13.6,-132.38097741348508
KO,2024-05-15,OTHER,,0,2,after,1,0.008156128138091884,0.008156128138091884,0,0.7592942020310085,13.42,0.8981228270946335
KO,2024-07-23,EARNINGS_GUIDANCE,RESULTS,6,2,intraday,1,2.3113570048818346,2.3113570048818346,1,0.8906534603136296,14.91,252.3791260097609
KO,2024-07-24,MANAGEMENT_GOVERNANCE,OFFICER_CHANGE,5,2,after,1,2.522898918948782,2.522898918948782,1,0.8908236903840434,14.72,275.4169576829824
KO,2024-08-12,OTHER,,0,2,after,1,-0.8236005049290754,0.8236005049290754,0,1.290058763682369,20.370001,-91.89364570392814
KO,2024-08-15,OTHER,,0,2,after,1,0.15965061147832257,0.15965061147832257,0,1.2316438370748743,16.190001,17.828447327280756
KO,2024-08-16,OTHER,,0,2,after,1,0.05002370160718157,0.05002370160718157,0,1.2316501166013352,15.23,5.577591916415738
KO,2024-08-22,MANAGEMENT_GOVERNANCE,OFFICER_CHANGE,5,2,after,1,0.21147189327236623,0.21147189327236623,0,1.1777720849565598,16.27,23.615212244558816
KO,2024-10-18,MANAGEMENT_GOVERNANCE,OFFICER_CHANGE,5,2,after,1,-0.8255318109376698,0.8255318109376698,0,0.9812763529626632,19.110001,-85.01998472553278
KO,2024-10-23,EARNINGS_GUIDANCE,RESULTS,6,2,intraday,1,-3.147560138836773,3.147560138836773,1,0.9762347398825167,18.200001,-324.33984207210693
KO,2024-12-12,MANAGEMENT_GOVERNANCE,OFFICER_CHANGE,5,2,after,1,0.6615519036870762,0.6615519036870762,0,1.110433002930283,13.58,71.99611209257847
KO,2024-12-17,MANAGEMENT_GOVERNANCE,OFFICER_CHANGE,5,2,after,1,0.6867216543939472,0.6867216543939472,0,1.2410479819367954,14.69,74.81262813029149
KO,2025-02-11,EARNINGS_GUIDANCE,RESULTS,6,2,intraday,1,5.362175890205949,5.362175890205949,1,1.4681957754340067,15.81,620.6115777411544
KO,2025-03-28,OTHER,,0,2,after,1,0.7125951876806701,0.7125951876806701,0,1.2213298660621263,18.690001,95.32666487929849
KO,2025-04-29,EARNINGS_GUIDANCE,RESULTS,6,2,intraday,1,0.6804585304564583,0.6804585304564583,0,1.6555219671005719,25.15,95.5834719604683
KO,2025-05-05,OTHER,,0,2,after,1,-0.08176434345078291,0.08176434345078291,0,1.5455113812664907,22.68,-11.555991901752478
KO,2025-06-26,OTHER,,0,2,intraday,1,0.5165242544103087,0.5165242544103087,0,0.6935173341589688,16.76,81.20398951772145
KO,2025-07-22,EARNINGS_GUIDANCE,RESULTS,6,2,intraday,1,-0.921472700618661,0.921472700618661,0,0.7865351065613505,16.65,-145.64402594588176
KO,2025-10-17,MANAGEMENT_GOVERNANCE,OFFICER_CHANGE,5,2,after,1,0.659545540474206,0.659545540474206,0,0.6333862014568838,25.309999,105.58809003846898
KO,2025-10-21,EARNINGS_GUIDANCE,RESULTS,6,2,intraday,1,2.1069803964717884,2.1069803964717884,1,0.6648341978693718,18.23,337.2645157204698
KO,2025-12-11,MANAGEMENT_GOVERNANCE,OFFICER_CHANGE,5,2,after,1,0.22524243714446435,0.22524243714446435,0,0.7269337875865431,15.77,36.58043787898465
KO,2026-01-14,MANAGEMENT_GOVERNANCE,OFFICER_CHANGE,5,2,intraday,1,-0.761269172761028,0.761269172761028,0,0.8159758790638623,15.98,-124.32117231258616
KO,2026-02-10,EARNINGS_GUIDANCE,RESULTS,6,2,intraday,1,0.5296978457342165,0.5296978457342165,0,0.9115392069431694,17.360001,80.02414202445621
KO,2026-02-20,MANAGEMENT_GOVERNANCE,OFFICER_CHANGE,5,2,intraday,1,1.394532837446034,1.394532837446034,0,1.0413968258747068,20.23,211.32132647132522
KO,2026-04-28,EARNINGS_GUIDANCE,RESULTS,6,2,intraday,1,3.0518478997281644,3.0518478997281644,1,1.1017547278827502,18.02,424.3077189810514
KO,2026-05-04,OTHER,,0,1,after,1,-0.13091968429449657,0.13091968429449657,0,1.367753332666252,16.99,-18.418126473296127
KO,2026-06-26,MANAGEMENT_GOVERNANCE,OFFICER_CHANGE,5,2,after,1,1.8783413136086913,1.8783413136086913,0,1.4677797180717254,18.889999,269.6992952872787
KO,2026-07-17,OTHER,,0,1,after,1,-2.4983677974629326,2.4983677974629326,1,1.4543523343725218,16.73,-362.02954948290693
KO,2026-07-28,EARNINGS_GUIDANCE,RESULTS,6,2,intraday,1,3.524872700522284,3.524872700522284,1,1.6600527522487047,18.67,527.2117372967093
LIN,2018-11-01,LEGAL_REGULATORY,DELISTING_NOTICE,7,9,after,1,-2.8932282611394387,2.8932282611394387,1,1.7208855256607503,21.23,-397.32208426259257
LIN,2018-11-02,OTHER,,0,1,after,1,0.06295504665825385,0.06295504665825385,0,1.7739054335393585,19.34,8.624669898553817
LIN,2018-12-07,MA_CORPORATE_ACTION,ACQUISITION_COMPLETED,6,3,after,2,1.8848177322950845,1.8848177322950845,0,1.7503782968867552,21.190001,287.36861456181606
LIN,2019-01-25,MANAGEMENT_GOVERNANCE,OFFICER_CHANGE,5,2,pre,1,0.21553939548015502,0.21553939548015502,0,1.2395656973788198,18.889999,35.925629353472374
LIN,2019-03-05,OTHER,,0,1,after,1,0.46593023541485173,0.46593023541485173,0,1.151541962313814,14.63,77.74100358801188
LIN,2019-03-08,MA_CORPORATE_ACTION,ACQUISITION_COMPLETED,6,3,pre,1,0.6413326840644237,0.6413326840644237,0,1.0619661552458262,16.59,107.15221173392555
LIN,2019-04-04,MA_CORPORATE_ACTION,MATERIAL_AGREEMENT,5,2,pre,1,0.16733068689430927,0.16733068689430927,0,1.0831888051863823,13.74,28.344048130162925
LIN,2019-05-13,EARNINGS_GUIDANCE,RESULTS,6,2,after,1,0.4564656449177101,0.4564656449177101,0,1.2606483126712529,16.040001,78.61901998622773
LIN,2019-07-31,OTHER,,0,1,pre,1,-1.0656964615321174,1.0656964615321174,0,0.6965531469900129,13.94,-189.92464969168893
LIN,2019-08-06,EARNINGS_GUIDANCE,RESULTS,6,2,after,1,-0.763457088042668,0.763457088042668,0,0.8754576836271392,24.59,-136.52958283430917
LIN,2019-09-09,MA_CORPORATE_ACTION,MATERIAL_AGREEMENT,5,2,after,1,-1.2978624753900472,1.2978624753900472,0,0.965809128679828,15.0,-227.3210442605483
LIN,2019-09-16,OTHER,,0,2,pre,1,-0.07310756672557561,0.07310756672557561,0,0.8374117610245939,13.74,-12.882326932759264
LIN,2019-11-13,EARNINGS_GUIDANCE,RESULTS,6,2,pre,1,0.6543415367222293,0.6543415367222293,0,0.7030063858833513,12.68,105.10635682596147
LIN,2019-11-15,EARNINGS_GUIDANCE,RESULTS,6,2,pre,1,-0.3479256963768768,0.3479256963768768,0,0.7083734870414958,13.05,-55.570159937021764
LIN,2020-03-20,MANAGEMENT_GOVERNANCE,OFFICER_CHANGE,5,1,pre,1,2.416443352403074,2.416443352403074,1,5.115327213717185,72.0,338.13655035642574
LIN,2020-05-07,EARNINGS_GUIDANCE,RESULTS,6,2,intraday,1,1.6627494047404292,1.6627494047404292,0,1.9418188852330673,34.119999,246.65721425999018
LIN,2020-05-27,OTHER,,0,2,after,1,1.556016787761664,1.556016787761664,0,2.0325271338945483,28.01,233.6608324979695
LIN,2020-07-31,EARNINGS_GUIDANCE,RESULTS,6,2,after,1,-0.3868046202965982,0.3868046202965982,0,1.105151378386218,24.76,-60.570745443237655
LIN,2020-08-03,OTHER,,0,1,after,1,-1.0629717169119575,1.0629717169119575,0,1.0891443978974382,24.459999,-166.493170076186
LIN,2020-08-11,OTHER,,0,2,after,1,0.9481373712515333,0.9481373712515333,0,1.0807810019499153,22.129999,148.20962398254852
LIN,2020-10-27,MANAGEMENT_GOVERNANCE,OFFICER_CHANGE,5,2,after,1,-0.7761996575741381,0.7761996575741381,0,1.2860122077566878,32.459999,-124.4768774331324
LIN,2020-11-06,EARNINGS_GUIDANCE,RESULTS,6,2,after,1,1.0897878594983477,1.0897878594983477,0,1.9250022979228965,27.58,176.5108202463675
LIN,2021-01-20,MANAGEMENT_GOVERNANCE,OFFICER_CHANGE,5,1,after,1,-2.1161194241769077,2.1161194241769077,1,1.0155437641468246,23.24,-377.7049497855009
LIN,2021-02-08,EARNINGS_GUIDANCE,RESULTS,6,2,after,1,-0.7729199485782372,0.7729199485782372,0,1.498962944519226,20.870001,-138.43836407279235
LIN,2021-05-06,EARNINGS_GUIDANCE,RESULTS,6,2,intraday,1,0.5140130984683394,0.5140130984683394,0,0.9771681834986224,19.15,87.56975924337
LIN,2021-07-29,OTHER,,0,1,pre,1,2.3417024897645367,2.3417024897645367,1,1.0044111475785962,18.309999,365.3555502495983
LIN,2021-07-30,EARNINGS_GUIDANCE,RESULTS,6,2,intraday,1,0.6950028848309462,0.6950028848309462,0,1.0101167657907308,17.700001,108.49862478613564
LIN,2021-10-01,OTHER,,0,2,pre,1,0.3341699531879165,0.3341699531879165,0,1.0884252450410399,23.139999,50.51721594900757
LIN,2021-10-26,MANAGEMENT_GOVERNANCE,OFFICER_CHANGE,5,3,after,1,0.7824278272861579,0.7824278272861579,0,1.2652561512809568,15.24,110.70700392748954
LIN,2021-10-28,EARNINGS_GUIDANCE,RESULTS,6,2,intraday,1,-0.7539540033136146,0.7539540033136146,0,1.0501058258152025,16.98,-105.02972459179105
LIN,2021-11-19,MANAGEMENT_GOVERNANCE,OFFICER_CHANGE,5,2,pre,1,0.07237185403348466,0.07237185403348466,0,0.7206399342603119,17.59,9.645984776841619
LIN,2022-02-11,EARNINGS_GUIDANCE,RESULTS,6,2,after,1,-2.6792886201858153,2.6792886201858153,1,2.081556041512915,23.91,-299.18252066569795
LIN,2022-04-01,OTHER,,0,2,pre,1,-0.2792399619884309,0.2792399619884309,0,2.6742223370754132,20.559999,-37.19348010985762
LIN,2022-04-28,EARNINGS_GUIDANCE,RESULTS,6,2,intraday,1,1.9107776180713292,1.9107776180713292,0,1.6346405406074123,31.6,289.876582795379
LIN,2022-07-28,EARNINGS_GUIDANCE,RESULTS,6,2,intraday,1,0.7558155488129443,0.7558155488129443,0,1.2138564968778183,23.24,120.53465640824004
LIN,2022-08-01,OTHER,,0,1,after,1,-0.4388744890359238,0.4388744890359238,0,1.2166044359187216,21.33,-69.94718606177615
LIN,2022-10-25,OTHER,,0,2,after,1,2.972518296200972,2.972518296200972,1,1.6682882298478185,29.85,499.0208482754427
LIN,2022-10-27,EARNINGS_GUIDANCE,RESULTS,6,2,intraday,1,0.34937669946526373,0.34937669946526373,0,1.7714081486610622,27.280001,58.714693872401156
LIN,2022-12-06,OTHER,,0,2,after,1,0.31375736044088226,0.31375736044088226,0,1.111250459530442,20.75,54.60822588366341
LIN,2022-12-09,MA_CORPORATE_ACTION,MATERIAL_AGREEMENT,5,3,pre,1,-0.1976758842064871,0.1976758842064871,0,0.8060271887410034,22.290001,-35.04916428248269
LIN,2023-01-24,OTHER,,0,1,after,1,-0.16950092074186635,0.16950092074186635,0,1.4636832465104508,19.809999,-28.11546015402535
LIN,2023-01-25,MANAGEMENT_GOVERNANCE,OFFICER_CHANGE,5,1,after,1,-0.6597050682604063,0.6597050682604063,0,1.4177348134454157,19.200001,-109.6296855714697
LIN,2023-02-08,EARNINGS_GUIDANCE,RESULTS,6,2,after,1,0.11268732938896835,0.11268732938896835,0,1.3707872269935653,18.66,18.124531444049857
LIN,2023-04-27,EARNINGS_GUIDANCE,RESULTS,6,2,intraday,1,-0.899575727030619,0.899575727030619,0,0.45788706507033866,18.84,-143.97827705007649
LIN,2023-05-01,MANAGEMENT_GOVERNANCE,OFFICER_CHANGE,5,2,after,1,0.6864234594503201,0.6864234594503201,0,0.4456060852152036,15.78,110.30142383607195
LIN,2023-06-13,OTHER,,0,2,pre,1,1.6122190782717076,1.6122190782717076,0,1.0027460448543237,15.01,246.1083276794215
LIN,2023-07-27,EARNINGS_GUIDANCE,RESULTS,6,2,intraday,1,-0.19082658477220604,0.19082658477220604,0,0.991939887483614,13.19,-29.18946877345765
LIN,2023-07-31,OTHER,,0,3,after,1,-0.059622184250132056,0.059622184250132056,0,1.0278141288060656,13.33,-9.095637779555593
LIN,2023-10-26,LEGAL_REGULATORY,DELISTING_NOTICE,7,4,intraday,1,2.0838501532524654,2.0838501532524654,1,1.040017405396303,20.190001,288.8849054696069
LIN,2023-12-07,MA_CORPORATE_ACTION,MATERIAL_AGREEMENT,5,3,pre,1,-0.6111946291248536,0.6111946291248536,0,0.8383025812110702,12.97,-85.35353068618977
LIN,2024-02-07,EARNINGS_GUIDANCE,RESULTS,6,2,after,1,-0.8012654426528488,0.8012654426528488,0,1.064692652941326,13.06,-116.00211402009161
LIN,2024-02-15,OTHER,,0,2,pre,1,2.173365481247103,2.173365481247103,1,1.1646099821510478,14.38,289.0331638389603
LIN,2024-02-29,MANAGEMENT_GOVERNANCE,OFFICER_CHANGE,5,2,after,1,-1.1320480077922717,1.1320480077922717,0,1.3620981476792529,13.84,-144.15993872653343
LIN,2024-05-01,MANAGEMENT_GOVERNANCE,OFFICER_CHANGE,5,2,after,1,-4.043050136362028,4.043050136362028,1,0.7492856542672689,15.65,-548.452074175106
LIN,2024-05-02,EARNINGS_GUIDANCE,RESULTS,6,2,intraday,1,-4.3342350512392755,4.3342350512392755,1,0.7558141952164825,15.39,-586.8012345603192
LIN,2024-06-05,OTHER,,0,2,pre,1,-0.15451061726806398,0.15451061726806398,0,0.6852520245504338,13.16,-19.95047138100048
LIN,2024-08-02,EARNINGS_GUIDANCE,RESULTS,6,2,intraday,1,0.07405012261338914,0.07405012261338914,0,0.8251913562942614,18.59,10.138979131932377
LIN,2024-08-05,OTHER,,0,2,pre,1,-0.6817918981644644,0.6817918981644644,0,0.8047521894242229,23.389999,-93.31306555650808
LIN,2024-10-31,EARNINGS_GUIDANCE,RESULTS,6,2,intraday,1,-2.1340122753656954,2.1340122753656954,1,0.7300168581149524,20.35,-283.4979111511491
LIN,2024-11-05,MANAGEMENT_GOVERNANCE,OFFICER_CHANGE,5,2,pre,1,-0.5249372097945593,0.5249372097945593,0,1.0749551365775118,21.98,-69.67342371636629
LIN,2024-12-03,MANAGEMENT_GOVERNANCE,OFFICER_CHANGE,5,2,pre,1,-0.114918998861737,0.114918998861737,0,0.982861048494656,13.34,-13.217665812163101
LIN,2024-12-05,MA_CORPORATE_ACTION,MATERIAL_AGREEMENT,5,3,pre,1,-1.9848209987377015,1.9848209987377015,0,0.8264637384113437,13.45,-227.95396775442669
LIN,2025-02-07,EARNINGS_GUIDANCE,RESULTS,6,2,after,1,0.25361315344547647,0.25361315344547647,0,1.0458329659817953,15.5,29.12656424885874
LIN,2025-02-19,OTHER,,0,2,pre,1,-0.5278452360878424,0.5278452360878424,0,1.1064777608176823,15.35,-60.20136413514936
LIN,2025-05-01,EARNINGS_GUIDANCE,RESULTS,6,2,intraday,1,-0.6472140782403741,0.6472140782403741,0,3.4966441055805872,24.700001,-71.06082446336849
LIN,2025-06-06,OTHER,,0,2,pre,1,-0.2135313275783256,0.2135313275783256,0,0.9719706981485674,18.48,-26.850751557236638
LIN,2025-08-01,EARNINGS_GUIDANCE,RESULTS,6,2,intraday,1,1.3524512926056336,1.3524512926056336,0,0.8724741099626311,16.719999,169.657778154523
LIN,2025-08-04,OTHER,,0,2,after,1,1.3408355092542328,1.3408355092542328,0,0.8473820628117893,20.379999,168.6021260963577
LIN,2025-08-08,MANAGEMENT_GOVERNANCE,OFFICER_CHANGE,5,2,after,1,-0.07585353792031604,0.07585353792031604,0,0.9545953368538508,16.57,-9.558095788904652
LIN,2025-09-29,MANAGEMENT_GOVERNANCE,OFFICER_CHANGE,5,2,intraday,1,-0.1770306432794646,0.1770306432794646,0,1.0397507452147379,15.29,-22.53349527865176
LIN,2025-10-31,EARNINGS_GUIDANCE,RESULTS,6,2,intraday,1,-3.5121561339059135,3.5121561339059135,1,1.0550031300498568,16.91,-449.9320394383746
LIN,2025-11-21,OTHER,,0,2,pre,1,-1.2437165339325822,1.2437165339325822,0,1.1857319924246223,26.42,-161.94558351440836
LIN,2025-12-04,MA_CORPORATE_ACTION,MATERIAL_AGREEMENT,5,3,pre,1,-1.9592376718767632,1.9592376718767632,0,0.9304857995238094,16.08,-251.3049874329401
LIN,2026-02-06,EARNINGS_GUIDANCE,RESULTS,6,2,after,1,-1.379756523556156,1.379756523556156,0,1.07744933578778,21.77,-195.8359557532094
LIN,2026-05-01,EARNINGS_GUIDANCE,RESULTS,6,2,intraday,1,-1.1041239548248152,1.1041239548248152,0,1.0629276384303914,16.889999,-156.59833572954446
LIN,2026-05-14,OTHER,,0,2,pre,1,-0.947326006737013,0.947326006737013,0,1.2949866347856307,17.870001,-138.1733732709135
LIN,2026-07-31,EARNINGS_GUIDANCE,RESULTS,6,4,intraday,2,-3.7812766288534587,3.7812766288534587,1,0.8458444105330994,17.09,-605.6263661982964
LLY,2008-01-30,EARNINGS_GUIDANCE,RESULTS,6,2,pre,1,-1.9701194762131522,1.9701194762131522,0,2.0850594324803815,27.32,-255.46657738852778
LLY,2008-02-20,MANAGEMENT_GOVERNANCE,OFFICER_CHANGE,5,1,pre,1,-0.4319649874986803,0.4319649874986803,0,1.1637745614501072,25.59,-62.58481433676846
LLY,2008-03-14,EARNINGS_GUIDANCE,IMPAIRMENT,6,2,after,1,0.8454618433788242,0.8454618433788242,0,1.2975574857616319,27.290001,126.64063733606065
LLY,2008-04-21,EARNINGS_GUIDANCE,RESULTS,6,2,intraday,1,-3.7358944183526104,3.7358944183526104,1,1.0924008484082866,20.129999,-567.198595527785
LLY,2008-04-28,MANAGEMENT_GOVERNANCE,OFFICER_CHANGE,5,3,after,1,-1.466458660909083,1.466458660909083,0,1.488504052163561,19.59,-224.71126380561947
LLY,2008-07-24,EARNINGS_GUIDANCE,RESULTS,6,2,intraday,1,1.0845559327238368,1.0845559327238368,0,1.29594146124691,21.309999,181.30981770712563
LLY,2008-10-07,OTHER,,0,2,after,1,1.5705978431341743,1.5705978431341743,0,2.0068878807946313,52.049999,281.311881753364
LLY,2008-10-13,MA_CORPORATE_ACTION,MATERIAL_AGREEMENT,5,2,pre,1,2.2722355972430464,2.2722355972430464,1,3.2162412561289226,69.949997,373.62828695719867
LLY,2008-10-23,EARNINGS_GUIDANCE,RESULTS,6,3,intraday,1,0.6295587702934372,0.6295587702934372,0,4.749430348487571,69.650002,104.48202848543087
LLY,2008-12-12,OTHER,,0,3,after,1,-0.272006162567359,0.272006162567359,0,2.7674571138512274,55.779999,-59.27987985510606
LLY,2009-01-13,OTHER,,0,1,pre,1,0.36256520247692836,0.36256520247692836,0,1.4043574148343299,45.84,78.69521217910525
LLY,2009-01-30,EARNINGS_GUIDANCE,RESULTS,6,2,after,1,0.021752258698862898,0.021752258698862898,0,1.0765369898564632,42.630001,4.914281481294726
LLY,2009-02-06,MA_CORPORATE_ACTION,MATERIAL_AGREEMENT,5,1,pre,1,-1.1568640129679248,1.1568640129679248,0,1.1814616781192142,43.73,-264.8648383865918
LLY,2009-02-19,MANAGEMENT_GOVERNANCE,OFFICER_CHANGE,5,1,after,1,-0.7711255059515818,0.7711255059515818,0,1.1494178785576004,48.459999,-178.66792709431007
LLY,2009-03-09,OTHER,,0,2,pre,1,0.9086780859117916,0.9086780859117916,0,1.5944503989519443,49.330002,207.50298879540398
LLY,2009-04-21,EARNINGS_GUIDANCE,RESULTS,6,2,after,1,-0.8288563846677061,0.8288563846677061,0,1.1109674179450924,39.18,-192.64039549587412
LLY,2009-06-03,MANAGEMENT_GOVERNANCE,OFFICER_CHANGE,5,1,after,1,-0.6826523554593603,0.6826523554593603,0,0.9925720627544691,29.629999,-164.92065364086727
LLY,2009-07-15,OTHER,,0,1,pre,1,0.15431867586062015,0.15431867586062015,0,0.9369698999421833,25.02,37.94555572093799
LLY,2009-07-22,EARNINGS_GUIDANCE,RESULTS,6,2,intraday,1,-0.9033370601488926,0.9033370601488926,0,0.9592607608064697,23.870001,-220.64711695414582
LLY,2009-10-15,EARNINGS_GUIDANCE,IMPAIRMENT,6,2,after,1,0.8694546351666057,0.8694546351666057,0,0.6203566250627396,22.860001,183.63249073450834
LLY,2009-10-21,EARNINGS_GUIDANCE,RESULTS,6,2,intraday,1,-1.5665479397215956,1.5665479397215956,0,0.7236957745955624,20.9,-330.9819893105528
LLY,2009-11-20,MANAGEMENT_GOVERNANCE,OFFICER_CHANGE,5,1,after,1,0.7036713325184919,0.7036713325184919,0,0.6545788775069512,22.629999,135.90326598367417
LLY,2009-12-11,OTHER,,0,2,after,1,0.5962518295897344,0.5962518295897344,0,1.0111233331696692,22.32,111.03849416262545
LLY,2010-01-29,EARNINGS_GUIDANCE,RESULTS,6,2,after,1,-1.2292455266186946,1.2292455266186946,0,0.9757449957286505,23.73,-227.65257492449877
LLY,2010-04-19,EARNINGS_GUIDANCE,RESULTS,6,2,intraday,1,-0.4310888120995545,0.4310888120995545,0,0.6944940299665655,18.360001,-68.03922623673697
LLY,2010-04-20,OTHER,,0,1,pre,1,-1.2189760191947367,1.2189760191947367,0,0.6598155627349647,17.34,-192.14591707170516
LLY,2010-07-23,EARNINGS_GUIDANCE,RESULTS,6,2,after,1,-0.09453112868228258,0.09453112868228258,0,1.2111654673080168,24.629999,-12.268977261108764
LLY,2010-10-21,EARNINGS_GUIDANCE,RESULTS,6,3,intraday,1,-1.5628915202909532,1.5628915202909532,0,1.3076132697010456,19.790001,-192.83518073911853
LLY,2011-01-28,EARNINGS_GUIDANCE,RESULTS,6,2,after,1,-1.349946818861571,1.349946818861571,0,0.7755098020405863,16.15,-148.87706811401645
LLY,2011-04-18,EARNINGS_GUIDANCE,RESULTS,6,2,intraday,1,-0.5350565222445737,0.5350565222445737,0,0.85422456638454,15.32,-57.65245672241667
LLY,2011-04-20,OTHER,,0,1,after,1,0.6117599286179785,0.6117599286179785,0,0.9156154392072999,15.83,65.95735140079319
LLY,2011-06-30,OTHER,,0,2,intraday,1,-0.20098892542806573,0.20098892542806573,0,1.18525139050479,17.27,-21.413862425014248
LLY,2011-07-21,EARNINGS_GUIDANCE,RESULTS,6,2,intraday,1,0.6450818640309128,0.6450818640309128,0,1.1952433617106577,19.09,68.32909765809598
LLY,2011-09-15,OTHER,,0,1,pre,1,0.4495889000372308,0.4495889000372308,0,2.054048413771034,34.599998,46.9887205631012
LLY,2011-10-20,EARNINGS_GUIDANCE,RESULTS,6,2,intraday,1,-3.171997182269981,3.171997182269981,1,1.6343525474922354,34.439999,-316.6425157377863
LLY,2011-12-13,MANAGEMENT_GOVERNANCE,OFFICER_CHANGE,5,1,pre,1,3.3293267871980463,3.3293267871980463,1,2.187429681631523,25.67,374.66457039355015
LLY,2012-01-06,EARNINGS_GUIDANCE,RESULTS,6,4,after,2,-1.165137576844091,1.165137576844091,0,1.6411423171044304,21.48,-132.96898536431462
LLY,2012-02-01,EARNINGS_GUIDANCE,RESULTS,6,2,after,1,-0.9441403135594992,0.9441403135594992,0,1.0717230044406791,19.440001,-119.841763820233
LLY,2012-02-28,OTHER,,0,2,after,1,0.031977640240602255,0.031977640240602255,0,0.6528626654776007,18.190001,4.198698983144773
LLY,2012-04-20,OTHER,,0,1,after,1,0.37566713029643073,0.37566713029643073,0,0.7228327237745447,18.360001,48.355964200409325
LLY,2012-04-25,EARNINGS_GUIDANCE,RESULTS,6,2,intraday,1,0.7614357764624188,0.7614357764624188,0,0.694963497005071,18.1,98.22247617067352
LLY,2012-06-05,MANAGEMENT_GOVERNANCE,OFFICER_CHANGE,5,1,after,1,0.211393855343151,0.211393855343151,0,0.8688333457519691,26.120001,26.57213691842711
LLY,2012-07-25,EARNINGS_GUIDANCE,RESULTS,6,2,intraday,1,2.246880775469014,2.246880775469014,1,1.4993404002427189,20.469999,270.0173733088908
LLY,2012-08-10,EARNINGS_GUIDANCE,RESULTS,6,2,after,1,0.9736723514610038,0.9736723514610038,0,1.861150324242891,15.28,113.72230617975706
LLY,2012-10-22,MANAGEMENT_GOVERNANCE,OFFICER_CHANGE,5,1,after,1,-0.9032381350215543,0.9032381350215543,0,2.062926237985387,17.059999,-110.63179695821783
LLY,2012-10-24,EARNINGS_GUIDANCE,RESULTS,6,2,intraday,1,-1.4578961547801716,1.4578961547801716,0,2.1239469009560734,18.83,-178.08310704279035
LLY,2013-01-07,EARNINGS_GUIDANCE,RESULTS,6,2,after,1,0.6007669854664753,0.6007669854664753,0,1.7513974558429035,13.83,78.1147903011738
LLY,2013-01-30,EARNINGS_GUIDANCE,RESULTS,6,2,after,1,-0.7305001597556546,0.7305001597556546,0,1.4679394281926856,13.31,-97.70096595277505
LLY,2013-04-24,EARNINGS_GUIDANCE,RESULTS,6,2,intraday,1,-2.7164072335734963,2.7164072335734963,1,1.0186019671033535,13.48,-393.12257664019137
LLY,2013-05-07,MANAGEMENT_GOVERNANCE,OFFICER_CHANGE,5,2,pre,2,-0.6364997114157366,0.6364997114157366,0,1.4224625914920113,12.66,-91.70235752958122
LLY,2013-07-09,MANAGEMENT_GOVERNANCE,OFFICER_CHANGE,5,2,after,1,-0.1258723921887222,0.1258723921887222,0,1.234377607855049,14.78,-19.742025305548236
LLY,2013-07-24,EARNINGS_GUIDANCE,RESULTS,6,2,intraday,1,2.0675439910844227,2.0675439910844227,1,0.9362531814530519,12.66,306.34363992673366
LLY,2013-08-29,MANAGEMENT_GOVERNANCE,OFFICER_CHANGE,5,2,after,1,-0.005256853231541946,0.005256853231541946,0,0.9583097580925991,16.49,-0.7683776548530639
LLY,2013-10-03,OTHER,,0,2,intraday,1,-3.1016112181918847,3.1016112181918847,1,0.9733327465923621,16.6,-416.5107677925084
LLY,2013-10-23,EARNINGS_GUIDANCE,RESULTS,6,6,intraday,3,0.7213861993812201,0.7213861993812201,0,1.4657647329123564,13.33,93.9899956014989
LLY,2014-01-08,EARNINGS_GUIDANCE,RESULTS,6,2,after,1,0.8211050166643763,0.8211050166643763,0,0.9998390386332872,12.92,106.28167030524389
LLY,2014-01-31,EARNINGS_GUIDANCE,RESULTS,6,2,after,1,1.1376586300126044,1.1376586300126044,0,1.3064976179074956,17.290001,143.18189420025925
LLY,2014-02-25,OTHER,,0,2,pre,1,0.9984949684484994,0.9984949684484994,0,1.6946116464563716,14.23,127.24648280776282
LLY,2014-04-23,MA_CORPORATE_ACTION,MATERIAL_AGREEMENT,5,3,after,1,-1.5925263698390024,1.5925263698390024,0,1.2692267430011288,13.19,-221.64368296807658
LLY,2014-04-24,EARNINGS_GUIDANCE,RESULTS,6,2,intraday,1,-0.918510641522465,0.918510641522465,0,1.2837300756738277,13.27,-128.35939768730364
LLY,2014-05-07,OTHER,,0,1,after,1,0.9267650677708243,0.9267650677708243,0,1.3368070264728833,13.8,127.1491434602612
LLY,2014-07-24,EARNINGS_GUIDANCE,RESULTS,6,2,intraday,1,-0.276162495974608,0.276162495974608,0,0.7098677305369453,11.52,-37.37106467509544
LLY,2014-10-23,EARNINGS_GUIDANCE,RESULTS,6,2,intraday,1,0.24443068489215242,0.24443068489215242,0,1.2627875548145497,17.870001,30.585632893570455
LLY,2014-12-22,MANAGEMENT_GOVERNANCE,OFFICER_CHANGE,5,1,after,1,-3.351017971197633,3.351017971197633,1,1.5622311069077524,16.49,-436.4543124418714
LLY,2015-01-08,MA_CORPORATE_ACTION,ACQUISITION_COMPLETED,6,2,after,2,0.12006637841556789,0.12006637841556789,0,1.559260771512452,19.309999,15.098319279634229
LLY,2015-02-02,EARNINGS_GUIDANCE,RESULTS,6,1,after,1,-3.12144145101777,3.12144145101777,1,1.0405575640346183,20.969999,-399.34042756192196
LLY,2015-02-27,OTHER,,0,2,after,1,0.9980196861337329,0.9980196861337329,0,1.0307994568891878,13.91,120.57783560639822
LLY,2015-04-23,EARNINGS_GUIDANCE,RESULTS,6,2,intraday,1,-1.195611162678904,1.195611162678904,0,1.0547160052118916,12.71,-143.90991525259588
LLY,2015-05-07,OTHER,,0,1,after,1,0.07491448129379052,0.07491448129379052,0,1.0959863410833717,15.15,9.115002377345307
LLY,2015-05-29,OTHER,,0,1,pre,1,2.906458242623088,2.906458242623088,1,1.1119583898756997,13.31,359.9149660142273
LLY,2015-07-24,EARNINGS_GUIDANCE,RESULTS,6,2,after,1,-1.3874477374262142,1.3874477374262142,0,1.4799098615235542,12.64,-198.78196442773887
LLY,2015-10-22,EARNINGS_GUIDANCE,RESULTS,6,2,intraday,1,-0.6211430643059077,0.6211430643059077,0,2.3783262421603135,16.700001,-102.66352175654221
LLY,2015-12-16,MANAGEMENT_GOVERNANCE,OFFICER_CHANGE,5,1,pre,1,0.3930706337279528,0.3930706337279528,0,1.490206460615217,20.950001,80.77182380104868
LLY,2016-01-06,OTHER,,0,1,after,1,0.10454177922233053,0.10454177922233053,0,0.9879467032181973,19.34,21.261016370253213
LLY,2016-01-29,OTHER,,0,1,after,1,-0.31593642489580825,0.31593642489580825,0,1.411929773675825,22.42,-66.0847131749969
LLY,2016-04-26,OTHER,,0,1,intraday,1,-0.9603463283454391,0.9603463283454391,0,0.5308909263744278,14.08,-218.09331889035846
LLY,2016-05-09,OTHER,,0,1,pre,1,0.7759132475647565,0.7759132475647565,0,0.6100811300458597,14.72,185.3416650049673
LLY,2016-05-10,OTHER,,0,1,after,1,0.5835131321979209,0.5835131321979209,0,0.6263734665868457,14.57,139.38323106772353
LLY,2016-07-26,EARNINGS_GUIDANCE,RESULTS,6,2,intraday,1,0.8582157894623555,0.8582157894623555,0,0.669234712163905,12.87,190.3830507136401
LLY,2016-07-27,MANAGEMENT_GOVERNANCE,OFFICER_CHANGE,5,2,intraday,1,0.51462797043895,0.51462797043895,0,0.6708079289030421,13.05,114.14854362785408
LLY,2016-08-31,OTHER,,0,1,intraday,1,-0.14766771983757626,0.14766771983757626,0,0.38679708454266853,13.12,-32.286126074399625
LLY,2016-10-25,EARNINGS_GUIDANCE,RESULTS,6,2,intraday,1,-0.3195310188393701,0.3195310188393701,0,0.7310302277592249,13.02,-55.98319382580036
LLY,2016-12-16,OTHER,,0,1,pre,1,1.8663469589360504,1.8663469589360504,0,2.699268488935825,12.79,303.34898124452775
LLY,2017-02-01,EARNINGS_GUIDANCE,RESULTS,6,2,after,1,0.28032240691820365,0.28032240691820365,0,0.8749843231166797,11.99,54.947839444571926
LLY,2017-02-10,MANAGEMENT_GOVERNANCE,OFFICER_CHANGE,5,2,pre,1,0.09802369162932031,0.09802369162932031,0,0.7450469773582825,10.88,19.179504336580028
LLY,2017-04-25,EARNINGS_GUIDANCE,RESULTS,6,2,intraday,1,-1.783027721378972,1.783027721378972,0,0.641566181751956,10.84,-332.55288713791595
LLY,2017-05-04,OTHER,,0,1,after,1,0.6654378037018597,0.6654378037018597,0,0.7374830955353572,10.68,123.21078096149378
LLY,2017-05-08,OTHER,,0,2,after,1,-1.106477667844839,1.106477667844839,0,0.8492352684403706,10.57,-203.09274515020974
LLY,2017-06-01,MANAGEMENT_GOVERNANCE,OFFICER_CHANGE,5,2,intraday,1,-0.03260541663934636,0.03260541663934636,0,0.8174627976213602,10.41,-5.985334268453044
LLY,2017-06-22,OTHER,,0,1,after,1,0.8321812633487253,0.8321812633487253,0,0.45363386442241604,10.75,151.1248300486345
LLY,2017-07-25,EARNINGS_GUIDANCE,RESULTS,6,2,intraday,1,-1.9883411767151318,1.9883411767151318,0,0.5596784105008287,9.43,-362.6401694965518
LLY,2017-08-31,OTHER,,0,2,after,1,-0.6341386546291945,0.6341386546291945,0,0.8797760768085822,11.22,-115.83559499708247
LLY,2017-10-24,EARNINGS_GUIDANCE,RESULTS,6,2,intraday,1,-1.3071061318785897,1.3071061318785897,0,0.425301256855994,11.07,-245.96356170180223
LLY,2017-12-14,EARNINGS_GUIDANCE,RESULTS,6,2,pre,1,-1.4745049166297224,1.4745049166297224,0,0.6573168697435311,10.18,-190.3110243662575
LLY,2018-02-01,EARNINGS_GUIDANCE,RESULTS,6,3,after,1,1.016279019725748,1.016279019725748,0,1.8758585210839922,13.54,122.12165047656892
LLY,2018-04-24,EARNINGS_GUIDANCE,RESULTS,6,1,intraday,1,1.7533319585041762,1.7533319585041762,0,1.2838628020148986,16.34,223.77764244314827
LLY,2018-05-09,OTHER,,0,1,after,1,0.6957900689806277,0.6957900689806277,0,1.1331157699176062,14.71,88.85002668996202
LLY,2018-05-14,MANAGEMENT_GOVERNANCE,OFFICER_CHANGE,5,1,after,1,0.24567962181594985,0.24567962181594985,0,1.2707669218061322,12.65,31.872498269797994
LLY,2018-07-24,EARNINGS_GUIDANCE,RESULTS,6,1,intraday,1,5.325327003445275,5.325327003445275,1,0.7926306023876218,12.62,698.2565435190163
LLY,2018-09-27,OTHER,,0,2,pre,1,0.3986442387237753,0.3986442387237753,0,0.7218455713436015,12.89,54.35877337193799
LLY,2018-10-16,MANAGEMENT_GOVERNANCE,OFFICER_CHANGE,5,1,intraday,1,0.4331662281059985,0.4331662281059985,0,1.7595737424196292,21.299999,57.87637030292718
LLY,2018-11-07,EARNINGS_GUIDANCE,RESULTS,6,1,after,1,1.5170836572616062,1.5170836572616062,0,2.1532619359500123,19.91,205.24075158492437
LLY,2018-12-19,OTHER,,0,2,pre,1,3.188280896466891,3.188280896466891,1,1.3659041456045613,25.58,499.02867084792524
LLY,2018-12-20,EARNINGS_GUIDANCE,RESULTS,6,2,after,1,2.0416418595212655,2.0416418595212655,1,1.4312414316069748,25.58,321.1982703328436
LLY,2019-01-08,MA_CORPORATE_ACTION,MATERIAL_AGREEMENT,5,3,pre,1,0.1286459823884372,0.1286459823884372,0,1.594755976821324,21.4,21.52247781893297
LLY,2019-02-07,EARNINGS_GUIDANCE,RESULTS,6,3,after,1,0.2767698098309877,0.2767698098309877,0,1.2737785256186167,15.38,44.78586123932246
LLY,2019-02-12,OTHER,,0,3,pre,1,-0.1164975405277571,0.1164975405277571,0,1.337958746500444,15.97,-18.865188428381405
LLY,2019-02-22,OTHER,,0,2,pre,1,-0.014999624580223468,0.014999624580223468,0,0.9124074378066466,14.46,-2.4325306362878423
LLY,2019-03-18,MA_CORPORATE_ACTION,ACQUISITION_COMPLETED,6,2,after,1,0.8425475206035992,0.8425475206035992,0,0.8588596758056961,12.88,141.96566712731993
LLY,2019-05-01,EARNINGS_GUIDANCE,RESULTS,6,2,after,1,0.8313770465565178,0.8313770465565178,0,1.189697108805096,13.12,141.84902602944751
LLY,2019-05-09,OTHER,,0,1,pre,1,-0.33443321897049283,0.33443321897049283,0,1.2072033337475607,19.4,-57.47391309910021
LLY,2019-07-12,MANAGEMENT_GOVERNANCE,OFFICER_CHANGE,5,2,after,1,-0.9803660922855829,0.9803660922855829,0,1.2529331876368706,12.93,-173.04562979003978
LLY,2019-07-31,EARNINGS_GUIDANCE,RESULTS,6,2,after,1,1.4375248552471451,1.4375248552471451,0,1.010947055514231,13.94,267.2245605000325
LLY,2019-10-23,EARNINGS_GUIDANCE,RESULTS,6,4,intraday,1,-1.1580385323401738,1.1580385323401738,0,0.934091997519558,14.46,-212.02309566648935
LLY,2019-10-25,OTHER,,0,2,after,1,2.2610775584318716,2.2610775584318716,1,0.9750454440686901,13.71,410.79788725399897
LLY,2019-11-07,OTHER,,0,2,pre,1,-0.3113700832094911,0.3113700832094911,0,1.112760094013969,12.62,-55.24424137255513
LLY,2019-12-18,EARNINGS_GUIDANCE,RESULTS,6,2,after,1,2.3883033404529916,2.3883033404529916,1,0.5263596482073536,12.29,418.9913904395315
LLY,2019-12-23,OTHER,,0,2,after,1,-0.5486973963655476,0.5486973963655476,0,0.6964536811652283,12.51,-96.6834547219519
LLY,2020-01-31,EARNINGS_GUIDANCE,RESULTS,6,2,after,1,-0.26830988848267573,0.26830988848267573,0,0.7515307480771938,15.49,-45.870518140942146
LLY,2020-04-24,EARNINGS_GUIDANCE,RESULTS,6,3,after,1,-0.9047755824306126,0.9047755824306126,0,1.6832828561400217,41.380001,-156.47725890506732
LLY,2020-04-28,OTHER,,0,2,pre,1,-3.2942558492512175,3.2942558492512175,1,1.6279258518464355,33.290001,-583.179117086991
LLY,2020-05-06,OTHER,,0,1,after,1,-1.756232122971435,1.756232122971435,0,1.343190497537314,33.610001,-375.5600522130351
LLY,2020-07-30,EARNINGS_GUIDANCE,RESULTS,6,2,intraday,1,-2.9707186312052056,2.9707186312052056,1,0.563192423962875,24.1,-798.472432769137
LLY,2020-08-24,OTHER,,0,2,pre,1,-0.3919816029918465,0.3919816029918465,0,0.8195616212456333,22.540001,-106.61643017167547
LLY,2020-10-27,EARNINGS_GUIDANCE,RESULTS,6,2,intraday,1,-1.81036372656515,1.81036372656515,0,0.8873452547732643,32.459999,-498.00565713991665
LLY,2020-12-16,EARNINGS_GUIDANCE,RESULTS,6,2,after,1,0.8843488210229395,0.8843488210229395,0,1.0506652551997604,22.889999,256.05313832833895
LLY,2021-02-01,EARNINGS_GUIDANCE,RESULTS,6,1,after,1,-2.317375202121848,2.317375202121848,1,1.3440815232101953,33.09,-752.3508107028745
LLY,2021-02-10,MANAGEMENT_GOVERNANCE,OFFICER_CHANGE,5,3,after,1,0.20806138791751427,0.20806138791751427,0,0.8252366318126599,21.629999,67.60529147445465
LLY,2021-02-18,MANAGEMENT_GOVERNANCE,OFFICER_CHANGE,5,2,after,1,-0.7238282839023098,0.7238282839023098,0,0.7621906542026664,21.5,-233.48056421825262
LLY,2021-04-27,EARNINGS_GUIDANCE,RESULTS,6,2,intraday,1,-1.1135051202518889,1.1135051202518889,0,0.43395428447125084,17.639999,-361.4695908925687
LLY,2021-05-05,OTHER,,0,1,intraday,1,0.7759378601630831,0.7759378601630831,0,0.5178504788846903,19.48,251.91498165883823
LLY,2021-05-27,OTHER,,0,1,intraday,1,-0.2421457943705583,0.2421457943705583,0,0.37538159988591163,17.360001,-77.34396125920436
LLY,2021-08-03,EARNINGS_GUIDANCE,RESULTS,6,2,intraday,1,1.913784058459967,1.913784058459967,0,0.43176088232124427,19.459999,581.6020647127962
LLY,2021-08-17,MANAGEMENT_GOVERNANCE,OFFICER_CHANGE,5,2,intraday,1,0.038577651162713666,0.038577651162713666,0,0.5770522769671184,16.120001,12.02532547585374
LLY,2021-08-25,MANAGEMENT_GOVERNANCE,OFFICER_CHANGE,5,2,intraday,1,-0.19772093335129798,0.19772093335129798,0,0.6580638482360914,17.219999,-61.374069923807106
LLY,2021-09-13,OTHER,,0,2,pre,1,-0.9231049555440052,0.9231049555440052,0,0.7757667216908483,20.950001,-285.0838107418819
LLY,2021-10-26,EARNINGS_GUIDANCE,RESULTS,6,2,intraday,1,0.6429085703371024,0.6429085703371024,0,0.7425901761763518,15.24,180.6712209630259
LLY,2021-12-16,EARNINGS_GUIDANCE,RESULTS,6,2,after,1,-0.8488446498933006,0.8488446498933006,0,1.3099252666724857,19.290001,-230.31763382540788
LLY,2021-12-17,OTHER,,0,2,pre,1,-1.8620536807487702,1.8620536807487702,0,1.3138495671658321,20.57,-505.70047578810215
LLY,2022-02-01,OTHER,,0,1,after,1,0.38702935951214995,0.38702935951214995,0,0.777073460577394,24.83,98.66947413712478
LLY,2022-02-04,EARNINGS_GUIDANCE,RESULTS,6,2,after,1,-0.3183095113411249,0.3183095113411249,0,0.8206816942668647,24.35,-80.85179561238999
LLY,2022-04-28,EARNINGS_GUIDANCE,RESULTS,6,2,intraday,1,1.2748264721922644,1.2748264721922644,0,1.0527136980663288,31.6,305.19836529303865
LLY,2022-05-05,OTHER,,0,4,after,1,1.3820151957650095,1.3820151957650095,0,1.0457170241169456,25.42,333.82240571001114
LLY,2022-05-09,MANAGEMENT_GOVERNANCE,OFFICER_CHANGE,5,1,pre,1,-0.8359021230493375,0.8359021230493375,0,1.0538129979412927,30.190001,-201.8385469660528
LLY,2022-08-04,EARNINGS_GUIDANCE,RESULTS,6,2,intraday,1,-1.8435620427871595,1.8435620427871595,0,0.8224318026671642,21.950001,-415.69428751077805
LLY,2022-10-13,OTHER,,0,1,pre,1,0.7334743068112137,0.7334743068112137,0,1.4194033140654052,33.57,165.08434899961725
LLY,2022-11-01,EARNINGS_GUIDANCE,RESULTS,6,2,intraday,1,-0.211861024734106,0.211861024734106,0,0.879966944171184,25.879999,-46.81735398700717
LLY,2022-12-14,EARNINGS_GUIDANCE,RESULTS,6,1,after,1,0.8860647685878325,0.8860647685878325,0,0.8800581477372368,22.549999,187.95388346543794
LLY,2023-02-03,EARNINGS_GUIDANCE,RESULTS,6,2,after,1,1.127398213686238,1.127398213686238,0,1.005219647969623,18.73,246.45611370060092
LLY,2023-02-27,OTHER,,0,2,pre,1,-1.6328562985340147,1.6328562985340147,0,1.0441506918073336,21.67,-360.5066561449882
LLY,2023-03-20,MANAGEMENT_GOVERNANCE,OFFICER_CHANGE,5,1,pre,1,-0.30368277540152305,0.30368277540152305,0,0.8156524145292088,25.51,-68.89936614570904
LLY,2023-04-27,EARNINGS_GUIDANCE,RESULTS,6,2,intraday,1,1.6254052129276781,1.6254052129276781,0,0.7955611283095853,18.84,363.00852461606246
LLY,2023-05-05,OTHER,,0,1,pre,1,0.0035279261394175186,0.0035279261394175186,0,1.2785685062658108,20.09,0.7755538969652851
LLY,2023-08-08,EARNINGS_GUIDANCE,RESULTS,6,2,intraday,1,6.965520689879319,6.965520689879319,1,0.864684245331416,15.77,1493.29104382407
LLY,2023-11-02,EARNINGS_GUIDANCE,RESULTS,6,2,intraday,1,0.4954332896494966,0.4954332896494966,0,1.216522571638773,16.870001,117.82457093106835
LLY,2024-02-07,EARNINGS_GUIDANCE,RESULTS,6,2,after,1,1.3246923397355481,1.3246923397355481,0,0.8144620573271361,13.06,337.02993433146213
LLY,2024-02-12,OTHER,,0,2,after,1,0.2707577774053473,0.2707577774053473,0,0.86084060198054,12.93,68.86082936708273
LLY,2024-04-30,EARNINGS_GUIDANCE,RESULTS,6,2,intraday,1,2.3847377310026405,2.3847377310026405,1,0.7272959373126753,14.67,614.4559969360547
LLY,2024-05-10,OTHER,,0,1,pre,1,-0.9088268297997378,0.9088268297997378,0,1.164373375458083,12.69,-232.40650697166805
LLY,2024-06-05,MANAGEMENT_GOVERNANCE,OFFICER_CHANGE,5,2,intraday,1,-0.2620331189293733,0.2620331189293733,0,0.675439511952278,13.16,-67.2827320434152
LLY,2024-07-11,MANAGEMENT_GOVERNANCE,OFFICER_CHANGE,5,1,after,1,0.2039456214537703,0.2039456214537703,0,0.45513736179672215,12.85,54.482707878672436
LLY,2024-08-08,EARNINGS_GUIDANCE,RESULTS,6,2,intraday,1,5.305738202168446,5.305738202168446,1,1.599886883017494,27.85,1208.78721144497
LLY,2024-08-15,OTHER,,0,2,after,1,-1.163077668321556,1.163077668321556,0,2.226401594546168,16.190001,-265.19923227080415
LLY,2024-08-19,MANAGEMENT_GOVERNANCE,OFFICER_CHANGE,5,2,pre,1,0.8926232216692298,0.8926232216692298,0,2.0191191654621123,14.8,204.33237818851094
LLY,2024-09-09,MANAGEMENT_GOVERNANCE,OFFICER_CHANGE,5,2,intraday,1,-0.6586294450697834,0.6586294450697834,0,0.9385622709945326,22.379999,-157.79696119898387
LLY,2024-10-30,EARNINGS_GUIDANCE,RESULTS,6,2,intraday,1,-2.7522652644152688,2.7522652644152688,1,0.5787493597753139,19.34,-675.416760413671
LLY,2024-11-20,MANAGEMENT_GOVERNANCE,OFFICER_CHANGE,5,2,pre,1,0.8136026797775026,0.8136026797775026,0,1.3856869112576466,16.35,198.7616971920488
LLY,2025-01-15,EARNINGS_GUIDANCE,RESULTS,6,2,after,1,0.06428858793788643,0.06428858793788643,0,1.1858895428678968,18.709999,16.824537260829267
LLY,2025-02-07,EARNINGS_GUIDANCE,RESULTS,6,2,after,1,0.07601727087175576,0.07601727087175576,0,1.4190849928329805,15.5,19.299784052360867
LLY,2025-02-13,OTHER,,0,2,pre,1,-1.5869417886765094,1.5869417886765094,0,1.0086972966592946,15.89,-402.98931280824945
LLY,2025-05-01,EARNINGS_GUIDANCE,RESULTS,6,2,intraday,1,-3.938877903868304,3.938877903868304,1,2.119938051019533,24.700001,-1057.1787993582184
LLY,2025-05-09,OTHER,,0,1,pre,1,-0.7761593231665174,0.7761593231665174,0,2.5459176776449,22.48,-207.60710351949086
LLY,2025-08-07,EARNINGS_GUIDANCE,RESULTS,6,2,intraday,1,-5.63069954530988,5.63069954530988,1,1.0157093684283167,16.77,-1787.2874670296032
LLY,2025-08-21,OTHER,,0,2,pre,1,0.12942335354012924,0.12942335354012924,0,1.7911763606808204,15.69,41.05739322132134
LLY,2025-10-30,EARNINGS_GUIDANCE,RESULTS,6,2,intraday,1,1.8383255775614824,1.8383255775614824,0,0.5073494181200376,16.92,661.7159724908089
LLY,2025-11-24,MANAGEMENT_GOVERNANCE,OFFICER_CHANGE,5,1,pre,1,0.8446328327893368,0.8446328327893368,0,0.634031819004982,23.43,306.82214473322927
LLY,2026-02-05,EARNINGS_GUIDANCE,RESULTS,6,2,after,1,-1.4486295414029255,1.4486295414029255,0,1.2041440071750473,18.639999,-515.9901712846162
LLY,2026-04-30,EARNINGS_GUIDANCE,RESULTS,6,2,intraday,1,3.4043492091834793,3.4043492091834793,1,0.701549485469907,18.809999,1155.141424176224
LLY,2026-05-08,OTHER,,0,1,pre,1,-0.4653329649925981,0.4653329649925981,0,1.1577856838956688,17.08,-155.6795469763457
LLY,2026-05-21,OTHER,,0,2,pre,1,1.148771398777961,1.148771398777961,0,1.1927576123227805,17.440001,386.00808348548355
LLY,2026-08-05,EARNINGS_GUIDANCE,RESULTS,6,2,intraday,1,2.0624626610424115,2.0624626610424115,1,0.8093468317627122,16.5,641.968618710321
META,2013-01-31,EARNINGS_GUIDANCE,RESULTS,6,2,pre,1,-0.8296294428575278,0.8296294428575278,0,0.6024875979506852,14.32,-480.6672831549136
META,2013-03-07,MANAGEMENT_GOVERNANCE,OFFICER_CHANGE,5,1,pre,1,0.33786343480763253,0.33786343480763253,0,0.42413246308089214,13.53,187.5974670622059
META,2013-04-04,MANAGEMENT_GOVERNANCE,OFFICER_CHANGE,5,1,pre,1,0.8448228054133649,0.8448228054133649,0,0.5203923775886171,14.21,455.06856144637317
META,2013-04-29,MANAGEMENT_GOVERNANCE,OFFICER_CHANGE,5,1,pre,1,0.6672576228027213,0.6672576228027213,0,0.5608508669961646,13.61,347.3349016725925
META,2013-05-02,EARNINGS_GUIDANCE,RESULTS,6,3,pre,1,0.5893242533372797,0.5893242533372797,0,0.5499057135255878,14.49,304.8407741822035
META,2013-06-14,OTHER,,0,1,pre,1,0.2766648925831949,0.2766648925831949,0,0.6524261768068991,16.41,132.63354875053057
META,2013-07-25,EARNINGS_GUIDANCE,RESULTS,6,2,pre,1,5.654617289765223,5.654617289765223,1,0.39114570102668905,13.18,2466.574930537519
META,2013-08-16,MA_CORPORATE_ACTION,MATERIAL_AGREEMENT,5,4,pre,1,0.8911717198467789,0.8911717198467789,0,2.0135502379492958,14.73,372.9899445635638
META,2013-10-17,OTHER,,0,1,pre,1,1.0390139016906956,1.0390139016906956,0,0.8517250339316267,14.71,439.6822828134818
META,2013-10-31,EARNINGS_GUIDANCE,RESULTS,6,2,pre,1,0.2606385904630147,0.2606385904630147,0,0.933048111273589,13.65,106.28492243799121
META,2014-01-30,EARNINGS_GUIDANCE,RESULTS,6,2,pre,1,3.7535568402169144,3.7535568402169144,1,0.8480248261017598,17.35,1469.911424095627
META,2014-02-20,MA_CORPORATE_ACTION,MATERIAL_AGREEMENT,5,4,pre,1,-0.06101268766659,0.06101268766659,0,1.325674701646056,15.5,-24.198479710185772
META,2014-03-26,OTHER,,0,2,pre,1,-1.3903481188608706,1.3903481188608706,0,0.7236426303642128,14.02,-564.9655959383502
META,2014-04-24,EARNINGS_GUIDANCE,RESULTS,6,3,pre,1,-1.484989274912471,1.484989274912471,0,1.0746620006256553,13.27,-602.165580592885
META,2014-07-24,EARNINGS_GUIDANCE,RESULTS,6,2,pre,1,1.8461028009383753,1.8461028009383753,0,0.8357613322080703,11.52,605.574781178853
META,2014-10-07,MA_CORPORATE_ACTION,ACQUISITION_COMPLETED,6,4,after,1,-0.11035691264553715,0.11035691264553715,0,0.7250851757545445,15.46,-33.569924064151266
META,2014-10-29,EARNINGS_GUIDANCE,RESULTS,6,3,pre,2,-3.3264055952305878,3.3264055952305878,1,0.9128841896807677,14.39,-969.432470004211
META,2014-10-30,OTHER,,0,2,pre,1,-1.669825735777271,1.669825735777271,0,1.090170501954358,15.15,-484.5172885315362
META,2015-01-29,EARNINGS_GUIDANCE,RESULTS,6,2,pre,1,0.09829847657989643,0.09829847657989643,0,0.8035348361976773,20.440001,24.096034229866977
META,2015-04-23,EARNINGS_GUIDANCE,RESULTS,6,2,pre,1,-2.268314691936848,2.268314691936848,1,0.7294434743463838,12.71,-443.3261997626358
META,2015-06-16,OTHER,,0,1,pre,1,0.28017820777608743,0.28017820777608743,0,0.7801246697480428,15.39,53.7905353982723
META,2015-07-30,EARNINGS_GUIDANCE,RESULTS,6,2,pre,1,-1.6818937254310458,1.6818937254310458,0,1.4691226497335104,12.5,-295.32696637205333
META,2015-11-05,EARNINGS_GUIDANCE,RESULTS,6,2,pre,1,1.6366150133251958,1.6366150133251958,0,1.026979663528884,15.51,287.9756845465018
META,2015-12-02,OTHER,,0,1,pre,1,-0.07192817439008842,0.07192817439008842,0,1.5204748781579662,14.67,-12.497138908512568
META,2016-01-28,EARNINGS_GUIDANCE,RESULTS,6,2,pre,1,7.518209853911846,7.518209853911846,1,1.8572080732058898,23.110001,1359.6094855268593
META,2016-04-28,EARNINGS_GUIDANCE,RESULTS,6,2,pre,1,3.931940511694679,3.931940511694679,1,0.848243283523107,13.77,908.1426909971926
META,2016-05-23,MA_CORPORATE_ACTION,AGREEMENT_TERMINATED,5,2,pre,1,-0.6050995643217592,0.6050995643217592,0,1.0270310039881398,15.2,-141.98394363803519
META,2016-06-22,OTHER,,0,1,pre,1,-0.420227963144101,0.420227963144101,0,0.5089357560970268,18.48,-103.2836103382768
META,2016-07-28,EARNINGS_GUIDANCE,RESULTS,6,2,pre,1,-0.019185798487246716,0.019185798487246716,0,0.566134343329447,12.83,-4.565575069398198
META,2016-11-03,EARNINGS_GUIDANCE,RESULTS,6,2,pre,1,-2.138646351023774,2.138646351023774,1,0.6000853184075065,19.32,-466.8505867420461
META,2016-11-21,MANAGEMENT_GOVERNANCE,OFFICER_CHANGE,5,2,pre,2,1.192978544537545,1.192978544537545,0,1.173096011869102,12.85,257.8948159017334
META,2017-02-02,EARNINGS_GUIDANCE,RESULTS,6,2,pre,1,-1.4394103318463358,1.4394103318463358,0,0.8660840115506088,11.81,-233.33765410355676
META,2017-03-08,MANAGEMENT_GOVERNANCE,OFFICER_CHANGE,5,1,pre,1,0.45135917966609024,0.45135917966609024,0,0.6185692763205604,11.45,73.89446269365801
META,2017-05-04,EARNINGS_GUIDANCE,RESULTS,6,2,pre,1,-1.1399057284856629,1.1399057284856629,0,0.7724058435418305,10.68,-153.4601926979904
META,2017-06-07,OTHER,,0,1,pre,1,0.7127982178123247,0.7127982178123247,0,1.1528922097048802,10.45,94.31755760532418
META,2017-07-27,EARNINGS_GUIDANCE,RESULTS,6,2,pre,1,3.1772384270291107,3.1772384270291107,1,1.1433982602304849,9.6,425.06115436948875
META,2017-09-25,OTHER,,0,2,pre,1,-2.5787242400960895,2.5787242400960895,1,0.8402509618229168,9.59,-367.90244864020497
META,2017-11-02,EARNINGS_GUIDANCE,RESULTS,6,2,pre,1,-2.2174212004043494,2.2174212004043494,1,1.3800535111703645,10.2,-271.8058911558135
META,2018-01-19,MANAGEMENT_GOVERNANCE,OFFICER_CHANGE,5,2,pre,1,1.000063060742653,1.000063060742653,0,1.5620821506553482,12.22,132.30023374694386
META,2018-02-01,EARNINGS_GUIDANCE,RESULTS,6,2,pre,1,3.6354844648249522,3.6354844648249522,1,1.6846926285356991,13.54,479.0699529277424
META,2018-04-26,EARNINGS_GUIDANCE,RESULTS,6,3,pre,1,4.3786007370337625,4.3786007370337625,1,1.7633739100101409,17.84,702.5001121812647
META,2018-05-02,MANAGEMENT_GOVERNANCE,OFFICER_CHANGE,5,1,after,1,0.7838709396738429,0.7838709396738429,0,2.088568178064311,15.49,133.9888171156027
META,2018-05-09,MANAGEMENT_GOVERNANCE,OFFICER_CHANGE,5,4,pre,2,0.8041147166690907,0.8041147166690907,0,1.8675591293802556,14.71,140.7651335790438
META,2018-06-06,OTHER,,0,1,pre,1,-1.869153253203804,1.869153253203804,0,0.7871920158330484,12.4,-341.827359657139
META,2018-07-26,EARNINGS_GUIDANCE,RESULTS,6,2,pre,1,-10.516246171979908,10.516246171979908,1,0.8570356665568258,12.29,-2058.301581160254
META,2018-10-25,OTHER,,0,2,pre,1,-0.059104094417176734,0.059104094417176734,0,1.0051701799330182,25.23,-17.14631419637361
META,2018-10-31,EARNINGS_GUIDANCE,RESULTS,6,2,pre,1,0.44554802303997093,0.44554802303997093,0,1.169752282143795,23.35,129.39031924219444
META,2018-12-10,OTHER,,0,1,pre,1,1.122156666295087,1.122156666295087,0,1.0853528887052775,23.23,328.73779439300665
META,2019-01-31,EARNINGS_GUIDANCE,RESULTS,6,2,pre,1,2.903345625351591,2.903345625351591,1,0.9797156927755599,17.66,872.6018192171776
META,2019-03-15,MANAGEMENT_GOVERNANCE,OFFICER_CHANGE,5,1,pre,1,-2.2002161460643515,2.2002161460643515,1,0.6166039839246058,13.5,-692.2260381943407
META,2019-04-16,MANAGEMENT_GOVERNANCE,OFFICER_CHANGE,5,3,pre,1,-0.02710322005847011,0.02710322005847011,0,0.48673858973527806,12.32,-8.267078496077447
META,2019-04-25,EARNINGS_GUIDANCE,RESULTS,6,2,pre,1,1.452350706580226,1.452350706580226,0,0.44664586765882974,13.14,443.62031491022
META,2019-06-04,OTHER,,0,1,pre,1,-0.3481202753568595,0.3481202753568595,0,1.0243664938078143,18.860001,-108.02142541761073
META,2019-07-25,EARNINGS_GUIDANCE,RESULTS,6,2,pre,1,-1.01578188268163,1.01578188268163,0,0.6083479749074436,12.07,-250.03820272610656
META,2019-10-31,EARNINGS_GUIDANCE,RESULTS,6,4,pre,1,0.8450074407256242,0.8450074407256242,0,0.9929435180356277,12.33,198.48095139480208
META,2020-01-30,EARNINGS_GUIDANCE,RESULTS,6,3,pre,1,-4.391147545004994,4.391147545004994,1,0.8396007647626232,16.389999,-826.1219809078053
META,2020-02-04,MANAGEMENT_GOVERNANCE,OFFICER_CHANGE,5,2,pre,1,-0.17020604846075119,0.17020604846075119,0,1.5369395378026625,17.969999,-31.81559772778895
META,2020-03-10,MANAGEMENT_GOVERNANCE,OFFICER_CHANGE,5,2,pre,1,0.2171128149088443,0.2171128149088443,0,2.2103998143543913,54.459999,37.6423980913955
META,2020-03-16,MANAGEMENT_GOVERNANCE,OFFICER_CHANGE,5,2,pre,1,-2.6437455749147585,2.6437455749147585,1,3.3414755062242407,57.830002,-496.9481695235388
META,2020-03-27,MANAGEMENT_GOVERNANCE,OFFICER_CHANGE,5,2,pre,1,0.7731797170442163,0.7731797170442163,0,4.451062264988853,61.0,145.0758816262162
META,2020-04-30,EARNINGS_GUIDANCE,RESULTS,6,2,pre,1,4.122634210219336,4.122634210219336,1,2.2592789853285353,31.23,796.3701771543026
META,2020-06-01,OTHER,,0,2,pre,1,1.129080327568663,1.129080327568663,0,1.2905554788864444,27.51,217.67017112389726
META,2020-07-31,EARNINGS_GUIDANCE,RESULTS,6,2,pre,1,2.544919623520989,2.544919623520989,1,0.8071226680672633,24.76,561.7314601843995
META,2020-10-30,EARNINGS_GUIDANCE,RESULTS,6,2,pre,1,-2.7900215013215215,2.7900215013215215,1,1.4110150070861154,37.59,-740.7966725312353
META,2021-01-28,EARNINGS_GUIDANCE,RESULTS,6,3,pre,1,-1.4726979826569124,1.4726979826569124,0,1.0659212200400607,37.209999,-416.7315611708511
META,2021-04-29,EARNINGS_GUIDANCE,RESULTS,6,2,pre,1,2.1986103751341446,2.1986103751341446,1,0.620773565373208,17.280001,587.875972313124
META,2021-07-29,EARNINGS_GUIDANCE,RESULTS,6,2,pre,1,-1.8125749905463973,1.8125749905463973,0,0.9385154252203527,18.309999,-440.78252931284834
META,2021-09-23,MANAGEMENT_GOVERNANCE,OFFICER_CHANGE,5,2,pre,1,0.45735145725274007,0.45735145725274007,0,0.9091731065952668,20.870001,107.49107296513537
META,2021-10-26,EARNINGS_GUIDANCE,RESULTS,6,3,pre,1,-2.2645827995317487,2.2645827995317487,1,1.4739442843118589,15.24,-459.7154389183332
META,2021-10-29,OTHER,,0,3,pre,1,1.819228914406002,1.819228914406002,0,1.5249583085277685,16.530001,368.4504646923391
META,2022-01-12,MANAGEMENT_GOVERNANCE,OFFICER_CHANGE,5,2,pre,1,-0.3695675820767455,0.3695675820767455,0,1.194664594561784,18.41,-78.92470200387906
META,2022-02-03,EARNINGS_GUIDANCE,RESULTS,6,2,pre,1,-13.067817934387259,13.067817934387259,1,1.3462592583322748,22.09,-2830.5123269346295
META,2022-02-11,MANAGEMENT_GOVERNANCE,OFFICER_CHANGE,5,2,pre,2,-0.7156496792409288,0.7156496792409288,0,4.933522154727015,23.91,-153.47966046619962
META,2022-03-02,MANAGEMENT_GOVERNANCE,OFFICER_CHANGE,5,1,pre,1,-0.9112415411443487,0.9112415411443487,0,4.961354303136139,33.32,-191.53873805432625
META,2022-04-28,EARNINGS_GUIDANCE,RESULTS,6,2,pre,1,4.957422103491189,4.957422103491189,1,1.2457195320732657,31.6,1656.9652196486434
META,2022-06-01,OTHER,,0,2,pre,1,0.3633575867134952,0.3633575867134952,0,1.5666779388941563,26.190001,121.8103119058328
META,2022-06-02,MANAGEMENT_GOVERNANCE,OFFICER_CHANGE,5,1,pre,1,0.38886789219297896,0.38886789219297896,0,1.4291698823094927,25.690001,133.6401200771616
META,2022-07-28,EARNINGS_GUIDANCE,RESULTS,6,2,pre,1,-2.8791778093280502,2.8791778093280502,1,1.3413521726499125,23.24,-1080.706958876928
META,2022-07-29,MANAGEMENT_GOVERNANCE,OFFICER_CHANGE,5,1,pre,1,-0.5550222323385807,0.5550222323385807,0,1.4112362296809473,22.33,-208.43002182221562
META,2022-08-02,MANAGEMENT_GOVERNANCE,OFFICER_CHANGE,5,1,pre,1,1.1331748344630914,1.1331748344630914,0,1.3718001503627604,22.84,426.9014681999697
META,2022-08-05,OTHER,,0,1,after,1,0.22030668841401974,0.22030668841401974,0,1.404002691788543,21.440001,83.12901369695064
META,2022-08-10,OTHER,,0,2,pre,1,0.48610951331192864,0.48610951331192864,0,1.3631979569604449,21.77,183.6624872755697
META,2022-10-03,MANAGEMENT_GOVERNANCE,OFFICER_CHANGE,5,1,pre,1,-1.757522179787129,1.757522179787129,0,1.1342095643473473,31.620001,-688.7568370085953
META,2022-10-27,EARNINGS_GUIDANCE,RESULTS,6,2,pre,1,-7.581183656005779,7.581183656005779,1,1.0344427574619905,27.280001,-2983.2839680197
META,2022-11-10,OTHER,,0,2,after,1,-0.13161623231887648,0.13161623231887648,0,2.5827781509505585,26.09,-51.63889231255537
META,2023-02-02,EARNINGS_GUIDANCE,RESULTS,6,4,pre,2,4.565779280372833,4.565779280372833,1,0.6403851485637179,17.870001,1942.6936518840696
META,2023-02-14,MANAGEMENT_GOVERNANCE,OFFICER_CHANGE,5,1,pre,1,-0.33611030797378455,0.33611030797378455,0,1.7306993501091148,20.34,-143.01508971569655
META,2023-02-16,MANAGEMENT_GOVERNANCE,OFFICER_CHANGE,5,1,pre,1,0.13852426388307376,0.13852426388307376,0,1.6819230424572147,18.23,59.081627443115586
META,2023-03-15,OTHER,,0,2,after,1,0.9007468218386308,0.9007468218386308,0,0.8052718841591109,23.73,387.4747245041581
META,2023-04-11,MANAGEMENT_GOVERNANCE,OFFICER_CHANGE,5,1,pre,1,0.06698713514183968,0.06698713514183968,0,0.7398195642404913,18.969999,30.838529156536257
META,2023-04-27,EARNINGS_GUIDANCE,RESULTS,6,2,pre,1,2.025601655805332,2.025601655805332,1,0.4298431833081172,18.84,901.2662582099196
META,2023-05-04,OTHER,,0,2,pre,1,-0.8375303122776417,0.8375303122776417,0,1.038987041491037,18.34,-372.5487023129305
META,2023-06-02,OTHER,,0,2,pre,1,-0.5938473643118588,0.5938473643118588,0,0.3918613048759631,15.65,-260.27398495643826
META,2023-07-27,EARNINGS_GUIDANCE,RESULTS,6,2,pre,1,1.8256275018857262,1.8256275018857262,0,0.5992331221857009,13.19,782.4594220016268
META,2023-10-26,EARNINGS_GUIDANCE,RESULTS,6,2,pre,1,0.5082730311040022,0.5082730311040022,0,0.9379569594399583,20.190001,151.81870753559443
META,2024-01-18,MANAGEMENT_GOVERNANCE,OFFICER_CHANGE,5,1,pre,1,-0.16337811783772493,0.16337811783772493,0,0.5907149546529301,14.79,-46.085050389798944
META,2024-02-02,EARNINGS_GUIDANCE,RESULTS,6,3,pre,1,6.244721939814582,6.244721939814582,1,0.8390448078019055,13.88,1367.5703170880877
META,2024-02-15,MANAGEMENT_GOVERNANCE,OFFICER_CHANGE,5,2,pre,1,-0.2926049536460905,0.2926049536460905,0,2.7931991246111574,14.38,-63.48307770321391
META,2024-04-25,EARNINGS_GUIDANCE,RESULTS,6,2,pre,1,-4.80066029974246,4.80066029974246,1,1.0490254311739065,15.97,-1202.576014226468
META,2024-06-03,OTHER,,0,2,pre,1,0.6143875225166703,0.6143875225166703,0,0.7605642588992569,12.92,155.94075550755653
META,2024-08-01,EARNINGS_GUIDANCE,RESULTS,6,2,pre,1,3.1529471489201373,3.1529471489201373,1,1.3734457512964784,16.360001,839.5533249097687
META,2024-08-12,OTHER,,0,2,pre,1,-0.381890181324704,0.381890181324704,0,1.526361880633407,20.370001,-102.18679665806691
META,2024-09-11,OTHER,,0,2,pre,1,0.2666703309267558,0.2666703309267558,0,0.6094750060520503,19.08,73.69692186120301
META,2024-10-31,EARNINGS_GUIDANCE,RESULTS,6,2,pre,1,-0.6352052340922799,0.6352052340922799,0,0.7010423995198419,20.35,-179.38522455431874
META,2025-01-07,MANAGEMENT_GOVERNANCE,OFFICER_CHANGE,5,2,pre,1,-0.5386573395365959,0.5386573395365959,0,0.9478162102058781,16.040001,-150.26182511604563
META,2025-01-30,EARNINGS_GUIDANCE,RESULTS,6,2,pre,1,0.8564455563790881,0.8564455563790881,0,1.1724277544428912,16.559999,195.137868018784
META,2025-02-21,MANAGEMENT_GOVERNANCE,OFFICER_CHANGE,5,1,pre,1,-0.3704916375125343,0.3704916375125343,0,0.5868085793097113,15.66,-86.62597168407896
META,2025-04-14,MANAGEMENT_GOVERNANCE,OFFICER_CHANGE,5,2,pre,1,-2.4942854575075186,2.4942854575075186,1,3.1423251156297543,37.560001,-512.4644703408966
META,2025-05-01,EARNINGS_GUIDANCE,RESULTS,6,2,pre,1,2.608507906155782,2.608507906155782,1,3.1623817979458386,24.700001,542.3248497605288
META,2025-06-02,OTHER,,0,2,pre,1,0.6864974772562398,0.6864974772562398,0,1.3769213651313474,18.57,148.30583271524137
META,2025-07-31,EARNINGS_GUIDANCE,RESULTS,6,2,pre,1,5.150070587787176,5.150070587787176,1,0.7654551996685188,15.48,1023.6295139684396
META,2025-10-30,EARNINGS_GUIDANCE,RESULTS,6,2,pre,1,-6.147163143139178,6.147163143139178,1,0.8923361488625127,16.92,-1385.5685911505411
META,2025-11-04,OTHER,,0,2,pre,1,0.34531131851831587,0.34531131851831587,0,1.8850216653495937,17.17,78.23119528912525
META,2025-12-15,OTHER,,0,2,pre,1,1.1320123349059503,1.1320123349059503,0,0.9772409258217247,15.74,277.2663976592911
META,2025-12-22,MANAGEMENT_GOVERNANCE,OFFICER_CHANGE,5,1,pre,1,-0.1890629729985667,0.1890629729985667,0,1.004464267734094,14.91,-46.081784669654176
META,2026-01-29,EARNINGS_GUIDANCE,RESULTS,6,2,pre,1,3.254066633439789,3.254066633439789,1,1.0818861517490652,16.35,786.3278555157543
META,2026-04-15,MANAGEMENT_GOVERNANCE,OFFICER_CHANGE,5,1,pre,1,0.29917369010971023,0.29917369010971023,0,1.8554141872499414,18.360001,78.11285627805184
META,2026-04-30,EARNINGS_GUIDANCE,RESULTS,6,2,pre,1,-4.233561900383853,4.233561900383853,1,1.1542777036729723,18.809999,-1093.313207317725
META,2026-05-05,OTHER,,0,2,pre,1,-0.9042313000689148,0.9042313000689148,0,1.6067807119693513,18.290001,-231.6806901798319
META,2026-06-01,OTHER,,0,1,pre,1,-2.304309154018223,2.304309154018223,1,0.6883259529950944,15.32,-604.5679283491176
META,2026-07-30,EARNINGS_GUIDANCE,RESULTS,6,2,pre,1,-2.9356677739414354,2.9356677739414354,1,1.4163014954010023,20.66,-812.895758246389
MSFT,2008-01-11,MANAGEMENT_GOVERNANCE,OFFICER_CHANGE,5,1,intraday,1,0.062359866964178653,0.062359866964178653,0,1.6132129027790119,23.450001,9.74741835703805
MSFT,2008-01-25,EARNINGS_GUIDANCE,RESULTS,6,2,after,1,-1.236452334518224,1.236452334518224,0,1.693136075151677,27.780001,-195.06678826368343
MSFT,2008-02-04,OTHER,,0,2,after,1,-0.737047516052521,0.737047516052521,0,2.053019519260815,24.02,-116.02689541945391
MSFT,2008-02-12,OTHER,,0,2,pre,1,0.39126764964988064,0.39126764964988064,0,1.9488285683178233,27.6,61.184015952429405
MSFT,2008-04-08,OTHER,,0,2,after,1,-0.17058344707035553,0.17058344707035553,0,1.6172824906669823,22.42,-32.06956021931121
MSFT,2008-04-25,EARNINGS_GUIDANCE,RESULTS,6,4,after,2,-5.370709007061618,5.370709007061618,1,1.2600821036005323,20.059999,-1015.3141087686624
MSFT,2008-05-06,OTHER,,0,2,after,1,0.6026121278668076,0.6026121278668076,0,1.699027000261295,18.9,115.03187956904542
MSFT,2008-05-20,OTHER,,0,2,after,1,-1.0976049368342835,1.0976049368342835,0,1.6326159711433448,17.01,-209.55000128389653
MSFT,2008-06-18,MANAGEMENT_GOVERNANCE,OFFICER_CHANGE,5,2,after,1,0.5069747300410561,0.5069747300410561,0,1.2611820070754505,21.129999,107.3819064112999
MSFT,2008-07-18,EARNINGS_GUIDANCE,RESULTS,6,2,after,1,-3.641983231585031,3.641983231585031,1,1.3747648631809093,25.01,-774.9870538822876
MSFT,2008-07-28,MANAGEMENT_GOVERNANCE,OFFICER_CHANGE,5,1,after,1,-0.4203226015665931,0.4203226015665931,0,1.7391104647678581,22.91,-90.9666695249765
MSFT,2008-08-01,OTHER,,0,2,after,1,-0.24483981476967495,0.24483981476967495,0,1.7278105857129291,22.940001,-52.896430246603224
MSFT,2008-09-22,OTHER,,0,1,intraday,1,2.1936353776383495,2.1936353776383495,1,1.3325662085321668,32.07,529.861901182818
MSFT,2008-09-26,MANAGEMENT_GOVERNANCE,OFFICER_CHANGE,5,3,after,1,0.5132215613005154,0.5132215613005154,0,1.4099421824461247,32.82,124.60924183382845
MSFT,2008-10-24,EARNINGS_GUIDANCE,RESULTS,6,4,after,2,1.1996585575340988,1.1996585575340988,0,3.8297536877420377,67.800003,271.3177555723185
MSFT,2008-11-20,OTHER,,0,2,intraday,1,3.9359033980210487,3.9359033980210487,1,2.403783470334066,74.260002,949.4045785518714
MSFT,2009-01-22,EARNINGS_GUIDANCE,RESULTS,6,3,intraday,1,-4.170162100938461,4.170162100938461,1,1.5088952686298607,46.419998,-1095.7631512571456
MSFT,2009-03-10,MANAGEMENT_GOVERNANCE,OFFICER_CHANGE,5,2,pre,1,2.0936830065038876,2.0936830065038876,1,0.966404124222768,49.68,603.2366824954064
MSFT,2009-03-16,OTHER,,0,2,after,1,-0.3673731570713341,0.3673731570713341,0,1.4649087615967342,42.360001,-105.83170263028529
MSFT,2009-04-24,EARNINGS_GUIDANCE,RESULTS,6,2,after,1,2.399903554855791,2.399903554855791,1,1.4176357699260818,37.150002,695.5792559122729
MSFT,2009-05-18,OTHER,,0,2,after,1,-0.51493655315701,0.51493655315701,0,1.2864345134237118,33.119999,-155.0897057381703
MSFT,2009-07-24,EARNINGS_GUIDANCE,RESULTS,6,2,after,1,-3.5416695329190024,3.5416695329190024,1,0.9022461003226288,23.43,-1085.6775753514028
MSFT,2009-09-14,MANAGEMENT_GOVERNANCE,OFFICER_CHANGE,5,2,after,1,0.13573291463760725,0.13573291463760725,0,0.6006824977671748,24.15,42.09515043536497
MSFT,2009-10-23,EARNINGS_GUIDANCE,RESULTS,6,2,intraday,1,3.3775157336175328,3.3775157336175328,1,0.6628180523598669,20.690001,959.5490879312948
MSFT,2009-12-07,MANAGEMENT_GOVERNANCE,OFFICER_CHANGE,5,1,after,1,-0.17229200689813287,0.17229200689813287,0,0.44968219841734713,21.25,-47.25562157840354
MSFT,2010-01-29,EARNINGS_GUIDANCE,RESULTS,6,2,after,1,-1.3395910606311012,1.3395910606311012,0,0.8178731328535899,23.73,-319.4639481743114
MSFT,2010-04-23,EARNINGS_GUIDANCE,RESULTS,6,2,after,1,-0.7428955156081989,0.7428955156081989,0,0.6988231699949827,16.469999,-132.6366592354787
MSFT,2010-05-26,MANAGEMENT_GOVERNANCE,OFFICER_CHANGE,5,3,after,1,-1.4503715773974146,1.4503715773974146,0,1.280909341623092,34.610001,-251.9059364807509
MSFT,2010-06-09,OTHER,,0,2,after,1,-1.3925939304568555,1.3925939304568555,0,1.7706223669606374,33.700001,-234.99744625249167
MSFT,2010-06-10,OTHER,,0,2,after,1,0.43811336491065267,0.43811336491065267,0,1.6848379204490997,33.73,73.95185806968182
MSFT,2010-06-21,OTHER,,0,2,after,1,-0.6191467039612139,0.6191467039612139,0,1.9236366405004,23.950001,-103.78603333766073
MSFT,2010-07-23,EARNINGS_GUIDANCE,RESULTS,6,2,after,1,-0.33412767785209646,0.33412767785209646,0,1.7307028380781617,24.629999,-48.135053181655714
MSFT,2010-09-14,MANAGEMENT_GOVERNANCE,OFFICER_CHANGE,5,1,after,1,-0.10680373241554054,0.10680373241554054,0,1.4234343233492917,21.209999,-16.08721822334858
MSFT,2010-09-27,OTHER,,0,2,after,1,-0.14054136254825214,0.14054136254825214,0,1.4567083035045694,21.709999,-21.21195458134133
MSFT,2010-10-29,EARNINGS_GUIDANCE,RESULTS,6,2,after,1,1.9503950654070112,1.9503950654070112,0,1.3175719172102902,20.879999,262.2486307145388
MSFT,2010-11-22,OTHER,,0,1,after,1,-0.4506971840962254,0.4506971840962254,0,1.1917800650603854,18.040001,-59.782682823840055
MSFT,2011-01-28,EARNINGS_GUIDANCE,RESULTS,6,2,after,1,-2.1689935196464636,2.1689935196464636,1,1.0933317474484325,16.15,-297.26909315257984
MSFT,2011-02-09,OTHER,,0,2,after,1,-1.8121652358501346,1.8121652358501346,0,1.3253319186345534,15.81,-247.72094041225066
MSFT,2011-04-29,EARNINGS_GUIDANCE,RESULTS,6,2,after,1,-2.71598967461584,2.71598967461584,1,1.0582482269616849,14.62,-380.2606588515269
MSFT,2011-05-11,OTHER,,0,2,after,1,-0.41560883019418843,0.41560883019418843,0,1.2921707107256404,15.91,-57.442272630691335
MSFT,2011-07-22,EARNINGS_GUIDANCE,RESULTS,6,2,after,1,2.8174276744640885,2.8174276744640885,1,1.6975519742825922,17.559999,357.03876853430626
MSFT,2011-10-21,EARNINGS_GUIDANCE,RESULTS,6,2,after,1,-1.7050238946845084,1.7050238946845084,0,1.51543118882249,34.779999,-215.34500369042192
MSFT,2011-11-18,OTHER,,0,1,after,1,-0.3227645812168348,0.3227645812168348,0,1.9162951893560005,34.509998,-40.38028568973104
MSFT,2012-01-20,EARNINGS_GUIDANCE,RESULTS,6,2,after,1,4.5422152495677475,4.5422152495677475,1,1.1197674986945345,19.870001,549.4400599165764
MSFT,2012-02-22,MANAGEMENT_GOVERNANCE,OFFICER_CHANGE,5,2,after,1,-0.3219455633086941,0.3219455633086941,0,1.2638900097986567,18.190001,-39.99748917364313
MSFT,2012-04-20,EARNINGS_GUIDANCE,RESULTS,6,2,after,1,2.9292153045973897,2.9292153045973897,1,1.230791151465972,18.360001,388.13650961252256
MSFT,2012-05-04,MANAGEMENT_GOVERNANCE,OFFICER_CHANGE,5,2,after,1,-1.8880992763917281,1.8880992763917281,0,1.4751404341398917,17.559999,-249.88059259595911
MSFT,2012-06-19,OTHER,,0,2,after,1,2.051920892732862,2.051920892732862,1,1.5063386282295002,18.32,279.0532683258279
MSFT,2012-07-20,EARNINGS_GUIDANCE,RESULTS,6,2,after,1,-2.3150930468120965,2.3150930468120965,1,1.6534237488710801,15.45,-309.03175899586495
MSFT,2012-09-19,MANAGEMENT_GOVERNANCE,OFFICER_CHANGE,5,2,after,1,0.6212298342178074,0.6212298342178074,0,1.0812519097130573,14.18,83.89377272306261
MSFT,2012-10-10,MANAGEMENT_GOVERNANCE,OFFICER_CHANGE,5,2,after,1,-0.43887946988818155,0.43887946988818155,0,0.8599620600938906,16.370001,-58.58814073784051
MSFT,2012-10-19,EARNINGS_GUIDANCE,RESULTS,6,2,after,1,-2.7306319524525207,2.7306319524525207,1,0.8526706160370825,15.03,-360.6943789818806
MSFT,2012-11-02,OTHER,,0,1,intraday,1,0.7572973270361891,0.7572973270361891,0,1.4823672401157364,16.690001,100.51189329052542
MSFT,2012-11-07,OTHER,,0,2,intraday,1,-0.13765739943525845,0.13765739943525845,0,1.4327263409248203,17.58,-18.308502205523787
MSFT,2012-11-19,MANAGEMENT_GOVERNANCE,OFFICER_CHANGE,5,1,after,1,-1.0375324520821896,1.0375324520821896,0,1.6381482829304657,16.41,-137.28807723742116
MSFT,2012-11-30,OTHER,,0,1,after,1,-1.0631175122898773,1.0631175122898773,0,1.306619241350596,15.06,-138.51660925290602
MSFT,2013-01-25,EARNINGS_GUIDANCE,RESULTS,6,2,after,1,0.562828597022695,0.562828597022695,0,1.1473477864031234,12.69,70.92080569616256
MSFT,2013-04-19,EARNINGS_GUIDANCE,RESULTS,6,4,after,2,4.761143292957396,4.761143292957396,1,1.8251306293488128,17.559999,564.1444800527457
MSFT,2013-05-02,OTHER,,0,2,after,1,0.38693467650871255,0.38693467650871255,0,2.4100679466648725,14.49,45.08232564592369
MSFT,2013-05-14,MANAGEMENT_GOVERNANCE,OFFICER_CHANGE,5,1,after,1,1.43377982742191,1.43377982742191,0,1.904132748139569,12.55,164.6547980556129
MSFT,2013-05-20,MANAGEMENT_GOVERNANCE,OFFICER_CHANGE,5,1,intraday,1,0.005733638280318428,0.005733638280318428,0,1.8133161535242912,12.45,0.6569185484111857
MSFT,2013-07-12,MANAGEMENT_GOVERNANCE,OFFICER_CHANGE,5,1,after,1,0.6808476626567613,0.6808476626567613,0,1.3670859134795177,14.01,95.52572238519004
MSFT,2013-07-19,EARNINGS_GUIDANCE,RESULTS,6,2,after,1,-7.407897812053429,7.407897812053429,1,1.0824315683159575,13.77,-1052.4856134764232
MSFT,2013-08-26,MANAGEMENT_GOVERNANCE,OFFICER_CHANGE,5,3,after,1,-1.7666066990086828,1.7666066990086828,0,1.7787426710949623,13.98,-260.82761451393446
MSFT,2013-09-20,OTHER,,0,1,pre,1,-0.8434135416358658,0.8434135416358658,0,1.4826786278556017,13.16,-165.86715953555247
MSFT,2013-09-24,MANAGEMENT_GOVERNANCE,OFFICER_CHANGE,5,2,after,1,-0.10086643954201416,0.10086643954201416,0,0.9960110693802423,14.31,-19.841251073994137
MSFT,2013-09-26,OTHER,,0,2,intraday,1,1.2325872055036382,1.2325872055036382,0,0.8839942602865014,14.01,243.0753279290028
MSFT,2013-09-27,MANAGEMENT_GOVERNANCE,OFFICER_CHANGE,5,2,after,1,1.23233082719191,1.23233082719191,0,0.8563954298949032,14.06,243.1165625271253
MSFT,2013-10-25,EARNINGS_GUIDANCE,RESULTS,6,2,after,1,2.314922983792912,2.314922983792912,1,0.708898646307565,13.2,482.9962877178406
MSFT,2013-11-21,OTHER,,0,1,after,1,0.0400801339769937,0.0400801339769937,0,1.233597252824887,13.4,8.22735508813225
MSFT,2013-12-06,OTHER,,0,2,intraday,1,0.3116792337559405,0.3116792337559405,0,0.7511462195062744,15.08,64.11808155121292
MSFT,2014-01-24,EARNINGS_GUIDANCE,RESULTS,6,2,after,1,0.9684508080968703,0.9684508080968703,0,0.978320361431028,13.77,207.4709260294623
MSFT,2014-02-05,MANAGEMENT_GOVERNANCE,OFFICER_CHANGE,5,2,after,1,-0.7642900501491188,0.7642900501491188,0,1.2097041019028618,19.110001,-164.1624076361646
MSFT,2014-03-12,MANAGEMENT_GOVERNANCE,OFFICER_CHANGE,5,2,intraday,1,0.20256843982298434,0.20256843982298434,0,0.47831648361907103,14.8,45.726404986970984
MSFT,2014-03-21,MANAGEMENT_GOVERNANCE,OFFICER_CHANGE,5,2,after,1,0.4211977414253038,0.4211977414253038,0,0.7894628168726681,14.52,96.28643894075668
MSFT,2014-04-25,EARNINGS_GUIDANCE,RESULTS,6,2,after,1,1.3519458797400818,1.3519458797400818,0,0.9268332650533083,13.32,287.85595326836335
MSFT,2014-07-18,OPERATIONAL_ESG,RESTRUCTURING,5,2,after,1,-0.21143006366048192,0.21143006366048192,0,0.8686177979647973,14.54,-36.46225815785636
MSFT,2014-07-23,EARNINGS_GUIDANCE,RESULTS,6,2,after,1,-0.7966403573165233,0.7966403573165233,0,0.8492695092479847,12.24,-137.44357864357505
MSFT,2014-07-31,MANAGEMENT_GOVERNANCE,OFFICER_CHANGE,5,2,intraday,1,0.3757680558703173,0.3757680558703173,0,0.8721288599265116,13.33,63.87614747280551
MSFT,2014-08-20,MANAGEMENT_GOVERNANCE,OFFICER_CHANGE,5,1,after,1,-0.5679987217485013,0.5679987217485013,0,0.7529632276120634,12.21,-88.16496436861283
MSFT,2014-09-17,MANAGEMENT_GOVERNANCE,OFFICER_CHANGE,5,2,intraday,1,-0.5974643895616691,0.5974643895616691,0,0.6509999329414642,12.73,-92.66735968119353
MSFT,2014-10-24,EARNINGS_GUIDANCE,RESULTS,6,2,after,1,0.9120108810691238,0.9120108810691238,0,1.5347561268535592,16.530001,128.20219087418002
MSFT,2014-12-05,OTHER,,0,1,after,1,-1.4613398956454937,1.4613398956454937,0,0.9434099716305352,12.38,-201.53654714096658
MSFT,2015-01-27,EARNINGS_GUIDANCE,RESULTS,6,2,after,1,-8.542912046447778,8.542912046447778,1,1.5422662129339357,15.52,-1076.7819538116844
MSFT,2015-02-12,OTHER,,0,2,intraday,1,1.4758646017080608,1.4758646017080608,0,3.085204081550526,16.959999,189.9136042610211
MSFT,2015-04-24,EARNINGS_GUIDANCE,RESULTS,6,2,after,1,6.9188908566681935,6.9188908566681935,1,0.906157115105535,12.48,1055.432197905293
MSFT,2015-07-09,OTHER,,0,2,after,1,-0.47202075629168316,0.47202075629168316,0,0.647463119409546,19.66,-85.12102043359306
MSFT,2015-07-22,EARNINGS_GUIDANCE,RESULTS,6,2,after,1,-0.8541557868283017,0.8541557868283017,0,0.7203735896121114,12.22,-152.74817729553644
MSFT,2015-08-07,OTHER,,0,2,intraday,1,0.14007562802472917,0.14007562802472917,0,1.1069484277001067,13.77,24.74392767785348
MSFT,2015-09-14,MANAGEMENT_GOVERNANCE,OFFICER_CHANGE,5,1,after,1,0.10267846249933908,0.10267846249933908,0,2.0767863593486577,23.200001,18.766633439601293
MSFT,2015-09-29,OTHER,,0,2,intraday,1,-0.019435011077545434,0.019435011077545434,0,1.304365414119725,27.629999,-3.530239630349773
MSFT,2015-10-23,EARNINGS_GUIDANCE,RESULTS,6,2,after,1,6.1238114439424365,6.1238114439424365,1,0.7968791262603913,14.45,1122.026283547014
MSFT,2015-10-27,OTHER,,0,2,pre,1,-0.8555027701782959,0.8555027701782959,0,1.6945392549646372,15.29,-156.8044974418524
MSFT,2015-11-03,OTHER,,0,2,intraday,1,1.239741832481508,1.239741832481508,0,1.7704570276428269,14.15,226.81625498246635
MSFT,2015-12-04,OTHER,,0,1,after,1,0.7411791851779445,0.7411791851779445,0,0.8482563965844409,18.110001,130.0867608508543
MSFT,2015-12-07,OTHER,,0,2,after,1,0.704339935530944,0.704339935530944,0,0.9176049949327355,14.81,136.3452365515431
MSFT,2016-01-29,EARNINGS_GUIDANCE,RESULTS,6,2,after,1,1.102725417398452,1.102725417398452,0,1.6290729029155444,22.42,193.83414917741837
MSFT,2016-03-18,OTHER,,0,2,after,1,-1.3802933190144937,1.3802933190144937,0,1.232815615645843,14.44,-244.2701430851819
MSFT,2016-04-22,EARNINGS_GUIDANCE,RESULTS,6,2,after,1,-4.411028404413375,4.411028404413375,1,0.8782158211519404,13.95,-675.0654490449107
MSFT,2016-05-26,OTHER,,0,2,after,1,-0.22865642629484412,0.22865642629484412,0,1.1986972700640819,13.9,-35.26744677186416
MSFT,2016-06-13,MA_CORPORATE_ACTION,MATERIAL_AGREEMENT,5,4,intraday,1,-1.279197748541606,1.279197748541606,0,0.9330522577381138,17.030001,-221.70203179296257
MSFT,2016-07-06,OTHER,,0,2,after,1,-0.21837116772497778,0.21837116772497778,0,1.4246404788310068,15.58,-37.52710520221375
MSFT,2016-07-08,MANAGEMENT_GOVERNANCE,OFFICER_CHANGE,5,1,after,1,-0.041540129535578944,0.041540129535578944,0,1.4598543052867448,14.76,-6.945060584673144
MSFT,2016-07-20,EARNINGS_GUIDANCE,RESULTS,6,2,after,1,2.9253412861882913,2.9253412861882913,1,1.3697006148480642,11.97,485.36342315067094
MSFT,2016-08-08,OTHER,,0,2,after,1,0.18801852388181037,0.18801852388181037,0,1.0798643931528535,11.39,31.29126907646637
MSFT,2016-09-23,OTHER,,0,3,after,1,0.015671809509085057,0.015671809509085057,0,0.7511053096667003,12.02,2.6648229153040504
MSFT,2016-10-21,EARNINGS_GUIDANCE,RESULTS,6,2,after,1,3.9884575605784396,3.9884575605784396,1,0.7227765181215726,13.75,576.3190152357038
MSFT,2016-12-02,OTHER,,0,2,after,1,0.6724307539555091,0.6724307539555091,0,1.3961205236012357,14.07,94.20480077624813
MSFT,2016-12-09,MA_CORPORATE_ACTION,ACQUISITION_COMPLETED,6,2,after,1,0.8538644165817219,0.8538644165817219,0,1.1752754210640544,12.64,125.23962750350259
MSFT,2017-01-27,EARNINGS_GUIDANCE,RESULTS,6,2,after,1,1.5928875336431247,1.5928875336431247,0,0.6274472801184419,10.63,228.02422598292736
MSFT,2017-02-06,OTHER,,0,2,after,1,-0.12545546779326672,0.12545546779326672,0,0.8955936012136221,10.97,-17.99380934527725
MSFT,2017-03-15,MANAGEMENT_GOVERNANCE,OFFICER_CHANGE,5,2,after,1,-0.33668322249125626,0.33668322249125626,0,0.6259369483686189,12.3,-46.23232529820635
MSFT,2017-04-28,EARNINGS_GUIDANCE,RESULTS,6,2,after,1,1.374592877797162,1.374592877797162,0,0.7582139813542499,10.36,155.91976449600512
MSFT,2017-06-15,OTHER,,0,2,after,1,-0.34595772004061265,0.34595772004061265,0,1.2941637578076046,10.64,-37.357462962182424
MSFT,2017-07-21,EARNINGS_GUIDANCE,RESULTS,6,2,after,1,-0.8220999088160703,0.8220999088160703,0,1.4967523472251605,9.58,-83.67765615358279
MSFT,2017-08-04,OTHER,,0,2,after,1,-0.13662704220722724,0.13662704220722724,0,0.9900486522313762,10.44,-14.335404157263548
MSFT,2017-09-20,MANAGEMENT_GOVERNANCE,OFFICER_CHANGE,5,2,after,1,-1.3247204182228536,1.3247204182228536,0,0.8892992498028714,10.18,-143.77830432673989
MSFT,2017-10-27,EARNINGS_GUIDANCE,RESULTS,6,2,after,1,5.886389378227608,5.886389378227608,1,0.728814238172279,11.3,569.9559912055203
MSFT,2017-12-01,MANAGEMENT_GOVERNANCE,OFFICER_CHANGE,5,2,after,1,-3.7516854730593385,3.7516854730593385,1,1.2314629554311434,11.28,-340.66788364793007
MSFT,2018-02-01,EARNINGS_GUIDANCE,RESULTS,6,2,after,1,-0.33516544740938126,0.33516544740938126,0,1.2819577171209473,13.54,-36.30779905114378
MSFT,2018-04-27,EARNINGS_GUIDANCE,RESULTS,6,2,after,1,0.014264918864799534,0.014264918864799534,0,1.8714911339120521,16.24,1.6434255547140286
MSFT,2018-06-05,OTHER,,0,3,after,1,-0.5556449381522236,0.5556449381522236,0,0.9364680467416683,12.74,-65.02767772326548
MSFT,2018-07-20,EARNINGS_GUIDANCE,RESULTS,6,2,after,1,2.59643447340426,2.59643447340426,1,1.3096430039811287,12.87,311.45923780403336
MSFT,2018-09-20,MANAGEMENT_GOVERNANCE,OFFICER_CHANGE,5,2,after,1,0.8374067209218176,0.8374067209218176,0,1.2622371686940175,11.75,103.6526063340433
MSFT,2018-10-25,EARNINGS_GUIDANCE,RESULTS,6,2,after,1,3.637229226931788,3.637229226931788,1,2.6119084344860224,25.23,431.83362350355776
MSFT,2018-11-30,OTHER,,0,1,after,1,-1.0463697807605319,1.0463697807605319,0,2.567520881512785,18.790001,-121.47322313453843
MSFT,2019-01-31,EARNINGS_GUIDANCE,RESULTS,6,2,after,1,-3.92712986682562,3.92712986682562,1,2.155775176156028,17.66,-500.8590289475758
MSFT,2019-04-25,EARNINGS_GUIDANCE,RESULTS,6,2,after,1,2.4390462951238576,2.4390462951238576,1,0.6133007585210383,13.14,315.7691013859695
MSFT,2019-07-19,EARNINGS_GUIDANCE,RESULTS,6,2,after,1,1.3575373383967495,1.3575373383967495,0,1.0486213286471284,13.53,177.19796946873694
MSFT,2019-09-20,MANAGEMENT_GOVERNANCE,OFFICER_CHANGE,5,2,after,1,-0.6413426737397276,0.6413426737397276,0,1.3852630658115412,14.05,-83.29673351737677
MSFT,2019-10-24,EARNINGS_GUIDANCE,RESULTS,6,2,after,1,1.463455666596015,1.463455666596015,0,1.4175110323763414,14.01,165.1285183692153
MSFT,2019-12-06,OTHER,,0,1,after,1,0.10664439528675596,0.10664439528675596,0,0.7257262388447384,14.52,11.694472402089296
MSFT,2020-01-30,EARNINGS_GUIDANCE,RESULTS,6,2,after,1,3.1130908633143015,3.1130908633143015,1,1.6546393457114195,16.389999,302.15518867007717
MSFT,2020-02-27,OTHER,,0,2,after,1,1.488675421294714,1.488675421294714,0,3.164704497594139,27.559999,140.2185136503474
MSFT,2020-03-16,MANAGEMENT_GOVERNANCE,OFFICER_CHANGE,5,2,after,1,-0.17947345708670187,0.17947345708670187,0,8.074907746958754,57.830002,-17.608014986054826
MSFT,2020-03-31,OTHER,,0,2,intraday,1,2.3105964082806114,2.3105964082806114,1,9.220631717976094,57.080002,246.84317713422126
MSFT,2020-04-30,EARNINGS_GUIDANCE,RESULTS,6,2,after,1,1.9921770356227955,1.9921770356227955,0,3.1293445869206646,31.23,253.79512804694883
MSFT,2020-05-01,OTHER,,0,2,after,1,1.9312694418115979,1.9312694418115979,0,3.1082867784552146,34.150002,246.40595841114617
MSFT,2020-05-15,OTHER,,0,2,after,1,-1.44568868960313,1.44568868960313,0,2.1721041828066547,32.610001,-198.84901312033114
MSFT,2020-06-02,OTHER,,0,2,after,1,-0.9488434796403913,0.9488434796403913,0,1.0113505730122707,28.23,-136.5296670157458
MSFT,2020-06-26,OTHER,,0,2,intraday,1,-0.09819425901690967,0.09819425901690967,0,1.778652981089931,32.220001,-14.757194833037376
MSFT,2020-07-01,MANAGEMENT_GOVERNANCE,OFFICER_CHANGE,5,1,intraday,1,-0.23660598837375366,0.23660598837375366,0,1.8686281101088333,30.43,-36.04214293331977
MSFT,2020-07-07,MANAGEMENT_GOVERNANCE,OFFICER_CHANGE,5,1,intraday,1,0.6982586783137938,0.6982586783137938,0,1.8852480048367293,27.940001,106.49768962588728
MSFT,2020-07-23,EARNINGS_GUIDANCE,RESULTS,6,2,after,1,-2.029415421789974,2.029415421789974,1,1.5647189330795546,24.32,-322.5194966469416
MSFT,2020-08-03,OTHER,,0,2,intraday,1,1.5560192536238553,1.5560192536238553,0,1.6536302707703072,24.459999,248.46823096788873
MSFT,2020-09-22,OTHER,,0,2,after,1,0.159308772348204,0.159308772348204,0,1.8351811701960072,27.780001,28.727352971747845
MSFT,2020-10-28,EARNINGS_GUIDANCE,RESULTS,6,2,after,1,-0.8192415648142765,0.8192415648142765,0,1.2716411198612516,33.349998,-151.7426284711048
MSFT,2020-12-07,OTHER,,0,1,after,1,0.23140736290391647,0.23140736290391647,0,1.0153660907227227,20.790001,43.8779052180059
MSFT,2021-01-27,EARNINGS_GUIDANCE,RESULTS,6,2,after,1,2.3728145260203406,2.3728145260203406,1,1.1211573416467369,23.02,459.86346261172235
MSFT,2021-02-17,OTHER,,0,2,after,1,0.34404847487321055,0.34404847487321055,0,1.0741000175676334,21.459999,65.60912886149227
MSFT,2021-03-03,OTHER,,0,2,after,1,-0.20693630100181082,0.20693630100181082,0,0.923191498388046,24.1,-38.10573806877873
MSFT,2021-03-18,OTHER,,0,2,after,1,-0.6015805866206246,0.6015805866206246,0,1.240129538964926,19.23,-110.53952518654762
MSFT,2021-04-12,OTHER,,0,2,intraday,1,0.3682957003228437,0.3682957003228437,0,1.1124069434781718,16.690001,66.14981874374045
MSFT,2021-04-28,EARNINGS_GUIDANCE,RESULTS,6,2,after,1,-2.4397047772136102,2.4397047772136102,1,0.8356752721593607,17.559999,-429.7747928582858
MSFT,2021-05-21,MANAGEMENT_GOVERNANCE,OFFICER_CHANGE,5,1,after,1,0.35771919552386483,0.35771919552386483,0,1.1471178277544203,20.67,63.254720978169196
MSFT,2021-06-17,OTHER,,0,1,intraday,1,1.6270664385688072,1.6270664385688072,0,0.7693163666318475,18.15,276.82053992257704
MSFT,2021-07-09,OTHER,,0,2,after,1,-1.0785192601449194,1.0785192601449194,0,0.7481027237936962,19.0,-172.38631934801865
MSFT,2021-07-28,EARNINGS_GUIDANCE,RESULTS,6,2,after,1,-0.28755127768270394,0.28755127768270394,0,0.8701233094557944,19.360001,-43.112177754517425
MSFT,2021-10-27,EARNINGS_GUIDANCE,RESULTS,6,2,after,1,2.934619258518045,2.934619258518045,1,1.16517484395713,15.98,384.9291602023468
MSFT,2021-12-01,OTHER,,0,1,after,1,-0.7034384826232544,0.7034384826232544,0,1.0154294424345602,27.190001,-91.16340100609354
MSFT,2022-01-26,EARNINGS_GUIDANCE,RESULTS,6,2,after,1,3.746531800491271,3.746531800491271,1,1.7697473676097188,31.16,463.9692909726529
MSFT,2022-04-27,EARNINGS_GUIDANCE,RESULTS,6,2,after,1,2.561524015393789,2.561524015393789,1,2.1902163061308353,33.52,333.36416134559795
MSFT,2022-06-02,OTHER,,0,2,intraday,1,-0.8833365857180615,0.8833365857180615,0,2.5289963907773494,25.690001,-118.43631962775149
MSFT,2022-07-27,EARNINGS_GUIDANCE,RESULTS,6,2,after,1,3.14946538545572,3.14946538545572,1,1.5435418769441225,24.690001,456.8728624394211
MSFT,2022-10-26,EARNINGS_GUIDANCE,RESULTS,6,2,after,1,-5.809041819084596,5.809041819084596,1,2.35331831716065,28.459999,-832.60290025969
MSFT,2022-12-16,OTHER,,0,1,intraday,1,-0.4944459981393423,0.4944459981393423,0,1.821952085206446,22.83,-78.66123560462557
MSFT,2023-01-18,OTHER,,0,2,intraday,1,-0.33786464017069895,0.33786464017069895,0,1.9081302325784406,19.360001,-51.356599150380944
MSFT,2023-01-25,EARNINGS_GUIDANCE,RESULTS,6,2,after,1,0.6745504943766254,0.6745504943766254,0,1.959455463565227,19.200001,102.20772445860483
MSFT,2023-04-26,EARNINGS_GUIDANCE,RESULTS,6,2,after,1,5.196284818708941,5.196284818708941,1,1.2616595605546919,18.76,817.2229027621293
MSFT,2023-07-26,EARNINGS_GUIDANCE,RESULTS,6,2,after,1,-2.8862950883801948,2.8862950883801948,1,1.145253909936543,13.86,-519.5631994269976
MSFT,2023-10-12,OTHER,,0,2,after,1,-0.003013889781666565,0.003013889781666565,0,1.1286192162041024,16.09,-0.5294829775366259
MSFT,2023-10-13,MA_CORPORATE_ACTION,ACQUISITION_COMPLETED,6,1,intraday,1,-0.2475889505508828,0.2475889505508828,0,1.1221868388723022,16.690001,-43.37597745520423
MSFT,2023-10-17,OTHER,,0,2,after,1,0.5383289477868665,0.5383289477868665,0,1.0756601792359581,17.209999,94.4126442157462
MSFT,2023-10-25,EARNINGS_GUIDANCE,RESULTS,6,2,after,1,1.494481180811612,1.494481180811612,0,0.952443629883464,18.969999,260.92945694381933
MSFT,2023-10-30,OTHER,,0,2,intraday,1,-0.029125658516419805,0.029125658516419805,0,1.3021373609533458,21.27,-5.094092413280918
MSFT,2023-11-07,OTHER,,0,2,after,1,0.7200473592936844,0.7200473592936844,0,1.1872476936450604,14.89,125.9940793801732
MSFT,2023-12-11,OTHER,,0,1,after,1,-0.6623329868750483,0.6623329868750483,0,0.8738373303395351,12.35,-121.60699901532658
MSFT,2024-01-22,OPERATIONAL_ESG,CYBER_INCIDENT,8,3,after,1,-0.43522823342293687,0.43522823342293687,0,0.6165563981599971,13.3,-75.57477536691366
MSFT,2024-01-31,EARNINGS_GUIDANCE,RESULTS,6,2,after,1,-0.546230700431308,0.546230700431308,0,0.6250160174524959,13.31,-95.44971233195267
MSFT,2024-03-08,OPERATIONAL_ESG,CYBER_INCIDENT,8,3,intraday,1,-0.2930569186277597,0.2930569186277597,0,1.1357727668968938,14.44,-47.79271868241
MSFT,2024-04-26,EARNINGS_GUIDANCE,RESULTS,6,2,after,1,-0.5679084399903557,0.5679084399903557,0,1.1495030771749541,15.37,-81.85980952589522
MSFT,2024-07-31,EARNINGS_GUIDANCE,RESULTS,6,2,after,1,-1.2864528348258264,1.2864528348258264,0,1.529318797909171,17.690001,-164.2884444184069
MSFT,2024-08-22,OTHER,,0,2,after,1,-1.6099136018138611,1.6099136018138611,0,1.4527657096743707,16.27,-210.18890745760376
MSFT,2024-10-31,EARNINGS_GUIDANCE,RESULTS,6,2,after,1,-2.7572888367714703,2.7572888367714703,1,0.9203087423527468,20.35,-330.16798712643515
MSFT,2024-12-04,OTHER,,0,2,after,1,1.967420122542722,1.967420122542722,0,1.5445360127808956,13.3,221.70419654914696
MSFT,2024-12-12,OTHER,,0,2,after,1,0.32835941151490977,0.32835941151490977,0,1.4258365489231792,13.58,37.09336245206564
MSFT,2025-01-23,MANAGEMENT_GOVERNANCE,OFFICER_CHANGE,5,1,after,1,-0.49344607987292244,0.49344607987292244,0,1.7737293381816535,15.1,-61.14976616831836
MSFT,2025-01-30,EARNINGS_GUIDANCE,RESULTS,6,2,after,1,-5.02959502951055,5.02959502951055,1,1.8355466342646993,16.559999,-621.4493895011489
MSFT,2025-05-01,EARNINGS_GUIDANCE,RESULTS,6,2,after,1,5.2075766327226365,5.2075766327226365,1,2.866422789754851,24.700001,737.4837557594531
MSFT,2025-07-02,OTHER,,0,2,after,1,0.1529055277424246,0.1529055277424246,0,0.6337127039724967,16.83,24.205723144418574
MSFT,2025-07-31,EARNINGS_GUIDANCE,RESULTS,6,2,after,1,2.527535661519554,2.527535661519554,1,0.5941536013857238,15.48,390.9723779502768
MSFT,2025-10-01,MANAGEMENT_GOVERNANCE,OFFICER_CHANGE,5,1,after,1,-0.5989955856936656,0.5989955856936656,0,0.879338477288215,16.280001,-96.29424078087655
MSFT,2025-10-30,EARNINGS_GUIDANCE,RESULTS,6,3,after,1,-2.50557958496319,2.50557958496319,1,0.8654800815721472,16.92,-390.3870201158877
MSFT,2025-12-09,MANAGEMENT_GOVERNANCE,OFFICER_CHANGE,5,2,after,1,-2.056791204664705,2.056791204664705,1,1.254434978189087,16.66,-312.799267440819
MSFT,2026-01-29,EARNINGS_GUIDANCE,RESULTS,6,2,after,1,-7.470260191866174,7.470260191866174,1,1.4864772232537005,16.35,-1086.6766839986992
MSFT,2026-04-30,EARNINGS_GUIDANCE,RESULTS,6,2,after,1,-1.7769051514098375,1.7769051514098375,0,1.4649624167028985,18.809999,-325.8071350825371
MSFT,2026-05-15,MANAGEMENT_GOVERNANCE,OFFICER_CHANGE,5,2,after,1,2.638759728960562,2.638759728960562,1,1.3036787186781833,17.26,486.9498722372337
MSFT,2026-06-05,MANAGEMENT_GOVERNANCE,OFFICER_CHANGE,5,1,intraday,1,-0.6375573723390977,0.6375573723390977,0,1.6106803461157744,15.4,-125.77897822589071
MSFT,2026-07-30,EARNINGS_GUIDANCE,RESULTS,6,2,after,1,7.012018826162411,7.012018826162411,1,0.9677588539469273,20.66,1565.5815807687995
MSFT,2026-09-03,OTHER,,0,2,after,1,0.1540374955660007,0.1540374955660007,0,0.7721204280399809,15.2,37.902912896985164
NEE,2008-01-29,EARNINGS_GUIDANCE,RESULTS,6,2,after,1,0.474226505356746,0.474226505356746,0,1.9099674495733692,27.780001,83.55865623157356
NEE,2008-02-25,MANAGEMENT_GOVERNANCE,OFFICER_CHANGE,5,3,pre,1,-0.7629157958936302,0.7629157958936302,0,1.174465746253081,24.059999,-143.8022129730986
NEE,2008-03-19,OTHER,,0,1,pre,1,-0.821905818653996,0.821905818653996,0,1.0837390442195245,25.790001,-163.65623221011262
NEE,2008-03-28,OTHER,,0,1,after,1,-0.23408522319127248,0.23408522319127248,0,1.1356030487928772,25.879999,-46.22343906622289
NEE,2008-04-01,MA_CORPORATE_ACTION,DEBT_ISSUANCE,3,1,pre,1,0.7499537898932902,0.7499537898932902,0,0.8785698892444485,25.610001,148.5514610509665
NEE,2008-05-01,EARNINGS_GUIDANCE,RESULTS,6,2,after,1,0.5753838365926014,0.5753838365926014,0,0.759786706742222,20.790001,117.04766896236947
NEE,2008-05-28,MANAGEMENT_GOVERNANCE,OFFICER_CHANGE,5,1,pre,1,0.7135769242313879,0.7135769242313879,0,0.958479136707557,19.639999,140.8435758191721
NEE,2008-06-18,OTHER,,0,2,pre,1,0.13859906745794662,0.13859906745794662,0,0.9783260935850332,21.129999,27.57741911095006
NEE,2008-08-01,EARNINGS_GUIDANCE,RESULTS,6,2,after,1,-3.903919898072715,3.903919898072715,1,1.033433605191293,22.940001,-713.3622549889809
NEE,2008-09-04,OTHER,,0,1,after,1,-0.904899088145776,0.904899088145776,0,1.2279379662243106,21.43,-173.54635495808256
NEE,2008-09-17,OTHER,,0,2,after,1,0.1020292010912173,0.1020292010912173,0,1.2905193446647503,30.299999,20.327128760629297
NEE,2008-09-23,MA_CORPORATE_ACTION,DEBT_ISSUANCE,3,1,after,1,0.5960003037822083,0.5960003037822083,0,2.1302828525400974,33.849998,122.74752361910463
NEE,2008-09-25,OTHER,,0,1,pre,1,0.9121039805936824,0.9121039805936824,0,2.1121930441600796,35.189999,189.36248845243836
NEE,2008-10-22,OTHER,,0,2,pre,1,2.4201355697580933,2.4201355697580933,1,4.19783228060827,53.110001,503.78902341537787
NEE,2008-10-28,EARNINGS_GUIDANCE,RESULTS,6,2,after,1,2.4268084111492727,2.4268084111492727,1,4.469509762436718,80.059998,500.44645984895044
NEE,2008-11-11,OTHER,,0,1,after,1,0.2179649304790089,0.2179649304790089,0,4.090387078243597,59.98,46.5745466921498
NEE,2008-11-18,OTHER,,0,2,pre,1,0.6326141822797823,0.6326141822797823,0,3.373293432127459,69.150002,140.41320281146872
NEE,2008-12-16,OTHER,,0,2,pre,1,0.30284915108750055,0.30284915108750055,0,2.224665228730911,56.759998,77.04797217479741
NEE,2008-12-19,MANAGEMENT_GOVERNANCE,OFFICER_CHANGE,5,2,after,1,1.0931075848790608,1.0931075848790608,0,2.3014275047592156,47.34,277.3195340392553
NEE,2008-12-22,MA_CORPORATE_ACTION,DEBT_ISSUANCE,3,1,pre,1,0.24759973918652622,0.24759973918652622,0,1.7810201566961932,44.93,62.43310572570247
NEE,2008-12-23,MA_CORPORATE_ACTION,DEBT_ISSUANCE,3,1,pre,1,-0.4330053692847351,0.4330053692847351,0,1.8086907958185592,44.560001,-107.67293263596098
NEE,2009-01-06,MA_CORPORATE_ACTION,DEBT_ISSUANCE,3,3,after,1,-0.18089628792948523,0.18089628792948523,0,1.2194575806440704,39.080002,-48.86659751313083
NEE,2009-01-08,MANAGEMENT_GOVERNANCE,OFFICER_CHANGE,5,2,pre,1,0.0846649622949271,0.0846649622949271,0,1.2461469201108146,43.389999,22.909228517604582
NEE,2009-01-26,MA_CORPORATE_ACTION,DEBT_ISSUANCE,3,1,pre,1,1.5034860607656821,1.5034860607656821,0,0.7084656901304562,47.27,413.8388567358655
NEE,2009-01-27,OTHER,,0,1,pre,1,0.3973655028400768,0.3973655028400768,0,0.7453025091457817,45.689999,109.41876123284365
NEE,2009-01-28,EARNINGS_GUIDANCE,RESULTS,6,5,after,2,0.2395956211893541,0.2395956211893541,0,0.878871264614683,42.25,66.0618815111525
NEE,2009-03-10,OTHER,,0,2,after,1,-0.4206773319488718,0.4206773319488718,0,1.0188434056522007,49.68,-122.27632439882119
NEE,2009-03-18,OTHER,,0,1,after,1,0.8412005596419833,0.8412005596419833,0,1.2057265727676445,40.799999,247.18688617387485
NEE,2009-03-19,OTHER,,0,1,pre,1,0.5504646362959097,0.5504646362959097,0,1.2564435998988854,40.060001,161.90813668809741
NEE,2009-03-20,OTHER,,0,2,pre,1,-0.813550530197764,0.813550530197764,0,1.2148731868039315,43.68,-239.73636735738813
NEE,2009-04-29,EARNINGS_GUIDANCE,RESULTS,6,2,after,1,-0.9677004915061618,0.9677004915061618,0,0.7887703357236935,37.950001,-292.0446922146665
NEE,2009-05-19,MA_CORPORATE_ACTION,DEBT_ISSUANCE,3,1,pre,1,-0.11222091891773103,0.11222091891773103,0,0.969858565378736,30.24,-34.05272725957032
NEE,2009-05-28,OTHER,,0,1,after,1,0.3803286819469196,0.3803286819469196,0,0.9218075472239978,32.360001,117.15233327818736
NEE,2009-06-01,MANAGEMENT_GOVERNANCE,OFFICER_CHANGE,5,3,pre,1,-0.04125402909076054,0.04125402909076054,0,0.863451257460379,28.92,-12.67546955352708
NEE,2009-06-22,MA_CORPORATE_ACTION,DEBT_ISSUANCE,3,1,after,1,0.6490288558164453,0.6490288558164453,0,0.6690005168800172,27.99,205.5819479319298
NEE,2009-06-23,OTHER,,0,1,after,1,-0.14583632014793563,0.14583632014793563,0,0.6521578587175693,31.17,-46.12326309655749
NEE,2009-07-23,MA_CORPORATE_ACTION,DEBT_ISSUANCE,3,1,after,1,0.09148056055054662,0.09148056055054662,0,0.6744328350300858,23.469999,28.089786104554303
NEE,2009-07-29,EARNINGS_GUIDANCE,RESULTS,6,2,after,1,-0.04833607721691672,0.04833607721691672,0,0.8701727183650134,25.01,-14.715925761252528
NEE,2009-08-04,OTHER,,0,2,intraday,1,-0.39384183526634303,0.39384183526634303,0,0.7861324912244791,25.559999,-119.75643050676044
NEE,2009-08-18,MANAGEMENT_GOVERNANCE,OFFICER_CHANGE,5,1,after,1,-0.09692987942666237,0.09692987942666237,0,0.6631026846935608,27.889999,-29.600077959525787
NEE,2009-09-11,OTHER,,0,1,after,1,0.307411546935908,0.307411546935908,0,0.3043976887843856,23.549999,92.15316643547189
NEE,2009-10-16,MA_CORPORATE_ACTION,DEBT_ISSUANCE,3,1,after,1,0.6141074271155137,0.6141074271155137,0,0.544021099622131,21.719999,155.8989512529936
NEE,2009-10-21,MANAGEMENT_GOVERNANCE,OFFICER_CHANGE,5,2,pre,1,-0.031531806054596045,0.031531806054596045,0,0.6552098940565346,20.9,-8.03696845006212
NEE,2009-10-28,EARNINGS_GUIDANCE,RESULTS,6,2,after,1,-0.6786031928525421,0.6786031928525421,0,0.7336693198435248,24.83,-169.79317139840347
NEE,2009-10-29,OTHER,,0,1,after,1,-0.6794909142612399,0.6794909142612399,0,0.7387188200707158,27.91,-170.0373162056288
NEE,2009-11-11,OTHER,,0,2,pre,1,0.2650802841179171,0.2650802841179171,0,0.8740368811995962,22.84,58.129454531639766
NEE,2009-12-16,MANAGEMENT_GOVERNANCE,OFFICER_CHANGE,5,1,after,1,-0.7509718706521711,0.7509718706521711,0,0.7528378406422221,21.49,-147.3013876305475
NEE,2009-12-21,MA_CORPORATE_ACTION,DEBT_ISSUANCE,3,1,pre,1,-1.0773749804148318,1.0773749804148318,0,0.7736090640578875,21.68,-210.82859698271596
NEE,2009-12-23,OTHER,,0,2,pre,1,-1.0234875134650503,1.0234875134650503,0,0.7908322543998858,19.540001,-199.73372627587077
NEE,2010-01-21,OTHER,,0,1,pre,1,-0.7316756954916193,0.7316756954916193,0,0.9209337347348335,18.68,-135.11309150424023
NEE,2010-01-27,EARNINGS_GUIDANCE,RESULTS,6,3,after,1,-0.024506193326640398,0.024506193326640398,0,1.1465793472033303,24.549999,-4.5447669751216315
NEE,2010-02-10,OTHER,,0,2,pre,1,-0.8161959011706158,0.8161959011706158,0,1.1654978096601456,26.0,-149.15767438693763
NEE,2010-02-22,OTHER,,0,2,pre,1,0.27947542591417784,0.27947542591417784,0,1.1085268303943518,20.02,50.24010119748227
NEE,2010-03-02,OTHER,,0,1,pre,1,-0.5884600721709496,0.5884600721709496,0,1.0105318989491938,19.26,-105.97951971925895
NEE,2010-03-22,OTHER,,0,2,after,1,-0.6623240570400275,0.6623240570400275,0,0.6849172069099967,16.969999,-118.33935737675213
NEE,2010-03-29,MA_CORPORATE_ACTION,DEBT_ISSUANCE,3,1,after,1,-0.28378467339815944,0.28378467339815944,0,0.6684691432837689,17.77,-49.70068754752574
NEE,2010-04-12,MA_CORPORATE_ACTION,DEBT_ISSUANCE,3,1,after,1,-0.21041563110156256,0.21041563110156256,0,0.7080096730726033,16.139999,-37.32018687477106
NEE,2010-04-20,MA_CORPORATE_ACTION,DEBT_ISSUANCE,3,1,after,1,2.3839196768757063,2.3839196768757063,1,0.8751684966713376,17.34,383.1917582201645
NEE,2010-04-28,EARNINGS_GUIDANCE,RESULTS,6,2,after,1,0.21380329688056612,0.21380329688056612,0,1.0806269754821307,22.809999,33.69483704611594
NEE,2010-05-04,OTHER,,0,1,after,1,-0.709793890338907,0.709793890338907,0,1.1566217029777146,20.190001,-109.86854080053448
NEE,2010-05-10,MA_CORPORATE_ACTION,DEBT_ISSUANCE,3,1,after,1,0.2854543980213701,0.2854543980213701,0,1.3066699125107355,40.950001,42.976059304131056
NEE,2010-05-19,OTHER,,0,2,after,1,-0.8242393059738222,0.8242393059738222,0,1.150550826428048,33.549999,-125.00190376046297
NEE,2010-05-24,OTHER,,0,1,after,1,-0.7735397463245592,0.7735397463245592,0,1.3870132217198181,40.099998,-116.64618633418104
NEE,2010-05-25,OTHER,,0,4,after,1,-2.1312771816283074,2.1312771816283074,1,1.3909158880002446,38.32,-320.8336102396206
NEE,2010-06-07,MA_CORPORATE_ACTION,DEBT_ISSUANCE,3,1,after,1,0.6473141037926832,0.6473141037926832,0,1.622845016790729,35.48,98.04840602440893
NEE,2010-06-15,OTHER,,0,1,after,1,0.7404541631758598,0.7404541631758598,0,1.7478072297583411,28.58,113.9495732546818
NEE,2010-06-17,OTHER,,0,2,intraday,1,1.0735691303072286,1.0735691303072286,0,1.775366595393715,25.92,165.30193614219007
NEE,2010-07-26,EARNINGS_GUIDANCE,RESULTS,6,2,after,1,0.9046360765828018,0.9046360765828018,0,0.9364172015508883,23.469999,136.0597476118726
NEE,2010-08-03,MANAGEMENT_GOVERNANCE,OFFICER_CHANGE,5,1,after,1,-0.5135630233400934,0.5135630233400934,0,1.1664357819932274,22.01,-76.89325827118685
NEE,2010-08-23,OTHER,,0,2,after,1,2.0920757377612884,2.0920757377612884,1,1.2261016316292035,25.49,314.75294552180384
NEE,2010-09-01,OTHER,,0,2,after,1,-0.5140096224188198,0.5140096224188198,0,1.0578768495065425,26.049999,-75.9497559706512
NEE,2010-09-15,OTHER,,0,1,after,1,-1.547884997932519,1.547884997932519,0,0.9942415404158544,21.559999,-230.59066845976824
NEE,2010-09-22,MA_CORPORATE_ACTION,DEBT_ISSUANCE,3,3,after,1,-0.09430414970298193,0.09430414970298193,0,0.9626822706676925,22.35,-14.08989259892371
NEE,2010-10-04,MA_CORPORATE_ACTION,DEBT_ISSUANCE,3,1,after,1,-0.5692854773653709,0.5692854773653709,0,0.9050416013015364,22.5,-85.51069406892455
NEE,2010-11-01,EARNINGS_GUIDANCE,RESULTS,6,2,after,1,-1.1743714336467148,1.1743714336467148,0,0.5944333495259395,21.200001,-174.74472447389184
NEE,2010-12-10,OTHER,,0,2,after,1,1.080877276518849,1.080877276518849,0,0.6049957336279276,17.25,153.45737129801216
NEE,2010-12-16,OTHER,,0,1,pre,1,0.8346875946674774,0.8346875946674774,0,0.700433746417276,17.940001,119.12259393909393
NEE,2010-12-17,MA_CORPORATE_ACTION,DEBT_ISSUANCE,3,1,pre,1,0.26839546763479516,0.26839546763479516,0,0.7210004224934882,17.389999,38.22354750120741
NEE,2011-01-21,MA_CORPORATE_ACTION,DEBT_ISSUANCE,3,1,pre,1,-0.5216577811891341,0.5216577811891341,0,0.7123833217887932,17.99,-68.13841900316146
NEE,2011-01-26,EARNINGS_GUIDANCE,RESULTS,6,2,after,1,-0.5530172402121208,0.5530172402121208,0,0.7158265061015647,17.59,-71.9306541826635
NEE,2011-02-09,OTHER,,0,1,after,1,-0.25949741874233473,0.25949741874233473,0,0.8606946298750368,15.81,-33.27385564144479
NEE,2011-02-11,MA_CORPORATE_ACTION,DEBT_ISSUANCE,3,1,pre,1,-1.1774796702567651,1.1774796702567651,0,0.7921142668528485,16.09,-150.56311684940496
NEE,2011-04-29,EARNINGS_GUIDANCE,RESULTS,6,3,intraday,1,-0.3669592801907838,0.3669592801907838,0,0.9271806605864524,14.62,-41.74980146187267
NEE,2011-05-26,MANAGEMENT_GOVERNANCE,OFFICER_CHANGE,5,3,after,1,0.04872685164191348,0.04872685164191348,0,0.9457136864759794,17.07,5.339479113553743
NEE,2011-06-02,OTHER,,0,1,after,1,-1.1202171288527307,1.1202171288527307,0,0.9313991865568692,18.299999,-119.82924089173463
NEE,2011-06-13,OTHER,,0,2,after,1,-0.09455500706493143,0.09455500706493143,0,0.7439573131457633,18.860001,-9.988989619509683
NEE,2011-07-27,EARNINGS_GUIDANCE,RESULTS,6,2,intraday,1,-0.5424287264810758,0.5424287264810758,0,0.9487013975355074,20.23,-54.39076155238068
NEE,2011-08-31,MA_CORPORATE_ACTION,DEBT_ISSUANCE,3,1,pre,1,0.9695596995368952,0.9695596995368952,0,3.5346009798763873,32.889999,90.43051917000538
NEE,2011-09-07,OTHER,,0,1,intraday,1,-1.9130592894356204,1.9130592894356204,0,2.9359010669987105,37.0,-172.7974899464982
NEE,2011-10-06,MANAGEMENT_GOVERNANCE,OFFICER_CHANGE,5,2,after,1,1.4364478416578912,1.4364478416578912,0,1.8469662415534303,37.810001,142.7916148316074
NEE,2011-10-19,MANAGEMENT_GOVERNANCE,OFFICER_CHANGE,5,2,after,1,0.9378782855464907,0.9378782855464907,0,1.6956546813089166,31.559999,90.14428614602082
NEE,2011-11-04,EARNINGS_GUIDANCE,RESULTS,6,2,intraday,1,-2.8650888748027854,2.8650888748027854,1,1.7981320078042653,30.5,-287.1018948039218
NEE,2011-11-22,MA_CORPORATE_ACTION,DEBT_ISSUANCE,3,1,after,1,-1.7182786935884504,1.7182786935884504,0,2.1259540055512938,32.91,-174.6836419929175
NEE,2011-11-30,OTHER,,0,1,after,1,-0.4436945563031158,0.4436945563031158,0,2.0477140761680417,30.639999,-44.974799831937524
NEE,2011-12-08,OTHER,,0,1,pre,1,0.9453122964184518,0.9453122964184518,0,1.5729113476287393,28.67,93.96725688219017
NEE,2011-12-14,OTHER,,0,2,pre,1,1.2749727094024972,1.2749727094024972,0,1.6155257766214723,25.41,127.83199693324599
NEE,2011-12-21,MANAGEMENT_GOVERNANCE,OFFICER_CHANGE,5,1,after,1,0.8705631834515861,0.8705631834515861,0,1.5226842256300763,23.219999,89.30481530541135
NEE,2011-12-28,MA_CORPORATE_ACTION,DEBT_ISSUANCE,3,1,after,1,0.6188582766680999,0.6188582766680999,0,1.2326630241152723,21.91,62.5470659191573
NEE,2012-01-18,OTHER,,0,1,after,1,-1.725356197913975,1.725356197913975,0,0.9634393906074554,22.200001,-173.39149490344548
NEE,2012-01-30,EARNINGS_GUIDANCE,RESULTS,6,2,after,1,0.005012687384820561,0.005012687384820561,0,1.016653313028853,18.530001,0.507353043966445
NEE,2012-02-10,MA_CORPORATE_ACTION,DEBT_ISSUANCE,3,1,pre,1,-0.5660106441592949,0.5660106441592949,0,0.8015780226611315,18.629999,-57.263565498657954
NEE,2012-03-08,OTHER,,0,1,after,1,-0.587788287105531,0.587788287105531,0,0.6847367945268249,19.07,-58.3772421970496
NEE,2012-03-19,MANAGEMENT_GOVERNANCE,OFFICER_CHANGE,5,3,pre,1,-0.12293028869118,0.12293028869118,0,0.8480758980726391,14.47,-12.092097455024577
NEE,2012-03-20,OTHER,,0,1,after,1,0.6407712602972371,0.6407712602972371,0,0.8290884038609612,15.04,63.04641670856712
NEE,2012-03-28,OTHER,,0,2,after,1,-0.3178927167572116,0.3178927167572116,0,0.7748425997451195,15.59,-31.12694868273528
NEE,2012-04-25,EARNINGS_GUIDANCE,RESULTS,6,2,intraday,1,-0.5357226432769007,0.5357226432769007,0,0.9129781844686292,18.1,-52.23074144794098
NEE,2012-05-07,OTHER,,0,2,pre,1,1.1375621494206183,1.1375621494206183,0,0.8206725598423636,19.16,110.67155735416983
NEE,2012-05-16,OTHER,,0,2,after,1,0.14990218576534414,0.14990218576534414,0,0.8445616257416652,21.969999,14.535526896354037
NEE,2012-05-22,OTHER,,0,2,after,1,-0.6864248611688623,0.6864248611688623,0,0.809601156210989,22.01,-67.25509259104818
NEE,2012-05-30,OTHER,,0,1,pre,1,1.390317694907548,1.390317694907548,0,0.8170215874987429,21.030001,136.4282688138439
NEE,2012-06-18,OTHER,,0,2,after,1,-0.7514626578329964,0.7514626578329964,0,0.9504517280174262,21.110001,-73.55818435215731
NEE,2012-06-19,OTHER,,0,1,after,1,-2.149959121717378,2.149959121717378,1,0.9578702827910821,18.32,-210.5927435496638
NEE,2012-07-26,EARNINGS_GUIDANCE,RESULTS,6,2,intraday,1,1.106133384616462,1.106133384616462,0,1.0439472471627032,19.34,108.05121852008274
NEE,2012-07-30,MANAGEMENT_GOVERNANCE,OFFICER_CHANGE,5,1,after,1,-0.14364821714589054,0.14364821714589054,0,1.339026355988537,16.700001,-13.769987264775022
NEE,2012-08-16,OTHER,,0,2,pre,1,-0.09697957199149873,0.09697957199149873,0,1.3408797164434385,14.63,-8.893438886386912
NEE,2012-09-05,OTHER,,0,1,after,1,-0.9843907752211755,0.9843907752211755,0,0.9302725136063296,17.98,-86.77271709480952
NEE,2012-09-12,OTHER,,0,2,pre,1,0.2705500402911441,0.2705500402911441,0,0.8243405320548263,16.41,24.251492124594368
NEE,2012-09-24,OTHER,,0,2,after,1,2.0392013448360955,2.0392013448360955,1,1.2252983075866817,13.98,181.83840838267676
NEE,2012-10-01,MA_CORPORATE_ACTION,DEBT_ISSUANCE,3,1,after,1,-0.06047266959126014,0.06047266959126014,0,1.2437904075601394,15.73,-5.3884489941360965
NEE,2012-10-15,MANAGEMENT_GOVERNANCE,OFFICER_CHANGE,5,2,pre,1,0.5577472686717811,0.5577472686717811,0,0.8322788935939976,16.139999,48.65852794334388
NEE,2012-10-24,EARNINGS_GUIDANCE,RESULTS,6,2,intraday,1,-1.9499713946297,1.9499713946297,0,1.1367553443022904,18.83,-163.66488412094557
NEE,2012-11-20,OTHER,,0,2,after,1,-1.1622242171928938,1.1622242171928938,0,1.246528853372587,15.24,-98.57631113520841
NEE,2012-12-05,OTHER,,0,1,after,1,1.683316349978158,1.683316349978158,0,1.2864511803666994,17.120001,143.55909378323682
NEE,2012-12-17,OTHER,,0,1,after,1,1.1352416331588067,1.1352416331588067,0,1.1941871758598641,17.0,97.82588572926466
NEE,2012-12-21,MA_CORPORATE_ACTION,DEBT_ISSUANCE,3,3,pre,1,-0.6572073784853499,0.6572073784853499,0,1.2313660043225017,17.67,-56.51381571155193
NEE,2013-01-30,EARNINGS_GUIDANCE,RESULTS,6,2,after,1,-0.7432221574539543,0.7432221574539543,0,0.8407295792601394,13.31,-66.34146335450333
NEE,2013-02-20,MANAGEMENT_GOVERNANCE,OFFICER_CHANGE,5,1,pre,1,0.13975076160165667,0.13975076160165667,0,0.5812764831090104,12.31,12.613461195427064
NEE,2013-03-13,OTHER,,0,2,after,1,0.8654770610478866,0.8654770610478866,0,1.0175884752470459,12.27,77.75479722060959
NEE,2013-04-30,EARNINGS_GUIDANCE,RESULTS,6,2,intraday,1,0.3566787915072124,0.3566787915072124,0,1.0894131110232173,13.71,31.1175212227178
NEE,2013-05-16,MA_CORPORATE_ACTION,DEBT_ISSUANCE,3,1,after,1,-0.4959949234029877,0.4959949234029877,0,1.340710736635115,12.81,-43.97064945514153
NEE,2013-05-30,MANAGEMENT_GOVERNANCE,OFFICER_CHANGE,5,2,pre,1,1.3199446394515302,1.3199446394515302,0,1.5889081196378676,14.83,116.98442283826172
NEE,2013-06-05,OTHER,,0,1,pre,1,1.4839443267506776,1.4839443267506776,0,1.5149047741640977,16.27,131.56378650088237
NEE,2013-06-06,OTHER,,0,2,after,1,2.75106756284104,2.75106756284104,1,1.5063145159417668,17.5,242.9148310476673
NEE,2013-06-07,OTHER,,0,2,after,1,1.0221765976605095,1.0221765976605095,0,1.627375310992775,16.629999,90.33321362073806
NEE,2013-07-01,MA_CORPORATE_ACTION,DEBT_ISSUANCE,3,1,pre,1,-1.9276233014357185,1.9276233014357185,0,2.08147035861271,16.860001,-174.09057009032173
NEE,2013-07-30,EARNINGS_GUIDANCE,RESULTS,6,2,intraday,1,2.1274108107303844,2.1274108107303844,1,1.2002129140902265,13.39,198.51914615387284
NEE,2013-08-12,OTHER,,0,2,after,1,-1.6484274497790594,1.6484274497790594,0,1.276260722592422,13.41,-160.36896193413935
NEE,2013-09-11,OTHER,,0,1,intraday,1,-1.8774740748777177,1.8774740748777177,0,1.1391653619100013,14.53,-185.80510655930692
NEE,2013-09-26,OTHER,,0,2,after,1,-0.3844950053550078,0.3844950053550078,0,1.817387581152556,14.01,-38.51308974192601
NEE,2013-10-23,MANAGEMENT_GOVERNANCE,OFFICER_CHANGE,5,1,pre,1,0.19123242767353185,0.19123242767353185,0,1.2718844696683513,13.33,19.06657084521687
NEE,2013-11-01,EARNINGS_GUIDANCE,RESULTS,6,2,intraday,1,3.1234239979942817,3.1234239979942817,1,1.1791903829808712,13.75,332.21141803770604
NEE,2013-11-25,OTHER,,0,2,pre,1,-0.8972384075573354,0.8972384075573354,0,1.7641958770843502,12.26,-95.1249265745686
NEE,2013-12-18,MA_CORPORATE_ACTION,DEBT_ISSUANCE,3,1,after,1,-0.01390187562590235,0.01390187562590235,0,0.7918388718939926,16.209999,-1.569364914532598
NEE,2014-01-29,EARNINGS_GUIDANCE,RESULTS,6,2,after,1,1.9792562339575666,1.9792562339575666,0,1.0709746760167889,15.8,229.99338822850294
NEE,2014-02-03,OTHER,,0,2,pre,1,-0.6301015454918296,0.6301015454918296,0,1.2009833785176522,18.41,-73.24117159121298
NEE,2014-02-19,MANAGEMENT_GOVERNANCE,OFFICER_CHANGE,5,1,after,1,-0.8240769286627521,0.8240769286627521,0,1.3013928061360713,13.87,-94.95246757521929
NEE,2014-03-12,OTHER,,0,2,after,1,3.370595109083707,3.370595109083707,1,0.9251580773226497,14.8,391.9935076604453
NEE,2014-04-30,EARNINGS_GUIDANCE,RESULTS,6,2,intraday,1,1.369251829191923,1.369251829191923,0,1.140049582304875,13.71,165.3567580160244
NEE,2014-05-16,OTHER,,0,2,after,1,-1.9614271590878312,1.9614271590878312,0,1.1289593775615328,13.17,-235.6188266643771
NEE,2014-05-28,OTHER,,0,2,pre,1,0.2290063673241936,0.2290063673241936,0,1.2698759439191207,11.51,28.000714646544672
NEE,2014-06-09,OTHER,,0,2,after,1,-1.5976108993567655,1.5976108993567655,0,0.8968845974626802,10.73,-194.5117679398992
NEE,2014-06-19,MA_CORPORATE_ACTION,DEBT_ISSUANCE,3,1,after,1,-0.05443269426870228,0.05443269426870228,0,0.8587094136128633,10.61,-6.644275621929701
NEE,2014-06-20,OTHER,,0,1,after,1,-0.6461829470076311,0.6461829470076311,0,0.8607197687819754,10.62,-78.83691001320494
NEE,2014-07-09,MA_CORPORATE_ACTION,DEBT_ISSUANCE,3,1,pre,1,0.29772583423636095,0.29772583423636095,0,1.0714339822706735,11.98,37.90538594992016
NEE,2014-07-25,MA_CORPORATE_ACTION,DEBT_ISSUANCE,3,1,after,1,0.8486387143973784,0.8486387143973784,0,0.9828390903635216,11.84,106.97282589048933
NEE,2014-07-29,EARNINGS_GUIDANCE,RESULTS,6,3,intraday,2,-2.484839034504366,2.484839034504366,1,1.0001761490999597,12.56,-313.63869192866474
NEE,2014-09-03,OTHER,,0,1,after,1,-0.022678850398518694,0.022678850398518694,0,0.847445883567647,12.25,-2.9485895450286246
NEE,2014-09-11,OTHER,,0,2,after,1,-1.177339498429855,1.177339498429855,0,0.8652660336999396,12.88,-147.13799777193756
NEE,2014-10-17,OTHER,,0,1,after,1,0.4787409462319002,0.4787409462319002,0,1.1037721479152027,25.200001,60.93250376657878
NEE,2014-10-31,EARNINGS_GUIDANCE,RESULTS,6,2,intraday,1,0.16913795081849467,0.16913795081849467,0,1.248990195346565,14.52,20.678867281738093
NEE,2014-12-04,MA_CORPORATE_ACTION,MATERIAL_AGREEMENT,5,5,pre,2,-1.2799921700323966,1.2799921700323966,0,0.8609708663512093,12.5,-157.07391681410442
NEE,2014-12-22,MA_CORPORATE_ACTION,DEBT_ISSUANCE,3,1,pre,1,-0.048154423321533246,0.048154423321533246,0,1.3334688718490049,16.49,-6.117790717435384
NEE,2014-12-23,OTHER,,0,1,pre,1,1.30533399931814,1.30533399931814,0,1.3226784903293471,15.25,165.99884226862886
NEE,2015-01-28,EARNINGS_GUIDANCE,RESULTS,6,2,after,1,0.4214979665656094,0.4214979665656094,0,0.861636593897504,17.219999,53.918173051762565
NEE,2015-02-18,MANAGEMENT_GOVERNANCE,OFFICER_CHANGE,5,1,after,1,1.4210020112264659,1.4210020112264659,0,1.7071926489843818,15.8,186.28047955067493
NEE,2015-03-12,OTHER,,0,2,after,1,1.6753259836590009,1.6753259836590009,0,1.406432910943282,16.870001,216.81984637698096
NEE,2015-04-01,OTHER,,0,1,after,1,0.5050758080351343,0.5050758080351343,0,1.5349834263940267,15.29,69.54054065957692
NEE,2015-04-29,EARNINGS_GUIDANCE,RESULTS,6,2,intraday,1,-1.4865927439315272,1.4865927439315272,0,0.7688237734389131,12.41,-208.5640448874235
NEE,2015-05-08,OTHER,,0,2,pre,1,-0.8842075032929211,0.8842075032929211,0,1.0520300597948937,15.13,-123.04103101920859
NEE,2015-05-21,MA_CORPORATE_ACTION,DEBT_ISSUANCE,3,1,pre,1,-0.2262619225225725,0.2262619225225725,0,1.0172523675852767,12.88,-31.544680577605902
NEE,2015-05-29,OTHER,,0,5,after,2,1.1278474687925262,1.1278474687925262,0,0.9092173369920091,13.31,156.05226365593413
NEE,2015-06-12,OTHER,,0,1,after,1,0.3507767732439538,0.3507767732439538,0,0.9276931255646327,12.85,48.3357014326786
NEE,2015-06-17,OTHER,,0,1,pre,1,1.295041664557269,1.295041664557269,0,0.9018982739955024,14.81,178.34754241772777
NEE,2015-08-03,EARNINGS_GUIDANCE,RESULTS,6,2,intraday,1,1.2931397884010407,1.2931397884010407,0,0.917770881008261,12.12,172.84030927012188
NEE,2015-08-11,OTHER,,0,2,after,1,1.781876448293881,1.781876448293881,0,0.9305894740201549,12.23,240.26730660267518
NEE,2015-09-17,OTHER,,0,2,pre,1,0.891928965037851,0.891928965037851,0,1.606447698618427,21.35,123.4778810031126
NEE,2015-09-29,OTHER,,0,1,pre,1,-1.0946453799279652,1.0946453799279652,0,1.149607943852753,27.629999,-153.11412395437748
NEE,2015-10-06,MA_CORPORATE_ACTION,DEBT_ISSUANCE,3,1,pre,1,-0.8630753469700999,0.8630753469700999,0,1.1435816711374407,19.540001,-120.01325502659837
NEE,2015-10-28,EARNINGS_GUIDANCE,RESULTS,6,2,intraday,1,-2.11601010430141,2.11601010430141,1,0.9870619459687969,15.43,-295.0139046587932
NEE,2015-11-20,OTHER,,0,2,after,1,-0.47339290236270287,0.47339290236270287,0,1.1505191426861192,16.99,-65.89309588081147
NEE,2016-01-29,EARNINGS_GUIDANCE,RESULTS,6,2,after,1,1.8468966503761346,1.8468966503761346,0,0.9025283927209573,22.42,261.20771302977744
NEE,2016-03-02,MANAGEMENT_GOVERNANCE,OFFICER_CHANGE,5,1,pre,1,-1.0768417632576157,1.0768417632576157,0,1.2387396745253394,17.700001,-144.46187324627445
NEE,2016-03-03,OTHER,,0,1,after,1,0.9476108789401081,0.9476108789401081,0,1.2388286087094622,17.09,125.44088278603145
NEE,2016-03-16,OTHER,,0,1,pre,1,1.1321378349217348,1.1321378349217348,0,1.1498394465331567,16.84,153.20255418221075
NEE,2016-04-01,OTHER,,0,2,after,1,0.008918445362376138,0.008918445362376138,0,0.7733326247301134,13.95,1.2604650307668892
NEE,2016-04-28,EARNINGS_GUIDANCE,RESULTS,6,2,intraday,1,0.7902174454777974,0.7902174454777974,0,1.0083961407371342,13.77,114.17068512689201
NEE,2016-05-26,OTHER,,0,2,pre,1,0.6975453487924395,0.6975453487924395,0,0.8245752499858554,13.9,99.31022955742
NEE,2016-06-08,OTHER,,0,2,after,1,1.46417367460159,1.46417367460159,0,0.9138675565398953,14.05,212.08417253865684
NEE,2016-07-18,MA_CORPORATE_ACTION,AGREEMENT_TERMINATED,5,3,intraday,1,0.1325456757370585,0.1325456757370585,0,1.1702729759524624,12.67,19.277114211796903
NEE,2016-07-27,EARNINGS_GUIDANCE,RESULTS,6,2,intraday,1,-0.6517732102719871,0.6517732102719871,0,0.9937947134547805,13.05,-93.36954825041197
NEE,2016-08-01,MA_CORPORATE_ACTION,MATERIAL_AGREEMENT,5,5,intraday,2,-0.1982785227684777,0.1982785227684777,0,0.8964349725869545,11.87,-28.317600911357204
NEE,2016-08-09,OTHER,,0,2,after,1,0.13762269753972528,0.13762269753972528,0,0.7161895909329028,11.5,20.406817019524624
NEE,2016-09-20,MANAGEMENT_GOVERNANCE,OFFICER_CHANGE,5,1,pre,1,1.3710054354448817,1.3710054354448817,0,1.2488115398649804,15.53,197.05598982773705
NEE,2016-09-21,MA_CORPORATE_ACTION,MATERIAL_AGREEMENT,5,3,pre,1,1.1697741269643573,1.1697741269643573,0,1.2460749785577805,15.92,167.83321971854724
NEE,2016-10-07,OTHER,,0,2,pre,1,2.607602006757301,2.607602006757301,1,1.3271467659816232,12.84,377.37281369946635
NEE,2016-10-20,OTHER,,0,2,pre,1,-0.559921076126888,0.559921076126888,0,1.182008211820341,14.41,-81.00670811167033
NEE,2016-10-31,EARNINGS_GUIDANCE,RESULTS,6,3,intraday,2,0.16459024475598621,0.16459024475598621,0,1.0810485294886165,16.190001,23.67566383827492
NEE,2016-11-01,MA_CORPORATE_ACTION,MATERIAL_AGREEMENT,5,4,after,1,-2.1658814216459317,2.1658814216459317,1,1.105356886118013,17.059999,-311.5696702165486
NEE,2016-11-07,OTHER,,0,2,after,1,0.29118024088006356,0.29118024088006356,0,0.9804624881971766,22.51,41.60870338493434
NEE,2016-12-01,OTHER,,0,1,pre,1,0.08912676324977047,0.08912676324977047,0,1.7678070201725828,13.33,12.54647043661971
NEE,2017-01-30,EARNINGS_GUIDANCE,RESULTS,6,2,after,1,1.3377364581243558,1.3377364581243558,0,0.5525070162586777,10.58,213.93150285714248
NEE,2017-02-13,MA_CORPORATE_ACTION,DEBT_ISSUANCE,3,2,pre,1,0.050503561232883284,0.050503561232883284,0,0.768440404650038,10.85,7.821108237024831
NEE,2017-04-21,EARNINGS_GUIDANCE,RESULTS,6,2,intraday,1,0.7495380636693952,0.7495380636693952,0,0.6766573131242978,14.15,115.50613903403568
NEE,2017-05-01,OTHER,,0,2,after,1,0.15851958344259356,0.15851958344259356,0,0.5372684255472637,10.82,24.516066470633657
NEE,2017-05-25,OTHER,,0,1,pre,1,0.6325720460798303,0.6325720460798303,0,0.41327936887349936,10.02,97.16533379813973
NEE,2017-07-11,MA_CORPORATE_ACTION,AGREEMENT_TERMINATED,5,2,after,1,-0.3535060210007375,0.3535060210007375,0,0.6568953699511738,11.11,-51.20778576559658
NEE,2017-07-26,EARNINGS_GUIDANCE,RESULTS,6,2,intraday,1,0.7435660101615991,0.7435660101615991,0,0.5573208928168467,9.43,107.39719285038251
NEE,2017-09-12,MA_CORPORATE_ACTION,DEBT_ISSUANCE,3,2,pre,1,-1.686012725765864,1.686012725765864,0,0.7787220643493645,10.73,-233.5797418707409
NEE,2017-09-18,OTHER,,0,1,pre,1,-1.2177589801436932,1.2177589801436932,0,0.8500236399603295,10.17,-166.12451965638272
NEE,2017-09-26,MA_CORPORATE_ACTION,DEBT_ISSUANCE,3,2,pre,1,-0.4673393533473535,0.4673393533473535,0,0.9241891298168412,10.21,-61.284521201858865
NEE,2017-10-02,MA_CORPORATE_ACTION,DEBT_ISSUANCE,3,2,pre,1,-0.01298262411189575,0.01298262411189575,0,0.9917418132135073,9.51,-1.6846654684385918
NEE,2017-10-26,EARNINGS_GUIDANCE,RESULTS,6,2,intraday,1,0.7971977142866712,0.7971977142866712,0,0.5575945259618571,11.23,89.02482509740237
NEE,2017-11-03,OTHER,,0,2,pre,1,0.9251155219481824,0.9251155219481824,0,1.0169395230267124,9.93,101.40664032644155
NEE,2017-11-06,MA_CORPORATE_ACTION,AGREEMENT_TERMINATED,5,1,pre,1,1.4594535917873734,1.4594535917873734,0,1.1295975637549582,9.14,159.77938789302684
NEE,2017-11-07,OTHER,,0,2,pre,1,1.593012511053079,1.593012511053079,0,1.1451574222325889,9.4,174.440121220559
NEE,2017-11-17,OTHER,,0,2,pre,1,-1.0573685744915013,1.0573685744915013,0,1.3814924018653936,11.76,-111.47239361260563
NEE,2017-12-15,OTHER,,0,2,pre,1,-1.2673409266795974,1.2673409266795974,0,0.9154143910399948,10.49,-127.42065264284183
NEE,2018-01-29,EARNINGS_GUIDANCE,RESULTS,6,2,after,1,-1.7828942202825602,1.7828942202825602,0,1.695385552134889,11.08,-182.03427256531793
NEE,2018-03-01,OTHER,,0,2,pre,1,0.3637618272640487,0.3637618272640487,0,2.1605781978387824,19.85,37.635651551143006
NEE,2018-03-12,OTHER,,0,2,pre,1,-0.08344334198450648,0.08344334198450648,0,1.5916321738314483,14.64,-8.995651198818077
NEE,2018-04-24,EARNINGS_GUIDANCE,RESULTS,6,2,intraday,1,-0.1949624059538897,0.1949624059538897,0,0.7892513751235418,16.34,-23.702794112951935
NEE,2018-05-07,OTHER,,0,2,after,1,-2.270567537155717,2.270567537155717,1,0.8464138454462401,14.77,-285.26635491309474
NEE,2018-05-09,OTHER,,0,2,after,1,-0.44065434635578155,0.44065434635578155,0,0.9977063493313482,14.71,-55.5522413572563
NEE,2018-05-22,OTHER,,0,3,after,1,-0.0847322900922385,0.0847322900922385,0,1.1501872970406024,13.08,-10.66214160500757
NEE,2018-05-24,MA_CORPORATE_ACTION,MATERIAL_AGREEMENT,5,2,pre,1,1.0521844864032157,1.0521844864032157,0,1.1155008890133258,12.58,132.63926518127204
NEE,2018-05-31,OTHER,,0,2,pre,1,-1.2528653621820274,1.2528653621820274,0,1.1166118293159817,14.94,-158.51495325175023
NEE,2018-06-18,OTHER,,0,2,after,1,1.7047958877927203,1.7047958877927203,0,1.1853285700955905,11.98,215.52594904374237
NEE,2018-07-25,EARNINGS_GUIDANCE,RESULTS,6,2,intraday,1,-1.0708452051705448,1.0708452051705448,0,1.0047249050343172,12.41,-144.17397440187855
NEE,2018-07-31,MA_CORPORATE_ACTION,ACQUISITION_COMPLETED,6,1,after,1,0.6197022319513186,0.6197022319513186,0,1.0139548735719872,14.26,83.59226265378824
NEE,2018-08-10,OTHER,,0,2,after,1,0.3059321697304312,0.3059321697304312,0,0.6442347003127147,11.27,41.920110592517865
NEE,2018-08-29,OTHER,,0,2,after,1,0.4701741877200836,0.4701741877200836,0,0.5841199409681511,12.5,65.16946864807016
NEE,2018-10-17,MANAGEMENT_GOVERNANCE,OFFICER_CHANGE,5,1,pre,1,0.27689959475031234,0.27689959475031234,0,1.1594427594135797,17.620001,38.569090584870494
NEE,2018-10-24,EARNINGS_GUIDANCE,RESULTS,6,2,after,1,1.2374369378238377,1.2374369378238377,0,1.0309022010894364,20.709999,166.8438891898933
NEE,2018-11-15,OTHER,,0,2,pre,1,1.175463961168699,1.175463961168699,0,1.2722242396345487,21.25,163.75139778928286
NEE,2018-12-10,OTHER,,0,1,pre,1,-0.06855207750663955,0.06855207750663955,0,1.0053778535175915,23.23,-9.967315336616299
NEE,2019-01-03,MA_CORPORATE_ACTION,DEBT_ISSUANCE,3,2,after,1,0.8478956892287413,0.8478956892287413,0,1.202528461245523,23.219999,125.28067650043198
NEE,2019-01-28,EARNINGS_GUIDANCE,RESULTS,6,2,after,1,-0.6418190482170394,0.6418190482170394,0,1.4209938575788803,17.42,-88.58775237767856
NEE,2019-01-29,MANAGEMENT_GOVERNANCE,OFFICER_CHANGE,5,1,pre,1,0.18565163541155325,0.18565163541155325,0,1.4138381192392238,18.870001,26.13888860922187
NEE,2019-02-21,MANAGEMENT_GOVERNANCE,OFFICER_CHANGE,5,1,pre,1,0.8245970160119094,0.8245970160119094,0,1.263997511946017,14.02,113.94892180191985
NEE,2019-02-27,OTHER,,0,2,after,1,0.2051456909805839,0.2051456909805839,0,0.827411553509484,15.17,29.12486210029123
NEE,2019-02-28,OTHER,,0,2,pre,1,0.1327033652156161,0.1327033652156161,0,0.8458288717277829,14.7,18.621832430991297
NEE,2019-03-07,OTHER,,0,2,after,1,0.4859049605682733,0.4859049605682733,0,0.5263196956022592,15.74,68.13857407008865
NEE,2019-03-14,OTHER,,0,1,pre,1,-0.008655559247033597,0.008655559247033597,0,0.33552830748338586,13.41,-1.2417459955735888
NEE,2019-03-18,OTHER,,0,2,after,1,-1.1025679679613256,1.1025679679613256,0,0.29816396808175,12.88,-160.98686532090355
NEE,2019-03-28,OTHER,,0,2,after,1,-0.4298899512623933,0.4298899512623933,0,0.5277046574074183,15.15,-63.0186309651244
NEE,2019-04-05,OTHER,,0,2,after,1,-0.07813175439313792,0.07813175439313792,0,0.6977574551020158,13.58,-11.423183760705859
NEE,2019-04-23,EARNINGS_GUIDANCE,RESULTS,6,2,intraday,1,-0.30734454691178287,0.30734454691178287,0,0.6692991580120317,12.42,-44.378848220476485
NEE,2019-05-02,MANAGEMENT_GOVERNANCE,OFFICER_CHANGE,5,1,pre,1,-0.5485685916184678,0.5485685916184678,0,0.5995467229144018,14.8,-77.85911777520786
NEE,2019-05-08,OTHER,,0,2,after,1,-0.5143829591423794,0.5143829591423794,0,0.6016639612248642,19.32,-72.52975978005827
NEE,2019-05-29,OTHER,,0,1,pre,1,-0.8851316903355976,0.8851316903355976,0,0.8605220002795045,17.5,-122.5762205727873
NEE,2019-06-25,MA_CORPORATE_ACTION,DEBT_ISSUANCE,3,1,pre,1,-1.8052745998660087,1.8052745998660087,0,0.8678558388509481,15.26,-244.36492504489448
NEE,2019-07-17,MA_CORPORATE_ACTION,DEBT_ISSUANCE,3,1,pre,1,1.4690319209976104,1.4690319209976104,0,0.7651939851210884,12.86,199.84634776156736
NEE,2019-07-24,EARNINGS_GUIDANCE,RESULTS,6,2,intraday,1,-0.016311087557982194,0.016311087557982194,0,0.8755932951659591,12.61,-2.255797003985326
NEE,2019-08-09,OTHER,,0,2,pre,1,0.19316841363211376,0.19316841363211376,0,1.0507416883458,16.91,26.974758198428216
NEE,2019-09-10,OTHER,,0,2,after,1,-0.20342103280842158,0.20342103280842158,0,0.7100704621103274,15.27,-28.27835953513115
NEE,2019-09-16,OTHER,,0,2,after,1,1.0518874149887896,1.0518874149887896,0,0.7594520144543113,13.74,145.96097225836286
NEE,2019-10-04,OTHER,,0,2,after,1,0.4290971655539611,0.4290971655539611,0,0.7815135208512407,19.120001,58.72772130077439
NEE,2019-10-08,OTHER,,0,2,after,1,0.15229340930026267,0.15229340930026267,0,0.8435009759024003,17.860001,20.801029778597275
NEE,2019-10-23,EARNINGS_GUIDANCE,RESULTS,6,2,after,1,0.181487190075143,0.181487190075143,0,0.9344879236082849,14.46,23.58413937476923
NEE,2020-01-27,EARNINGS_GUIDANCE,RESULTS,6,2,after,1,0.5332518069833002,0.5332518069833002,0,0.6718723150667447,14.56,61.963392081874
NEE,2020-02-24,OTHER,,0,2,after,1,-1.8944877265179303,1.8944877265179303,0,1.2409093521612118,17.08,-224.5620444618701
NEE,2020-03-16,OTHER,,0,2,pre,1,0.30462920916494945,0.30462920916494945,0,5.426908418981402,57.830002,36.64102979927974
NEE,2020-03-30,OTHER,,0,2,after,1,2.6267218555819416,2.6267218555819416,1,8.012238459347381,65.540001,317.09377196181174
NEE,2020-04-07,OTHER,,0,2,after,1,-0.9071458230587003,0.9071458230587003,0,8.122244606521486,45.240002,-112.76460549194532
NEE,2020-04-22,EARNINGS_GUIDANCE,RESULTS,6,2,intraday,1,0.8222868416012231,0.8222868416012231,0,4.0242004540858165,45.41,124.78905063418283
NEE,2020-05-13,OTHER,,0,2,after,1,1.0798524563727823,1.0798524563727823,0,1.499094912079492,33.040001,221.3616962026969
NEE,2020-05-27,OTHER,,0,1,pre,1,2.606070529795869,2.606070529795869,1,1.1771492304758322,28.01,560.3329281849346
NEE,2020-06-18,OTHER,,0,2,after,1,-1.0423134142062462,1.0423134142062462,0,1.1808242988403714,33.470001,-234.40256321431647
NEE,2020-07-24,EARNINGS_GUIDANCE,RESULTS,6,2,intraday,1,-0.592854562148613,0.592854562148613,0,0.9317921079251191,26.08,-138.70224377145277
NEE,2020-08-03,OTHER,,0,2,after,1,0.20047380219396435,0.20047380219396435,0,0.8916743707995587,24.459999,46.913247880455316
NEE,2020-08-25,OTHER,,0,2,after,1,-1.1647175410992803,1.1647175410992803,0,0.714142387208268,22.370001,-272.7823416100287
NEE,2020-09-15,OTHER,,0,2,pre,1,-0.3213767332587737,0.3213767332587737,0,0.8119019478329564,25.85,-77.30012726598824
NEE,2020-09-21,OTHER,,0,2,after,1,0.16163878870681744,0.16163878870681744,0,1.2770763696967482,25.83,39.17923043981676
NEE,2020-10-21,EARNINGS_GUIDANCE,RESULTS,6,2,intraday,1,-0.024118118993873828,0.024118118993873828,0,0.8309771045871136,29.35,-5.8046089646149674
NEE,2020-11-02,OTHER,,0,4,pre,2,0.339854476330302,0.339854476330302,0,0.7502519200191484,38.02,84.08517571706129
NEE,2020-12-21,MA_CORPORATE_ACTION,MATERIAL_AGREEMENT,5,4,pre,1,0.24768972570924314,0.24768972570924314,0,0.5904789124024322,21.57,63.02276395630683
NEE,2021-01-12,OTHER,,0,3,pre,1,0.9272697633296952,0.9272697633296952,0,0.8152739643480242,24.08,236.67303867473802
NEE,2021-01-27,EARNINGS_GUIDANCE,RESULTS,6,2,after,1,-0.6981254412548464,0.6981254412548464,0,0.9362363330877139,23.02,-177.7231844620747
NEE,2021-02-23,OTHER,,0,2,after,1,-1.1845823554768256,1.1845823554768256,0,1.1620537204116854,23.450001,-296.09569072087953
NEE,2021-03-02,OTHER,,0,2,after,1,-1.0190382206523716,1.0190382206523716,0,0.936755753857529,23.35,-239.5807878739021
NEE,2021-03-15,OTHER,,0,1,pre,1,-0.38592522148676595,0.38592522148676595,0,1.3346677792842392,20.690001,-86.05437366199875
NEE,2021-03-18,OTHER,,0,2,after,1,-0.8488127763668418,0.8488127763668418,0,1.3954098077515487,19.23,-180.295705636014
NEE,2021-04-21,EARNINGS_GUIDANCE,RESULTS,6,2,intraday,1,-1.3746331764834114,1.3746331764834114,0,0.6431245231135163,18.68,-289.4601558175273
NEE,2021-05-11,OTHER,,0,2,after,1,-1.1143705800592845,1.1143705800592845,0,0.8213097378806679,19.66,-234.56531941669763
NEE,2021-05-26,MANAGEMENT_GOVERNANCE,OFFICER_CHANGE,5,3,pre,1,-0.3675234198003659,0.3675234198003659,0,0.9045614090242379,18.84,-75.16572978383347
NEE,2021-06-09,OTHER,,0,2,after,1,0.7653704802693677,0.7653704802693677,0,0.8234693060724136,17.07,157.50968669899424
NEE,2021-06-16,OTHER,,0,2,after,1,0.9518359497152681,0.9518359497152681,0,0.5092085521788217,17.02,195.36934708834812
NEE,2021-07-19,MA_CORPORATE_ACTION,DEBT_ISSUANCE,3,1,after,1,-0.4034676904226051,0.4034676904226051,0,0.7025726947714637,18.450001,-79.99752813215859
NEE,2021-07-23,EARNINGS_GUIDANCE,RESULTS,6,2,intraday,1,0.05792957809717109,0.05792957809717109,0,0.7427429324700177,17.690001,11.371428761751263
NEE,2021-08-11,OTHER,,0,2,pre,1,1.3529133243347533,1.3529133243347533,0,0.6028018525257831,16.790001,265.4310447765453
NEE,2021-10-20,EARNINGS_GUIDANCE,RESULTS,6,2,intraday,1,0.9265825912938018,0.9265825912938018,0,1.0435772341101235,15.7,171.4076070738962
NEE,2021-10-27,OTHER,,0,1,pre,1,0.3927370891234673,0.3927370891234673,0,0.9635909552003618,15.98,69.65880688139762
NEE,2021-11-04,OTHER,,0,2,after,1,-0.15517317715965137,0.15517317715965137,0,0.9799060508020738,15.1,-27.70731750350465
NEE,2021-11-19,OTHER,,0,2,after,1,0.034135100896479996,0.034135100896479996,0,0.6289375392459112,17.59,6.094277274812064
NEE,2021-12-14,OTHER,,0,2,after,1,-0.2261866465114985,0.2261866465114985,0,0.8815149850610592,20.309999,-41.01978003077839
NEE,2021-12-15,OTHER,,0,2,pre,1,1.0368045533674835,1.0368045533674835,0,0.9606125319954334,21.889999,188.1037682745136
NEE,2022-01-26,EARNINGS_GUIDANCE,RESULTS,6,5,after,2,-1.814911768751838,1.814911768751838,0,2.009910240095858,31.16,-304.3364831531516
NEE,2022-02-02,OTHER,,0,1,pre,1,-0.6087909662873694,0.6087909662873694,0,2.612907801648189,21.959999,-101.83819375928306
NEE,2022-02-23,MANAGEMENT_GOVERNANCE,OFFICER_CHANGE,5,1,pre,1,1.4816185567389546,1.4816185567389546,0,1.912381928694514,28.809999,236.24036052741957
NEE,2022-03-04,MANAGEMENT_GOVERNANCE,OFFICER_CHANGE,5,1,pre,1,5.3130253872899385,5.3130253872899385,1,1.3569612053837143,30.48,843.7997327356817
NEE,2022-03-22,OTHER,,0,2,after,1,0.581036691072505,0.581036691072505,0,1.5507110103798698,23.530001,108.44581467580116
NEE,2022-03-25,OTHER,,0,2,pre,1,0.061238550711703386,0.061238550711703386,0,1.3296429698484915,21.67,11.427926987351011
NEE,2022-04-21,EARNINGS_GUIDANCE,RESULTS,6,2,intraday,1,-3.724033830445848,3.724033830445848,1,0.59453356557495,20.32,-754.5128160908547
NEE,2022-05-23,MANAGEMENT_GOVERNANCE,OFFICER_CHANGE,5,1,intraday,1,2.004403248750902,2.004403248750902,1,1.1931219805966766,29.43,402.77312200943715
NEE,2022-05-24,OTHER,,0,1,pre,1,1.4107635880577318,1.4107635880577318,0,1.231666881064332,28.48,283.79801473483
NEE,2022-06-08,OTHER,,0,2,after,1,-0.5831481205237072,0.5831481205237072,0,1.0699364599991172,24.02,-122.69390534558256
NEE,2022-06-15,OTHER,,0,1,after,1,0.10473492510246418,0.10473492510246418,0,1.3704794979651054,32.689999,22.04299789237932
NEE,2022-06-24,OTHER,,0,2,after,1,-0.3116521113553966,0.3116521113553966,0,1.7641653351012656,29.049999,-66.0226012024575
NEE,2022-07-22,EARNINGS_GUIDANCE,RESULTS,6,2,intraday,1,1.4067097184681165,1.4067097184681165,0,0.9217655682557564,23.110001,304.2799586761694
NEE,2022-08-08,OTHER,,0,2,after,1,0.6121242110442175,0.6121242110442175,0,0.9319067695760839,21.15,136.84077088015567
NEE,2022-09-20,OTHER,,0,2,after,1,-0.7107524222368948,0.7107524222368948,0,0.9774738305106517,25.76,-162.6200627497829
NEE,2022-10-19,MANAGEMENT_GOVERNANCE,OFFICER_CHANGE,5,1,after,1,-2.3191855908824692,2.3191855908824692,1,1.3100847934766733,30.5,-523.3909951515202
NEE,2022-10-28,EARNINGS_GUIDANCE,RESULTS,6,2,intraday,1,0.6320827339657812,0.6320827339657812,0,1.4867122871187026,27.389999,144.00177409168023
NEE,2022-12-22,MANAGEMENT_GOVERNANCE,OFFICER_CHANGE,5,2,pre,1,-0.0014687754220101563,0.0014687754220101563,0,0.7653067631633343,20.07,-0.350120934208718
NEE,2023-01-26,EARNINGS_GUIDANCE,RESULTS,6,7,after,3,-1.203996703106526,1.203996703106526,0,1.6749569851286974,19.08,-252.0083040844462
NEE,2023-02-10,OTHER,,0,2,pre,1,0.9424454188200849,0.9424454188200849,0,1.5909204156339176,20.709999,194.2528465924512
NEE,2023-03-02,OTHER,,0,2,pre,1,1.9005001500017291,1.9005001500017291,0,0.9762681744535888,20.58,354.58355295188363
NEE,2023-03-06,OTHER,,0,2,pre,1,0.5211167823213735,0.5211167823213735,0,1.131999693658603,18.49,97.8494635163974
NEE,2023-03-17,OTHER,,0,1,pre,1,-0.054275031817653176,0.054275031817653176,0,0.8635475968113713,22.99,-11.422109119878892
NEE,2023-04-25,EARNINGS_GUIDANCE,RESULTS,6,2,intraday,1,-2.424042166212498,2.424042166212498,1,0.43120370878375647,16.889999,-492.88508770747495
NEE,2023-05-19,OTHER,,0,2,after,1,-0.30760392775266854,0.30760392775266854,0,1.1422953180642452,16.049999,-60.731019369121896
NEE,2023-05-23,OTHER,,0,1,pre,1,0.554933066275632,0.554933066275632,0,1.1447417456675886,17.209999,109.37918028698797
NEE,2023-06-21,OTHER,,0,2,pre,1,0.3896393790043033,0.3896393790043033,0,0.721501497898276,13.88,73.86470745698259
NEE,2023-07-25,EARNINGS_GUIDANCE,RESULTS,6,2,intraday,1,-0.8290814447410428,0.8290814447410428,0,1.0306421537767305,13.91,-153.42242336587904
NEE,2023-08-11,OTHER,,0,2,after,1,0.12372081784742175,0.12372081784742175,0,0.9161428903474812,15.85,23.272348188937315
NEE,2023-09-26,MANAGEMENT_GOVERNANCE,OFFICER_CHANGE,5,1,after,1,-5.461138924088472,5.461138924088472,1,0.5667107102664687,16.9,-1043.3402398615776
NEE,2023-10-24,EARNINGS_GUIDANCE,RESULTS,6,2,intraday,1,5.576726933575868,5.576726933575868,1,2.7728468485090216,20.370001,986.6305320429129
NEE,2023-11-17,MANAGEMENT_GOVERNANCE,OFFICER_CHANGE,5,1,pre,1,0.5784455876623618,0.5784455876623618,0,1.6348018959729036,14.32,129.65381684339508
NEE,2024-01-26,EARNINGS_GUIDANCE,RESULTS,6,2,after,1,1.006219241394558,1.006219241394558,0,0.7813952821064014,13.45,243.36768406882717
NEE,2024-02-01,OTHER,,0,2,pre,1,-0.9090256235339592,0.9090256235339592,0,0.8041301824525655,14.35,-220.31552952313842
NEE,2024-02-29,OTHER,,0,2,after,1,-0.09904596022609854,0.09904596022609854,0,1.0412543587379803,13.84,-24.193264942501063
NEE,2024-03-04,OTHER,,0,2,pre,1,0.6128623011867117,0.6128623011867117,0,0.9409514089516219,13.11,150.20072673409607
NEE,2024-03-05,MA_CORPORATE_ACTION,DEBT_ISSUANCE,3,4,after,1,0.7159739981432425,0.7159739981432425,0,0.7944789470297463,13.49,175.53571142659115
NEE,2024-03-08,OTHER,,0,2,pre,1,1.5038286943909813,1.5038286943909813,0,0.8154533648036091,14.44,368.9322983890019
NEE,2024-04-23,EARNINGS_GUIDANCE,RESULTS,6,2,intraday,1,0.5981441368110211,0.5981441368110211,0,0.9041449604337484,16.940001,150.1964740649579
NEE,2024-05-06,MANAGEMENT_GOVERNANCE,OFFICER_CHANGE,5,2,intraday,1,0.8234291567604194,0.8234291567604194,0,0.7851225591499351,13.49,209.32458076687053
NEE,2024-05-29,OTHER,,0,1,pre,1,0.7997929747130125,0.7997929747130125,0,0.661238388769431,12.92,206.35341630323973
NEE,2024-06-04,OTHER,,0,2,pre,1,-0.5806155324912438,0.5806155324912438,0,0.773161620257175,13.11,-150.75272533322092
NEE,2024-06-10,OTHER,,0,2,pre,1,-1.4418077976884134,1.4418077976884134,0,0.7542292276552878,12.22,-373.5790007193266
NEE,2024-06-12,OTHER,,0,1,after,1,0.0366952710631596,0.0366952710631596,0,1.0541977782402656,12.85,9.526582569244804
NEE,2024-06-21,OTHER,,0,2,pre,1,0.873906534964388,0.873906534964388,0,1.0973198510757851,13.28,227.26995353236552
NEE,2024-07-02,OTHER,,0,2,after,1,0.7754955368561931,0.7754955368561931,0,1.0085034972223499,12.22,201.84148753622284
NEE,2024-07-11,MANAGEMENT_GOVERNANCE,OFFICER_CHANGE,5,1,after,1,1.7027318659234523,1.7027318659234523,0,0.8292350401241507,12.85,440.0870685914299
NEE,2024-07-24,EARNINGS_GUIDANCE,RESULTS,6,2,intraday,1,1.4636372342504798,1.4636372342504798,0,1.169063853479151,14.72,389.97033179874853
NEE,2024-07-31,OTHER,,0,2,after,1,1.9931842154978312,1.9931842154978312,0,1.2141379602285496,17.690001,534.3076102056262
NEE,2024-10-23,EARNINGS_GUIDANCE,RESULTS,6,2,intraday,1,-0.3848463378601517,0.3848463378601517,0,0.7885918746414246,18.200001,-89.65214496340502
NEE,2024-11-01,OTHER,,0,2,after,1,-0.6489335184556853,0.6489335184556853,0,1.0722667533306849,23.16,-146.10240028297162
NEE,2024-12-31,OTHER,,0,3,after,1,-0.11861626485993257,0.11861626485993257,0,0.6562164219419093,17.4,-28.209348689703287
NEE,2025-01-27,EARNINGS_GUIDANCE,RESULTS,6,2,after,1,-1.441638740400669,1.441638740400669,0,1.1387014507430655,14.85,-333.71719309189376
NEE,2025-02-05,OTHER,,0,2,pre,1,-0.5385345954646715,0.5385345954646715,0,1.3794829481297206,17.209999,-123.31933412726812
NEE,2025-02-07,OTHER,,0,2,pre,1,0.20043713674917485,0.20043713674917485,0,1.3509308590711466,15.5,45.87817463302193
NEE,2025-02-24,OTHER,,0,2,pre,1,-0.1877297485316521,0.1877297485316521,0,0.9809167070630942,18.209999,-43.03912820016654
NEE,2025-03-03,OTHER,,0,1,pre,1,0.6467128385765292,0.6467128385765292,0,0.8488517069081745,19.629999,146.57087276482545
NEE,2025-03-17,MANAGEMENT_GOVERNANCE,OFFICER_CHANGE,5,1,intraday,1,-1.711705727514937,1.711705727514937,0,1.1640849412761414,21.77,-404.2468116809875
NEE,2025-04-23,EARNINGS_GUIDANCE,RESULTS,6,2,intraday,1,-0.2726823659842842,0.2726823659842842,0,1.5662766358243343,30.57,-66.06268088844851
NEE,2025-05-16,OTHER,,0,2,pre,1,-0.35697980577710553,0.35697980577710553,0,0.9695527875147959,17.83,-86.3630136033176
NEE,2025-05-29,OTHER,,0,1,pre,1,1.960767877854619,1.960767877854619,0,1.3529326698460826,19.309999,499.90469696337306
NEE,2025-06-13,OTHER,,0,2,pre,1,0.005518221892242236,0.005518221892242236,0,1.2770165756371108,18.02,1.3746671722399824
NEE,2025-07-23,EARNINGS_GUIDANCE,RESULTS,6,2,intraday,1,-3.1284950502981244,3.1284950502981244,1,0.9750415661630747,16.5,-771.0296018728599
NEE,2025-08-04,OTHER,,0,2,after,1,0.3256557426251627,0.3256557426251627,0,1.0321733969848166,20.379999,81.01761032563174
NEE,2025-08-21,OTHER,,0,2,pre,1,-0.046784489068279284,0.046784489068279284,0,0.7292761345611819,15.69,-12.020200041313132
NEE,2025-10-28,EARNINGS_GUIDANCE,RESULTS,6,2,intraday,1,-2.0585134679311614,2.0585134679311614,1,0.7869305641133069,15.79,-517.3200611982605
NEE,2025-11-13,OTHER,,0,2,pre,1,-0.706204779718843,0.706204779718843,0,0.699241990566433,17.51,-178.93143313425878
NEE,2025-11-21,OTHER,,0,1,pre,1,-0.15477285995873447,0.15477285995873447,0,0.7785723236984388,26.42,-39.196486366755636
NEE,2025-12-08,OTHER,,0,2,pre,1,-1.7100535117530338,1.7100535117530338,0,0.6404287869528544,15.41,-432.06120405567725
NEE,2025-12-09,OTHER,,0,1,after,1,0.19427779278826782,0.19427779278826782,0,0.7344795866683529,16.66,49.109752187645874
NEE,2026-01-02,OTHER,,0,2,pre,1,0.31886384300994197,0.31886384300994197,0,0.6124598009992992,14.95,81.22272008077282
NEE,2026-01-05,EARNINGS_GUIDANCE,RESULTS,6,2,pre,1,-0.17682783565625435,0.17682783565625435,0,0.6212178560495227,14.51,-44.99292590096757
NEE,2026-01-28,EARNINGS_GUIDANCE,RESULTS,6,2,after,1,0.4740546596863851,0.4740546596863851,0,0.668675027092987,16.35,114.82332939598155
NEE,2026-02-06,OTHER,,0,2,pre,1,-0.29503442149063347,0.29503442149063347,0,0.6180560013079494,21.77,-71.03287356062754
NEE,2026-02-11,OTHER,,0,2,pre,1,0.7224992351189333,0.7224992351189333,0,0.6274880012554632,17.790001,173.12460145093885
NEE,2026-02-27,OTHER,,0,2,pre,1,0.7314697236703813,0.7314697236703813,0,0.9308266655670087,18.629999,167.62943740452397
NEE,2026-03-04,OTHER,,0,2,pre,1,-0.7338187932075572,0.7338187932075572,0,0.8876362983498356,23.57,-168.0370993700244
NEE,2026-03-10,MANAGEMENT_GOVERNANCE,OFFICER_CHANGE,5,1,intraday,1,-0.14746095493870978,0.14746095493870978,0,0.9179736535272198,25.5,-33.558555794748195
NEE,2026-03-23,OTHER,,0,2,pre,1,0.8327792034407265,0.8327792034407265,0,0.9533904239208639,26.780001,190.09038015908234
NEE,2026-04-23,EARNINGS_GUIDANCE,RESULTS,6,2,intraday,1,2.4442321485780636,2.4442321485780636,1,0.50971809898607,18.92,533.0117537971246
NEE,2026-05-18,MANAGEMENT_GOVERNANCE,OFFICER_CHANGE,5,5,intraday,2,-1.874825530590731,1.874825530590731,0,1.5320767122366086,18.43,-373.1186102195719
NEE,2026-05-27,OTHER,,0,2,pre,1,-0.3879089209413459,0.3879089209413459,0,1.405103496732978,17.01,-76.26395173003137
NEE,2026-05-28,OTHER,,0,1,pre,1,-0.5536807009175706,0.5536807009175706,0,1.3636649322836896,16.290001,-108.83794139842293
NEE,2026-06-02,OTHER,,0,2,pre,1,0.5129400048386217,0.5129400048386217,0,1.2729298612697415,16.049999,100.59515882535335
NEE,2026-06-16,OTHER,,0,2,pre,1,-0.18536462368083378,0.18536462368083378,0,1.0395060964281975,16.200001,-38.7916838114817
NEE,2026-06-23,OTHER,,0,2,pre,1,0.8971167394086804,0.8971167394086804,0,0.9926819989097595,17.280001,183.29936581224342
NEE,2026-07-09,OTHER,,0,2,pre,1,0.11262840155524863,0.11262840155524863,0,0.6916296551470817,16.9,23.65366452507441
NEE,2026-07-24,EARNINGS_GUIDANCE,RESULTS,6,2,intraday,1,-0.6187497573705023,0.6187497573705023,0,0.7115370521025415,18.700001,-127.34654953343706
NEE,2026-08-11,OTHER,,0,2,pre,1,0.5569608704308524,0.5569608704308524,0,0.6004979004745241,15.46,111.897522529766
NEE,2026-08-25,OTHER,,0,1,intraday,1,-0.08240025056546195,0.08240025056546195,0,0.5536014885650908,15.85,-16.57447587341727
NEE,2026-09-15,OTHER,,0,2,pre,1,-0.789410411331064,0.789410411331064,0,0.5437096863619747,17.1,-157.30382413383694
NEE,2026-10-07,OTHER,,0,2,pre,1,-0.3042089138359566,0.3042089138359566,0,0.7980682337472058,15.01,-58.5952605959051
NVDA,2008-02-07,MA_CORPORATE_ACTION,MATERIAL_AGREEMENT,5,1,after,1,0.661362525044622,0.661362525044622,0,2.17434847063598,28.969999,231.61931757215655
NVDA,2008-02-14,EARNINGS_GUIDANCE,RESULTS,6,2,after,1,-5.225578456968367,5.225578456968367,1,1.5811587374684706,24.879999,-1830.1853632346963
NVDA,2008-03-27,MANAGEMENT_GOVERNANCE,OFFICER_CHANGE,5,2,intraday,1,0.4203711311286134,0.4203711311286134,0,1.4481938656264242,26.08,171.62622575609217
NVDA,2008-04-22,MANAGEMENT_GOVERNANCE,OFFICER_CHANGE,5,2,after,1,0.8420663608312621,0.8420663608312621,0,1.0602525617206167,20.5,373.8037385710727
NVDA,2008-05-09,EARNINGS_GUIDANCE,RESULTS,6,2,after,1,-0.42677953165467847,0.42677953165467847,0,1.0000409744111638,19.4,-192.0557447988664
NVDA,2008-08-13,EARNINGS_GUIDANCE,RESULTS,6,2,after,1,3.5649339485872598,3.5649339485872598,1,0.9107306095142087,21.17,1610.2464101214243
NVDA,2008-09-09,MANAGEMENT_GOVERNANCE,OFFICER_CHANGE,5,1,after,1,0.3073421965289126,0.3073421965289126,0,0.9153946926206997,22.639999,179.26855437830594
NVDA,2008-09-19,OPERATIONAL_ESG,RESTRUCTURING,5,2,after,1,0.11939537499836386,0.11939537499836386,0,0.9436377150978703,33.099998,69.88500588783059
NVDA,2008-09-23,OTHER,,0,1,after,1,0.8214037686457532,0.8214037686457532,0,0.9945232116155402,33.849998,482.15713753419783
NVDA,2008-09-25,OTHER,,0,1,after,1,0.3370732966529576,0.3370732966529576,0,1.0067289716381929,35.189999,201.41285301530306
NVDA,2008-10-17,OTHER,,0,1,after,1,-1.0429483820420544,1.0429483820420544,0,1.8441650094508015,67.610001,-618.0969975855905
NVDA,2008-11-07,EARNINGS_GUIDANCE,RESULTS,6,2,after,1,0.8287795685290295,0.8287795685290295,0,1.7330196638977216,63.68,495.68984022635146
NVDA,2008-11-11,OTHER,,0,1,after,1,0.1417718675861336,0.1417718675861336,0,1.691771502019387,59.98,84.73432917028782
NVDA,2009-02-11,EARNINGS_GUIDANCE,RESULTS,6,2,after,1,-1.9475094238018849,1.9475094238018849,0,0.9627319288580254,46.669998,-1171.2087045935816
NVDA,2009-02-12,MANAGEMENT_GOVERNANCE,OFFICER_CHANGE,5,2,after,1,0.6092228498239275,0.6092228498239275,0,1.2226095826771695,44.529999,366.24064252331647
NVDA,2009-02-20,OTHER,,0,2,after,1,0.6471722332265257,0.6471722332265257,0,1.2542886133165072,47.080002,391.2209018669701
NVDA,2009-02-27,MANAGEMENT_GOVERNANCE,OFFICER_CHANGE,5,2,intraday,1,0.04677893602569515,0.04677893602569515,0,1.2636240914785208,44.66,28.150496123607038
NVDA,2009-05-08,EARNINGS_GUIDANCE,RESULTS,6,2,after,1,-2.1409465704994384,2.1409465704994384,1,0.7916105648406309,33.439999,-1333.7696506788202
NVDA,2009-08-07,EARNINGS_GUIDANCE,RESULTS,6,2,after,1,-0.11122954986994725,0.11122954986994725,0,0.5703942494911277,25.67,-58.454915622493836
NVDA,2009-11-06,EARNINGS_GUIDANCE,RESULTS,6,2,after,1,1.2145257977310144,1.2145257977310144,0,0.7494388366218263,25.43,546.7757686054083
NVDA,2010-02-18,EARNINGS_GUIDANCE,RESULTS,6,2,after,1,-2.2734940027185635,2.2734940027185635,1,1.2153577235567117,21.719999,-860.8933183736738
NVDA,2010-05-06,MANAGEMENT_GOVERNANCE,OFFICER_CHANGE,5,2,after,1,1.2563731087571226,1.2563731087571226,0,1.1117748688905524,24.91,392.1584547306223
NVDA,2010-05-14,EARNINGS_GUIDANCE,RESULTS,6,2,after,1,-2.9715275644642096,2.9715275644642096,1,1.169641503611185,26.68,-917.9553183862388
NVDA,2010-08-13,EARNINGS_GUIDANCE,RESULTS,6,3,after,2,0.8942206731156268,0.8942206731156268,0,1.5488718486069135,25.73,288.52625857901705
NVDA,2010-08-25,MA_CORPORATE_ACTION,MATERIAL_AGREEMENT,5,1,after,1,0.5099123936152883,0.5099123936152883,0,1.5501958870653045,27.459999,163.70232241432555
NVDA,2010-09-14,MANAGEMENT_GOVERNANCE,OFFICER_CHANGE,5,2,after,1,-0.22954577219801361,0.22954577219801361,0,1.1741792586253714,21.209999,-76.68111955589664
NVDA,2010-11-12,EARNINGS_GUIDANCE,RESULTS,6,2,intraday,1,1.678059703087823,1.678059703087823,0,0.6332880929999654,18.639999,592.2777138017366
NVDA,2011-01-11,MA_CORPORATE_ACTION,MATERIAL_AGREEMENT,5,2,after,1,3.3269657484441084,3.3269657484441084,1,1.4981318110501942,17.540001,1087.8451717573623
NVDA,2011-02-17,EARNINGS_GUIDANCE,RESULTS,6,2,after,1,2.7035581929066046,2.7035581929066046,1,1.5295241477859185,16.719999,864.5976081914787
NVDA,2011-03-16,MANAGEMENT_GOVERNANCE,OFFICER_CHANGE,5,2,after,1,0.4604477281489495,0.4604477281489495,0,1.3768548314810483,24.32,175.47075287298765
NVDA,2011-03-25,MANAGEMENT_GOVERNANCE,OFFICER_CHANGE,5,2,pre,1,0.059506694383976544,0.059506694383976544,0,1.1212244763211123,18.0,23.021743541790514
NVDA,2011-05-13,EARNINGS_GUIDANCE,RESULTS,6,2,after,1,-3.146463208968138,3.146463208968138,1,0.757214037852637,16.030001,-1274.632128726666
NVDA,2011-05-25,OTHER,,0,3,after,1,0.5768574596640955,0.5768574596640955,0,1.1425135156245816,17.82,232.93276653315496
NVDA,2011-08-12,EARNINGS_GUIDANCE,RESULTS,6,2,after,1,-1.1798760699567024,1.1798760699567024,0,1.6607293751599568,39.0,-467.3820587274928
NVDA,2011-10-17,OTHER,,0,1,after,1,-0.4228066368858653,0.4228066368858653,0,1.3804216917450793,28.24,-167.54473043847753
NVDA,2011-11-11,EARNINGS_GUIDANCE,RESULTS,6,2,after,1,0.013262671293433092,0.013262671293433092,0,1.2511756016860882,32.810001,5.280976559965713
NVDA,2011-12-15,MANAGEMENT_GOVERNANCE,OFFICER_CHANGE,5,2,after,1,-0.3176890620456094,0.3176890620456094,0,1.0518410787137684,26.040001,-129.8733401246345
NVDA,2012-02-10,MA_CORPORATE_ACTION,AGREEMENT_TERMINATED,5,1,after,1,-0.1435848643713293,0.1435848643713293,0,0.7816374539338805,18.629999,-47.4591342843645
NVDA,2012-02-16,EARNINGS_GUIDANCE,RESULTS,6,2,after,1,-1.132169011787406,1.132169011787406,0,0.7128626880168807,21.139999,-371.1583765526773
NVDA,2012-03-29,MANAGEMENT_GOVERNANCE,OFFICER_CHANGE,5,2,after,1,0.4312088678453172,0.4312088678453172,0,0.6473565031922272,15.47,132.6987755061536
NVDA,2012-05-11,EARNINGS_GUIDANCE,RESULTS,6,2,intraday,1,2.807843681616861,2.807843681616861,1,0.7966743260580044,18.83,796.7061768220418
NVDA,2012-08-10,EARNINGS_GUIDANCE,RESULTS,6,2,after,1,0.23770486153502973,0.23770486153502973,0,0.9508942268456934,15.28,65.44407667855299
NVDA,2012-11-09,EARNINGS_GUIDANCE,RESULTS,6,3,after,1,-2.6424776702567616,2.6424776702567616,1,1.568537202003341,18.49,-610.7186243494675
NVDA,2013-02-14,EARNINGS_GUIDANCE,RESULTS,6,2,after,1,1.2976361973937836,1.2976361973937836,0,0.6887638615784415,12.98,312.5173939681544
NVDA,2013-03-06,MANAGEMENT_GOVERNANCE,OFFICER_CHANGE,5,1,after,1,-0.2196053037327287,0.2196053037327287,0,0.6966700909664885,13.48,-53.39152333432476
NVDA,2013-04-03,MANAGEMENT_GOVERNANCE,OFFICER_CHANGE,5,2,after,1,0.307109064986535,0.307109064986535,0,0.48538552149304065,12.78,74.51810230154025
NVDA,2013-05-10,EARNINGS_GUIDANCE,RESULTS,6,2,after,1,0.8564456595371923,0.8564456595371923,0,0.9442448622994708,13.13,189.0801343684256
NVDA,2013-05-14,MA_CORPORATE_ACTION,MATERIAL_AGREEMENT,5,1,intraday,1,0.5367742302171521,0.5367742302171521,0,1.0695232978231466,12.55,117.79968537742393
NVDA,2013-05-22,OTHER,,0,1,after,1,-0.22435351256300795,0.22435351256300795,0,0.9667772198078587,13.37,-49.23045373355882
NVDA,2013-07-24,MANAGEMENT_GOVERNANCE,OFFICER_CHANGE,5,2,after,1,0.28216628196593385,0.28216628196593385,0,0.5613403797849092,12.66,55.71228942228772
NVDA,2013-08-09,EARNINGS_GUIDANCE,RESULTS,6,2,after,1,-0.8835225571446773,0.8835225571446773,0,0.5949116311226319,12.73,-176.72722783961447
NVDA,2013-09-17,MANAGEMENT_GOVERNANCE,OFFICER_CHANGE,5,1,after,1,-0.25643870228118126,0.25643870228118126,0,0.5888786383082176,14.38,-50.169761631537504
NVDA,2013-11-08,EARNINGS_GUIDANCE,RESULTS,6,2,after,1,3.7599329522210065,3.7599329522210065,1,0.9455529227187113,13.91,619.3714103805362
NVDA,2013-11-15,OTHER,,0,2,after,1,-1.836066202971478,1.836066202971478,0,1.6774255474520177,12.37,-297.0002813839043
NVDA,2013-12-03,MA_CORPORATE_ACTION,MATERIAL_AGREEMENT,5,5,after,1,1.0360370674022503,1.0360370674022503,0,1.871791243432684,14.23,160.19461030224502
NVDA,2014-02-13,EARNINGS_GUIDANCE,RESULTS,6,2,after,1,3.140658408271595,3.140658408271595,1,1.1901832389612974,14.3,516.3387449609172
NVDA,2014-04-16,MANAGEMENT_GOVERNANCE,OFFICER_CHANGE,5,2,after,1,-0.40055590552190995,0.40055590552190995,0,1.4141706481202347,15.61,-69.85711784176075
NVDA,2014-05-06,EARNINGS_GUIDANCE,RESULTS,6,2,intraday,1,-1.0672576973716805,1.0672576973716805,0,1.1703197623144896,13.29,-183.71471496207013
NVDA,2014-05-09,EARNINGS_GUIDANCE,RESULTS,6,2,after,1,-0.42654905820162897,0.42654905820162897,0,0.9622733153866092,13.43,-72.45791020303888
NVDA,2014-05-29,MANAGEMENT_GOVERNANCE,OFFICER_CHANGE,5,2,after,1,-0.3897947371774773,0.3897947371774773,0,1.1811766715034357,11.68,-69.04662343874367
NVDA,2014-08-08,EARNINGS_GUIDANCE,RESULTS,6,2,after,1,3.6346079727124057,3.6346079727124057,1,1.2007469251322123,16.66,629.9409643286446
NVDA,2014-11-07,EARNINGS_GUIDANCE,RESULTS,6,2,after,1,-0.8065753758935229,0.8065753758935229,0,1.6396907692270237,13.67,-154.13526796641136
NVDA,2015-02-12,EARNINGS_GUIDANCE,RESULTS,6,2,after,1,2.858831276778603,2.858831276778603,1,1.4999805295745523,16.959999,534.7377379846391
NVDA,2015-03-12,MANAGEMENT_GOVERNANCE,OFFICER_CHANGE,5,1,after,1,-0.8342974075527381,0.8342974075527381,0,1.4493305695734156,16.870001,-156.9504453689448
NVDA,2015-04-10,MANAGEMENT_GOVERNANCE,OFFICER_CHANGE,5,2,after,1,0.0025004425268577166,0.0025004425268577166,0,1.548077142735408,13.09,0.47428839113564625
NVDA,2015-05-08,EARNINGS_GUIDANCE,RESULTS,6,2,after,1,-4.82123949355338,4.82123949355338,1,0.8050201225386966,15.13,-971.7729034359354
NVDA,2015-05-27,OTHER,,0,1,after,1,2.677131217879449,2.677131217879449,1,1.454931077157294,14.06,546.1480227107471
NVDA,2015-06-24,MA_CORPORATE_ACTION,MATERIAL_AGREEMENT,5,2,after,1,0.46397561564113704,0.46397561564113704,0,1.1827273895949368,12.11,103.24545666479446
NVDA,2015-08-07,EARNINGS_GUIDANCE,RESULTS,6,2,after,1,6.522560691673018,6.522560691673018,1,0.8076052044480762,13.77,1379.758852253038
NVDA,2015-11-06,EARNINGS_GUIDANCE,RESULTS,6,2,after,1,5.7164594442471275,5.7164594442471275,1,0.9874679701024995,15.05,1356.4622847466521
NVDA,2016-02-18,EARNINGS_GUIDANCE,RESULTS,6,2,after,1,3.6110331159889992,3.6110331159889992,1,1.3648527891304179,22.309999,973.076654936886
NVDA,2016-03-15,MANAGEMENT_GOVERNANCE,OFFICER_CHANGE,5,2,after,1,0.6176212630397594,0.6176212630397594,0,1.2155804682291973,16.92,163.69433745173868
NVDA,2016-03-23,OTHER,,0,1,intraday,1,0.9083792785607896,0.9083792785607896,0,0.7791215547982457,14.17,244.9103902435336
NVDA,2016-05-02,OTHER,,0,1,intraday,1,-0.08348883835141062,0.08348883835141062,0,0.6548729594189528,15.7,-22.52938576393453
NVDA,2016-05-13,EARNINGS_GUIDANCE,RESULTS,6,2,after,1,6.17110035726852,6.17110035726852,1,0.7211328390087657,14.41,1649.787751807702
NVDA,2016-05-24,MANAGEMENT_GOVERNANCE,OFFICER_CHANGE,5,3,after,1,-0.3303277033287706,0.3303277033287706,0,1.821276091936149,15.82,-87.43853375480819
NVDA,2016-06-22,MANAGEMENT_GOVERNANCE,OFFICER_CHANGE,5,1,after,1,0.24237430128647114,0.24237430128647114,0,0.6610119378761303,18.48,63.09631186687561
NVDA,2016-08-12,EARNINGS_GUIDANCE,RESULTS,6,2,after,1,1.633772491477015,1.633772491477015,0,0.6441300202748018,11.68,454.99727766478895
NVDA,2016-09-16,MA_CORPORATE_ACTION,MATERIAL_AGREEMENT,5,3,intraday,1,0.49574329601794365,0.49574329601794365,0,0.9540677505687799,16.299999,138.73330936509393
NVDA,2016-10-14,MA_CORPORATE_ACTION,MATERIAL_AGREEMENT,5,3,after,1,0.03512974297676363,0.03512974297676363,0,0.6439718449685473,16.690001,9.887631688920585
NVDA,2016-11-11,EARNINGS_GUIDANCE,RESULTS,6,2,after,1,8.154220844860344,8.154220844860344,1,1.171785818614896,14.74,2062.41614178759
NVDA,2016-12-02,OTHER,,0,2,after,1,1.3304733338674823,1.3304733338674823,0,3.737175745318971,14.07,333.3488503718768
NVDA,2016-12-13,MA_CORPORATE_ACTION,MATERIAL_AGREEMENT,5,3,intraday,1,2.7711776395254186,2.7711776395254186,1,1.3696155716768184,12.64,699.9417154993939
NVDA,2017-01-20,MANAGEMENT_GOVERNANCE,OFFICER_CHANGE,5,2,after,1,-0.2877238604597708,0.2877238604597708,0,1.120035532655884,12.78,-106.85810528922244
NVDA,2017-02-03,MA_CORPORATE_ACTION,MATERIAL_AGREEMENT,5,1,after,1,0.029428079986652533,0.029428079986652533,0,0.6741291170087317,11.93,10.725098080133638
NVDA,2017-02-10,EARNINGS_GUIDANCE,RESULTS,6,2,after,1,-2.4633867729179713,2.4633867729179713,1,0.6117420274539282,10.88,-915.9551328376253
NVDA,2017-03-14,MANAGEMENT_GOVERNANCE,OFFICER_CHANGE,5,2,after,1,-0.216693478535711,0.216693478535711,0,1.0219366197374558,11.35,-82.20307519397576
NVDA,2017-05-10,EARNINGS_GUIDANCE,RESULTS,6,2,after,1,5.284470051211368,5.284470051211368,1,0.4959303228689952,9.96,2003.5200067603864
NVDA,2017-05-31,OTHER,,0,1,after,1,-0.48519387397390573,0.48519387397390573,0,1.6050122254689725,10.38,-187.17516314489058
NVDA,2017-06-05,MA_CORPORATE_ACTION,MATERIAL_AGREEMENT,5,3,after,1,0.6634448622510642,0.6634448622510642,0,1.6154781492887766,9.75,255.70926535239096
NVDA,2017-08-11,EARNINGS_GUIDANCE,RESULTS,6,2,after,1,-0.05929169805030665,0.05929169805030665,0,0.575734631364159,16.040001,-25.79250005662774
NVDA,2017-11-10,EARNINGS_GUIDANCE,RESULTS,6,3,after,1,0.8667505265394111,0.8667505265394111,0,0.5163898036646983,10.5,310.94965304217436
NVDA,2017-12-18,MA_CORPORATE_ACTION,MATERIAL_AGREEMENT,5,3,after,1,0.4437111910542204,0.4437111910542204,0,1.0548068794484966,9.42,149.0187596678859
NVDA,2018-02-09,EARNINGS_GUIDANCE,RESULTS,6,2,after,1,-0.8533497426339651,0.8533497426339651,0,1.41211869637916,33.459999,-272.9126943592327
NVDA,2018-03-14,MANAGEMENT_GOVERNANCE,OFFICER_CHANGE,5,2,after,1,0.6120823353595537,0.6120823353595537,0,0.8548404522175933,16.35,196.98171204629585
NVDA,2018-05-11,EARNINGS_GUIDANCE,RESULTS,6,2,after,1,-0.9832985828245301,0.9832985828245301,0,1.0025976036051891,13.23,-275.37768236651004
NVDA,2018-05-22,MANAGEMENT_GOVERNANCE,OFFICER_CHANGE,5,3,after,1,0.4518422693577356,0.4518422693577356,0,1.003488739420481,13.08,126.45788174805668
NVDA,2018-08-17,EARNINGS_GUIDANCE,RESULTS,6,2,after,1,-1.9872224732198416,1.9872224732198416,0,0.6665687872229397,13.45,-492.64477227907776
NVDA,2018-11-16,EARNINGS_GUIDANCE,RESULTS,6,2,after,1,-13.260929299365168,13.260929299365168,1,2.8425579690732965,19.98,-3098.863144523245
NVDA,2019-01-28,EARNINGS_GUIDANCE,RESULTS,6,2,intraday,1,-4.87923927617476,4.87923927617476,1,1.2100261985152032,17.42,-1716.733649158232
NVDA,2019-03-11,MANAGEMENT_GOVERNANCE,OFFICER_CHANGE,5,2,pre,1,1.1454129606035377,1.1454129606035377,0,0.6066611155736731,16.049999,415.3674395206131
NVDA,2019-03-12,MA_CORPORATE_ACTION,MATERIAL_AGREEMENT,5,3,after,1,0.7361487256989564,0.7361487256989564,0,0.7849707818581795,14.33,283.40054897724866
NVDA,2019-04-02,MANAGEMENT_GOVERNANCE,OFFICER_CHANGE,5,1,after,1,0.902316317609655,0.902316317609655,0,0.977118412835049,13.4,345.34284844624176
NVDA,2019-05-17,EARNINGS_GUIDANCE,RESULTS,6,2,after,1,-0.5084801689806622,0.5084801689806622,0,0.8282009503565114,15.29,-193.8656391438301
NVDA,2019-05-30,OTHER,,0,1,after,1,-0.12451295785917657,0.12451295785917657,0,0.7887947894585328,17.9,-47.583440822963446
NVDA,2019-06-18,MANAGEMENT_GOVERNANCE,OFFICER_CHANGE,5,2,after,1,0.7817649081754818,0.7817649081754818,0,0.8943202667276009,15.35,303.2862719729416
NVDA,2019-08-16,EARNINGS_GUIDANCE,RESULTS,6,2,after,1,2.1258517630013944,2.1258517630013944,1,0.9183602679768167,21.18,832.1015406159299
NVDA,2019-11-15,EARNINGS_GUIDANCE,RESULTS,6,2,after,1,-0.2074560134829838,0.2074560134829838,0,0.7766708528160723,13.05,-58.55497131535853
NVDA,2020-03-11,MANAGEMENT_GOVERNANCE,OFFICER_CHANGE,5,2,after,1,5.7879880937822925,5.7879880937822925,1,3.2430824465306207,47.299999,1271.5537533137554
NVDA,2020-04-01,MA_CORPORATE_ACTION,MATERIAL_AGREEMENT,5,3,after,1,0.7515117735877993,0.7515117735877993,0,5.221019920358545,53.540001,170.66941469357297
NVDA,2020-04-17,OTHER,,0,1,after,1,-1.8194739207147166,1.8194739207147166,0,3.1519391610102994,40.110001,-452.72393920812266
NVDA,2020-04-27,MA_CORPORATE_ACTION,ACQUISITION_COMPLETED,6,2,intraday,1,-0.4886820997735788,0.4886820997735788,0,2.547100557389895,35.93,-124.70563228121233
NVDA,2020-06-16,MANAGEMENT_GOVERNANCE,OFFICER_CHANGE,5,3,after,1,-0.7310881877913915,0.7310881877913915,0,1.265043165883695,34.400002,-204.03307193804744
NVDA,2020-07-01,MA_CORPORATE_ACTION,ACQUISITION_COMPLETED,6,2,pre,1,-0.459819008447558,0.459819008447558,0,1.2318273627714535,30.43,-129.46933860203865
NVDA,2020-07-14,MANAGEMENT_GOVERNANCE,OFFICER_CHANGE,5,1,after,1,-0.7244492952085737,0.7244492952085737,0,1.0668445298196887,32.189999,-208.7618390371977
NVDA,2020-08-20,EARNINGS_GUIDANCE,RESULTS,6,2,after,1,0.9493745336855619,0.9493745336855619,0,1.1666761049254444,22.540001,275.4256080555443
NVDA,2020-09-14,MA_CORPORATE_ACTION,MATERIAL_AGREEMENT,5,3,intraday,1,1.166008510284314,1.166008510284314,0,1.843355540886108,26.870001,339.87139285758667
NVDA,2020-11-10,MANAGEMENT_GOVERNANCE,OFFICER_CHANGE,5,1,after,1,-1.029021630596948,1.029021630596948,0,1.4352493401429198,25.75,-314.136007980232
NVDA,2020-11-19,EARNINGS_GUIDANCE,RESULTS,6,2,after,1,-0.9896452638462858,0.9896452638462858,0,1.651286477494832,23.84,-302.05032725420097
NVDA,2021-02-25,EARNINGS_GUIDANCE,RESULTS,6,2,after,1,-0.5449590513727871,0.5449590513727871,0,1.051328339865206,21.34,-175.91573192163327
NVDA,2021-03-19,MANAGEMENT_GOVERNANCE,OFFICER_CHANGE,5,2,after,1,0.8434120714391162,0.8434120714391162,0,1.7949230267230407,21.58,257.2436677922269
NVDA,2021-04-13,OTHER,,0,2,after,1,0.08967113536113058,0.08967113536113058,0,1.0886103701617103,16.91,27.800504513846267
NVDA,2021-05-21,OTHER,,0,2,intraday,1,1.6344852293681564,1.6344852293681564,0,0.9778329046757712,20.67,514.8509738224179
NVDA,2021-05-27,EARNINGS_GUIDANCE,RESULTS,6,2,after,1,0.9521843644915354,0.9521843644915354,0,1.0448522580592763,17.360001,298.68158300887455
NVDA,2021-06-07,OTHER,,0,3,after,1,-0.1630228675514496,0.1630228675514496,0,1.1629263973510509,16.42,-50.80948864875156
NVDA,2021-06-17,MA_CORPORATE_ACTION,MATERIAL_AGREEMENT,5,3,after,1,2.3234489781060668,2.3234489781060668,1,0.8611806328465146,18.15,721.2627109674155
NVDA,2021-06-29,OTHER,,0,2,after,1,0.007190389706222084,0.007190389706222084,0,0.8573715130892557,15.76,2.201446783722011
NVDA,2021-08-19,EARNINGS_GUIDANCE,RESULTS,6,2,after,1,2.3453462647049785,2.3453462647049785,1,0.6314513790667425,21.57,728.9283218634893
NVDA,2021-11-18,EARNINGS_GUIDANCE,RESULTS,6,2,after,1,3.9866096719103274,3.9866096719103274,1,1.5703562184843562,17.110001,1163.2598001358062
NVDA,2022-02-08,MA_CORPORATE_ACTION,AGREEMENT_TERMINATED,5,1,intraday,1,0.7705018977632273,0.7705018977632273,0,1.4786761430339252,22.860001,250.000562035774
NVDA,2022-02-17,EARNINGS_GUIDANCE,RESULTS,6,2,after,1,-1.7160738284746044,1.7160738284746044,0,1.8623115181501502,24.290001,-547.1342693821374
NVDA,2022-03-10,MANAGEMENT_GOVERNANCE,OFFICER_CHANGE,5,3,after,1,-0.17481817633330538,0.17481817633330538,0,2.1585852934858285,32.450001,-54.39187026793128
NVDA,2022-05-26,EARNINGS_GUIDANCE,RESULTS,6,2,after,1,-0.18424997776139312,0.18424997776139312,0,2.291431545112188,28.370001,-59.880560704530865
NVDA,2022-06-07,MANAGEMENT_GOVERNANCE,OFFICER_CHANGE,5,4,after,1,-0.09120609633328534,0.09120609633328534,0,2.035561659160741,25.07,-29.402816454691465
NVDA,2022-08-08,EARNINGS_GUIDANCE,RESULTS,6,2,intraday,1,-2.9298006665297014,2.9298006665297014,1,1.2683191546095818,21.15,-936.0289361503405
NVDA,2022-08-25,EARNINGS_GUIDANCE,RESULTS,6,2,after,1,-0.2647513226452666,0.2647513226452666,0,1.3315774287574549,22.82,-86.24064396372678
NVDA,2022-09-01,OTHER,,0,2,intraday,2,-2.5245033101902457,2.5245033101902457,1,1.6209777642750152,25.870001,-828.3301694147216
NVDA,2022-11-17,EARNINGS_GUIDANCE,RESULTS,6,2,after,1,-0.9377720923382162,0.9377720923382162,0,1.8185653066217597,24.110001,-297.2030940021339
NVDA,2023-02-23,EARNINGS_GUIDANCE,RESULTS,6,2,after,1,4.200681534200894,4.200681534200894,1,1.6244521923111985,22.290001,1284.011899313101
NVDA,2023-03-09,MANAGEMENT_GOVERNANCE,OFFICER_CHANGE,5,3,after,1,0.6405715895687041,0.6405715895687041,0,1.8319784340847822,19.110001,196.33313079435007
NVDA,2023-05-25,EARNINGS_GUIDANCE,RESULTS,6,2,after,1,6.149935224668429,6.149935224668429,1,0.9505626600274708,20.030001,1963.0471716284821
NVDA,2023-06-28,OTHER,,0,1,after,1,-1.2552773365594752,1.2552773365594752,0,1.3033690334065866,13.74,-393.8958908072088
NVDA,2023-07-25,MANAGEMENT_GOVERNANCE,OFFICER_CHANGE,5,1,after,1,0.16722668604347327,0.16722668604347327,0,0.844861028790454,13.91,61.38185162764244
NVDA,2023-08-24,EARNINGS_GUIDANCE,RESULTS,6,2,after,1,-0.49991013117645827,0.49991013117645827,0,1.2533152666795682,15.98,-179.8756774309945
NVDA,2023-10-18,OTHER,,0,1,after,1,-0.060955516593037336,0.060955516593037336,0,0.839611932870128,17.879999,-22.419226382084066
NVDA,2023-10-24,OTHER,,0,1,intraday,1,-0.5291844143809052,0.5291844143809052,0,0.8918986277918186,20.370001,-194.11023802035692
NVDA,2024-02-22,EARNINGS_GUIDANCE,RESULTS,6,2,after,1,3.3772265354717335,3.3772265354717335,1,0.9688031783368202,15.34,1109.3909906036672
NVDA,2024-03-15,MANAGEMENT_GOVERNANCE,OFFICER_CHANGE,5,3,after,1,0.14125584432317967,0.14125584432317967,0,1.977231961106514,14.4,45.684188230181164
NVDA,2024-05-23,EARNINGS_GUIDANCE,RESULTS,6,3,after,1,3.863144638302901,3.863144638302901,1,1.1962208128891125,12.29,1122.498188273613
NVDA,2024-06-10,OTHER,,0,1,after,1,-0.5190547123204501,0.5190547123204501,0,1.326730288575665,12.22,-158.88746486638323
NVDA,2024-08-29,EARNINGS_GUIDANCE,RESULTS,6,2,after,1,-2.3316951536637527,2.3316951536637527,1,1.6897159820268275,17.110001,-773.5953159809409
NVDA,2024-11-08,MANAGEMENT_GOVERNANCE,OFFICER_CHANGE,5,1,after,1,-1.199501175816719,1.199501175816719,0,0.9722157260707848,15.2,-425.9051802912554
NVDA,2024-11-21,EARNINGS_GUIDANCE,RESULTS,6,2,after,1,-1.5414822178093506,1.5414822178093506,0,0.9065548003719399,17.16,-549.7705914472328
NVDA,2025-02-27,EARNINGS_GUIDANCE,RESULTS,6,2,after,1,-1.387353671748833,1.387353671748833,0,1.1029867892108491,19.1,-486.6168475736929
NVDA,2025-03-10,MANAGEMENT_GOVERNANCE,OFFICER_CHANGE,5,1,after,1,1.4916495871445143,1.4916495871445143,0,1.5846024682447744,23.370001,526.9428967684489
NVDA,2025-04-16,OTHER,,0,1,after,1,-1.0719705672853197,1.0719705672853197,0,1.936865826029264,30.120001,-407.1906420023527
NVDA,2025-05-29,EARNINGS_GUIDANCE,RESULTS,6,2,after,1,-0.08931180864735508,0.08931180864735508,0,0.8052207485610019,19.309999,-34.32888144551911
NVDA,2025-07-01,OTHER,,0,1,after,1,-0.3453035641357842,0.3453035641357842,0,0.5654742299559512,16.73,-128.17207205919462
NVDA,2025-08-06,MANAGEMENT_GOVERNANCE,OFFICER_CHANGE,5,1,after,1,0.01874359517539153,0.01874359517539153,0,0.702324183954694,17.85,6.445082253035937
NVDA,2025-08-28,EARNINGS_GUIDANCE,RESULTS,6,2,after,1,-1.1484345726792518,1.1484345726792518,0,0.6044472719321536,14.85,-391.4127176453892
NVDA,2025-11-20,EARNINGS_GUIDANCE,RESULTS,6,2,after,1,-1.0209484591029092,1.0209484591029092,0,1.2609280225639534,23.66,-328.15812811613637
NVDA,2026-01-26,MANAGEMENT_GOVERNANCE,OFFICER_CHANGE,5,1,after,1,-0.5022424662107626,0.5022424662107626,0,0.665204939500702,16.09,-133.52443577806744
NVDA,2026-02-26,EARNINGS_GUIDANCE,RESULTS,6,2,after,1,-3.4746016957377313,3.4746016957377313,1,1.4598741699342075,17.93,-835.0578221162402
NVDA,2026-03-09,MANAGEMENT_GOVERNANCE,OFFICER_CHANGE,5,2,after,1,1.0794222999041585,1.0794222999041585,0,1.3878816354331835,29.49,249.26730881827308
NVDA,2026-04-28,MANAGEMENT_GOVERNANCE,OFFICER_CHANGE,5,1,after,1,-1.1599177624812886,1.1599177624812886,0,1.1088992528439863,18.02,-269.10619686142496
NVDA,2026-05-11,MANAGEMENT_GOVERNANCE,OFFICER_CHANGE,5,1,after,1,1.0270953668124587,1.0270953668124587,0,1.5021413679336113,17.190001,232.0364000505119
NVDA,2026-05-21,EARNINGS_GUIDANCE,RESULTS,6,2,after,1,-2.1533653923648255,2.1533653923648255,1,1.7266230205192912,17.440001,-482.9896739460097
NVDA,2026-07-01,OTHER,,0,1,after,1,-0.9219221066592105,0.9219221066592105,0,1.6239719963787136,16.450001,-220.09986997870288
NVDA,2026-08-17,MA_CORPORATE_ACTION,MATERIAL_AGREEMENT,5,3,intraday,1,-0.027052330244427606,0.027052330244427606,0,1.358817404158735,14.25,-6.612381659433994
NVDA,2026-08-27,EARNINGS_GUIDANCE,RESULTS,6,2,after,1,1.1506377163448769,1.1506377163448769,0,1.1454417374673858,15.21,289.13405148620944
NVDA,2026-09-03,OTHER,,0,1,intraday,1,0.5488125891835438,0.5488125891835438,0,1.5630225364547612,15.2,137.17828183273573
PG,2008-01-09,MANAGEMENT_GOVERNANCE,OFFICER_CHANGE,5,2,pre,2,-1.142402822520767,1.142402822520767,0,0.8199682017022488,25.43,-127.95747385256577
PG,2008-02-01,EARNINGS_GUIDANCE,RESULTS,6,2,pre,1,0.7382904984165795,0.7382904984165795,0,1.3026707800010031,26.200001,82.82743709807093
PG,2008-04-09,OTHER,,0,1,pre,1,-0.4873610982208505,0.4873610982208505,0,1.192906240169131,22.360001,-54.4576491680498
PG,2008-04-22,MANAGEMENT_GOVERNANCE,OFFICER_CHANGE,5,1,pre,1,-0.7873519545712908,0.7873519545712908,0,1.0768358047992581,20.5,-82.93309237430904
PG,2008-04-30,EARNINGS_GUIDANCE,RESULTS,6,1,intraday,1,0.8098979317332455,0.8098979317332455,0,0.8680270600854945,20.24,85.6166252775925
PG,2008-06-05,OTHER,,0,1,after,1,-1.1562023800131709,1.1562023800131709,0,1.0943843968951956,20.799999,-127.69323445896234
PG,2008-06-16,MANAGEMENT_GOVERNANCE,OFFICER_CHANGE,5,1,pre,1,-0.8637271329233785,0.8637271329233785,0,1.185330515670611,21.219999,-97.24184182427919
PG,2008-07-09,OTHER,,0,1,pre,1,1.242371954186348,1.242371954186348,0,1.691395528405035,23.15,138.25072862771106
PG,2008-07-16,OTHER,,0,1,after,1,-1.4901357110031352,1.4901357110031352,0,1.7699017005760904,28.540001,-163.76766030935946
PG,2008-08-06,EARNINGS_GUIDANCE,RESULTS,6,1,after,1,-0.3253000403698254,0.3253000403698254,0,1.5660581712846715,21.139999,-34.658361092999804
PG,2008-08-15,MANAGEMENT_GOVERNANCE,OFFICER_CHANGE,5,1,pre,1,2.2006790180219227,2.2006790180219227,1,1.686714717866096,20.34,249.95703868422763
PG,2008-09-29,MANAGEMENT_GOVERNANCE,OFFICER_CHANGE,5,1,pre,1,2.3322610318569543,2.3322610318569543,1,1.554976778460348,34.740002,291.9226227342064
PG,2008-10-09,OTHER,,0,2,after,2,-4.740308758381227,4.740308758381227,1,2.204072642252669,57.529999,-601.4672078590525
PG,2008-10-15,OTHER,,0,2,after,2,-0.7544012789922481,0.7544012789922481,0,3.498288087258582,55.130001,-92.42790550401624
PG,2008-10-30,EARNINGS_GUIDANCE,RESULTS,6,3,after,2,3.0698311096290056,3.0698311096290056,1,5.000015423132573,69.959999,372.2061820506203
PG,2008-11-03,MANAGEMENT_GOVERNANCE,OFFICER_CHANGE,5,1,pre,1,0.607170460357706,0.607170460357706,0,5.051183514962817,59.889999,75.1513498774881
PG,2008-11-04,OTHER,,0,2,pre,1,-0.4449251893377303,0.4449251893377303,0,4.895554844400536,53.68,-56.10473618278588
PG,2008-11-07,OTHER,,0,2,after,1,1.2606413307299318,1.2606413307299318,0,4.4393777290003,63.68,160.9228173369888
PG,2008-11-11,OTHER,,0,1,pre,1,-1.3659675571474441,1.3659675571474441,0,4.17884798600779,59.98,-174.09657816466557
PG,2008-12-12,OTHER,,0,1,after,1,0.8321378582058909,0.8321378582058909,0,2.778225669624099,55.779999,130.70932352474318
PG,2009-01-07,MANAGEMENT_GOVERNANCE,OFFICER_CHANGE,5,2,after,2,-0.9310869939394425,0.9310869939394425,0,1.108480165746896,38.560001,-151.66060588423312
PG,2009-01-14,OTHER,,0,1,pre,1,-1.0752297276756688,1.0752297276756688,0,0.7871552166083977,43.27,-176.97593150293466
PG,2009-02-02,EARNINGS_GUIDANCE,RESULTS,6,1,after,1,-1.1115622750979512,1.1115622750979512,0,1.530460599391761,44.84,-189.48157815687887
PG,2009-02-09,OTHER,,0,2,pre,1,-1.3291837304723912,1.3291837304723912,0,1.7528757299933262,43.369999,-227.18972565739963
PG,2009-02-11,OTHER,,0,1,pre,1,-0.5155885257150538,0.5155885257150538,0,1.8216100349701194,46.669998,-88.01958718909732
PG,2009-02-18,MANAGEMENT_GOVERNANCE,OFFICER_CHANGE,5,1,pre,1,1.550620401752772,1.550620401752772,0,1.7622726434692488,48.66,266.19641349822655
PG,2009-03-10,MANAGEMENT_GOVERNANCE,OFFICER_CHANGE,5,1,after,1,-1.0891531891345834,1.0891531891345834,0,1.4357546995248023,49.68,-189.1802637948641
PG,2009-04-15,OTHER,,0,1,pre,1,2.6713323475180184,2.6713323475180184,1,1.5469089355706718,37.669998,493.97657665863863
PG,2009-05-01,EARNINGS_GUIDANCE,RESULTS,6,1,after,1,0.39480499257145896,0.39480499257145896,0,1.2935694847983654,36.5,75.5432544673483
PG,2009-05-08,OTHER,,0,2,after,1,-1.1195016908198288,1.1195016908198288,0,1.4136401575702833,33.439999,-214.39327976262297
PG,2009-05-29,OTHER,,0,1,after,1,-0.5551172973840335,0.5551172973840335,0,1.3659428317112177,31.67,-107.94445359007946
PG,2009-06-11,MANAGEMENT_GOVERNANCE,OFFICER_CHANGE,5,1,after,1,0.22759711413435146,0.22759711413435146,0,1.2030444395442705,28.459999,44.75222894466944
PG,2009-07-14,OTHER,,0,1,pre,1,0.49033881339255425,0.49033881339255425,0,0.9567008587229854,26.309999,98.72996631502419
PG,2009-08-06,EARNINGS_GUIDANCE,RESULTS,6,1,after,1,-1.95134906620723,1.95134906620723,0,0.7534645671036393,24.9,-389.49610581917864
PG,2009-08-13,MANAGEMENT_GOVERNANCE,OFFICER_CHANGE,5,1,pre,1,0.3387640293879285,0.3387640293879285,0,0.9711492783344772,25.450001,67.82169639093537
PG,2009-08-25,OTHER,,0,1,after,1,0.021289959242494556,0.021289959242494556,0,0.937140019079994,25.139999,4.251801924824705
PG,2009-08-31,OTHER,,0,1,pre,1,0.8660799441568385,0.8660799441568385,0,0.9124295997210919,24.76,173.10816664468268
PG,2009-09-11,OTHER,,0,1,after,1,-0.7950499266482373,0.7950499266482373,0,0.892411448552444,23.549999,-153.59626624728298
PG,2009-10-14,OTHER,,0,2,after,2,-0.5793190636562541,0.5793190636562541,0,0.739341332139047,22.99,-106.89861016748404
PG,2009-10-16,OTHER,,0,1,pre,1,0.6269996827284748,0.6269996827284748,0,0.7503794475076763,21.719999,113.80018957761467
PG,2009-10-30,EARNINGS_GUIDANCE,RESULTS,6,1,after,1,0.36182214309190924,0.36182214309190924,0,0.796334105849574,24.76,65.82742452559845
PG,2009-12-09,MANAGEMENT_GOVERNANCE,OFFICER_CHANGE,5,2,after,2,0.12917868668686325,0.12917868668686325,0,0.6074571937242667,23.690001,22.18134286753004
PG,2009-12-14,OTHER,,0,1,after,1,-0.18141342203483407,0.18141342203483407,0,0.5131517996661427,21.59,-31.484756397973502
PG,2010-01-11,OTHER,,0,1,pre,1,0.7825583280787339,0.7825583280787339,0,0.49375623794709933,18.129999,133.57246475639235
PG,2010-01-13,OTHER,,0,1,pre,1,0.28989283487875755,0.28989283487875755,0,0.43566210237259034,18.25,49.489196617429506
PG,2010-01-29,EARNINGS_GUIDANCE,RESULTS,6,1,after,1,0.14111313243808596,0.14111313243808596,0,0.7303791097478779,23.73,22.086022405973956
PG,2010-02-01,OTHER,,0,1,pre,1,0.28022006299056207,0.28022006299056207,0,0.7100235301213577,24.620001,43.86440099512277
PG,2010-02-09,OTHER,,0,2,pre,1,0.29147806789474184,0.29147806789474184,0,0.8831038014702437,26.51,45.20985475173644
PG,2010-02-19,OTHER,,0,1,pre,1,-0.03966511133716787,0.03966511133716787,0,0.7370743607913816,20.629999,-6.153809351055729
PG,2010-04-20,OTHER,,0,1,pre,1,0.14081171750861646,0.14081171750861646,0,0.6035361921612942,17.34,19.438951375083164
PG,2010-04-21,MANAGEMENT_GOVERNANCE,OFFICER_CHANGE,5,1,pre,1,0.36894572989379093,0.36894572989379093,0,0.5450249750945516,15.73,50.28456595868626
PG,2010-04-23,OTHER,,0,1,pre,1,0.27015351486401107,0.27015351486401107,0,0.4801243240256311,16.469999,36.452422187063625
PG,2010-04-30,EARNINGS_GUIDANCE,RESULTS,6,1,after,1,0.7537669797426128,0.7537669797426128,0,0.7302656807315779,18.440001,100.06578391129104
PG,2010-05-20,OTHER,,0,2,pre,1,-0.6466784167960746,0.6466784167960746,0,1.394323448225912,35.32,-80.00256464512454
PG,2010-07-14,OTHER,,0,1,pre,1,0.44803054385801044,0.44803054385801044,0,1.3180782788172596,24.559999,52.52576496968397
PG,2010-08-04,EARNINGS_GUIDANCE,RESULTS,6,1,after,1,-0.444960685339465,0.444960685339465,0,1.677656914205445,22.629999,-48.201051809908556
PG,2010-08-16,MANAGEMENT_GOVERNANCE,OFFICER_CHANGE,5,1,after,1,0.09865469603407206,0.09865469603407206,0,1.371621844945087,26.24,11.064403588874898
PG,2010-10-13,OTHER,,0,2,after,2,0.9834545384952842,0.9834545384952842,0,0.9717770930604805,18.93,101.26813826336178
PG,2010-10-15,OTHER,,0,1,after,1,0.5469981305731649,0.5469981305731649,0,1.0246176197941594,19.879999,54.25805904740597
PG,2010-10-28,EARNINGS_GUIDANCE,RESULTS,6,1,after,1,0.8039106425503576,0.8039106425503576,0,0.9739117256989053,20.709999,77.42227110040281
PG,2010-11-19,OTHER,,0,2,pre,1,-0.7782115248800845,0.7782115248800845,0,0.8792443117585346,18.75,-74.39284410947006
PG,2010-12-15,MANAGEMENT_GOVERNANCE,OFFICER_CHANGE,5,1,pre,1,1.4790161016407,1.4790161016407,0,1.1986898663612935,17.610001,142.34669418523882
PG,2011-01-12,OTHER,,0,1,pre,1,2.0355433373656107,2.0355433373656107,1,0.6727881945536441,16.889999,190.72633500917036
PG,2011-01-28,EARNINGS_GUIDANCE,RESULTS,6,1,after,1,-1.2280133298747125,1.2280133298747125,0,1.4020618794425288,16.15,-113.32922995859596
PG,2011-02-02,MANAGEMENT_GOVERNANCE,OFFICER_CHANGE,5,1,after,1,-0.022477764338615362,0.022477764338615362,0,1.5006319067177163,17.629999,-2.0684007333921155
PG,2011-02-14,MANAGEMENT_GOVERNANCE,OFFICER_CHANGE,5,1,pre,1,-1.2971551253449682,1.2971551253449682,0,1.540311597637414,15.69,-119.43647635940701
PG,2011-03-02,MANAGEMENT_GOVERNANCE,OFFICER_CHANGE,5,1,after,1,-1.3248933720416016,1.3248933720416016,0,1.0614840814151203,21.01,-122.77854132100121
PG,2011-03-25,OTHER,,0,1,after,1,-0.8207769260128966,0.8207769260128966,0,0.9564451184550141,18.0,-82.57584516565738
PG,2011-04-06,OTHER,,0,1,after,1,0.7109704348506812,0.7109704348506812,0,1.0911083611392771,17.25,71.9880710799377
PG,2011-04-12,OTHER,,0,1,pre,1,1.6271985268616707,1.6271985268616707,0,1.0760453052984813,16.59,166.51573584761957
PG,2011-04-29,EARNINGS_GUIDANCE,RESULTS,6,1,after,1,1.089886494016768,1.089886494016768,0,0.9075618157515299,14.62,107.63512954433553
PG,2011-05-05,MANAGEMENT_GOVERNANCE,OFFICER_CHANGE,5,1,after,1,-1.5530908306700069,1.5530908306700069,0,0.8438667451832969,17.08,-151.92153675539404
PG,2011-05-13,MANAGEMENT_GOVERNANCE,OFFICER_CHANGE,5,1,pre,1,0.8625439647338056,0.8625439647338056,0,1.0733007547821125,16.030001,84.35092857733089
PG,2011-07-13,OTHER,,0,1,pre,1,0.28974857550611743,0.28974857550611743,0,1.2954468169056972,19.870001,27.261768498025628
PG,2011-08-08,EARNINGS_GUIDANCE,RESULTS,6,1,after,1,0.3314508065435376,0.3314508065435376,0,1.1963611884012808,32.0,29.63486765610271
PG,2011-08-16,OTHER,,0,2,pre,1,-0.0030265718561329506,0.0030265718561329506,0,2.225088323095635,31.870001,-0.27536864821844875
PG,2011-10-12,OTHER,,0,2,pre,2,-0.19109968021920326,0.19109968021920326,0,1.8978596657974183,32.860001,-17.824404887176915
PG,2011-10-17,OTHER,,0,1,after,1,0.04440820324432018,0.04440820324432018,0,1.7278349933712578,28.24,4.130229583291026
PG,2011-10-27,EARNINGS_GUIDANCE,RESULTS,6,1,intraday,1,-1.8833146592864562,1.8833146592864562,0,1.3424803625604305,29.860001,-176.6528110303712
PG,2011-10-28,OTHER,,0,1,after,1,-0.976579634174591,0.976579634174591,0,1.2673230218797937,25.459999,-91.58874450697851
PG,2011-11-02,OTHER,,0,1,pre,1,-0.7059768835984918,0.7059768835984918,0,1.4354925468846056,34.77,-67.87481960189417
PG,2011-11-04,OTHER,,0,1,after,1,0.4088723099635711,0.4088723099635711,0,1.4259073694531466,30.5,39.76451297944089
PG,2012-01-11,OTHER,,0,1,pre,1,-0.889127125560067,0.889127125560067,0,0.744890410117804,20.690001,-88.99561052063636
PG,2012-01-18,OTHER,,0,1,pre,1,-0.3053967275961525,0.3053967275961525,0,0.7057298530934943,22.200001,-28.543222161150386
PG,2012-01-30,EARNINGS_GUIDANCE,RESULTS,6,2,after,2,-1.982575511886371,1.982575511886371,0,0.956879667896245,18.530001,-184.7105276403104
PG,2012-02-07,OTHER,,0,2,pre,1,-0.12246695461024555,0.12246695461024555,0,1.1853140805290345,17.76,-11.333267959223805
PG,2012-02-13,OTHER,,0,1,pre,1,0.6205971899388741,0.6205971899388741,0,1.2171643378867583,20.790001,56.17878976427635
PG,2012-02-16,OTHER,,0,1,after,1,-0.18981054790382454,0.18981054790382454,0,1.1763774963591709,21.139999,-17.216443723568826
PG,2012-02-24,OTHER,,0,1,after,1,0.17797020814180484,0.17797020814180484,0,1.4840036292895895,16.799999,16.302761937921048
PG,2012-04-16,OTHER,,0,1,pre,1,1.156475809783106,1.156475809783106,0,0.515483214157631,19.549999,113.30253328672876
PG,2012-04-30,EARNINGS_GUIDANCE,RESULTS,6,2,after,2,-1.5324523626060458,1.5324523626060458,0,1.6256491108574902,16.32,-147.22414890520872
PG,2012-05-07,OTHER,,0,1,pre,1,-0.03073444530717013,0.03073444530717013,0,1.649607367263602,19.16,-2.9503311491805198
PG,2012-05-24,OTHER,,0,1,after,1,0.21212963368148843,0.21212963368148843,0,1.4462026014528393,22.33,20.218348118978117
PG,2012-06-20,OTHER,,0,1,intraday,1,-2.892953771513648,2.892953771513648,1,1.0200534250760958,18.379999,-295.3117759412166
PG,2012-07-11,OTHER,,0,1,pre,1,3.2153506897290125,3.2153506897290125,1,1.337188494829282,18.719999,333.4663687336288
PG,2012-07-19,OTHER,,0,1,after,1,0.13286810395209608,0.13286810395209608,0,1.5186708076072057,16.16,13.773482407904776
PG,2012-08-03,EARNINGS_GUIDANCE,RESULTS,6,1,intraday,1,2.4793765209904457,2.4793765209904457,1,1.421982049080004,17.57,263.5051808310438
PG,2012-08-06,OTHER,,0,1,after,1,0.8004933001305877,0.8004933001305877,0,1.6482295460221865,15.64,84.74885968089575
PG,2012-08-15,OTHER,,0,2,pre,1,0.07456150464310969,0.07456150464310969,0,1.154157806051062,14.85,7.840257316452728
PG,2012-08-17,OTHER,,0,2,after,1,-0.35172065519616463,0.35172065519616463,0,1.157186343188592,14.29,-37.16305445187347
PG,2012-09-07,OTHER,,0,1,after,1,0.43103037998125143,0.43103037998125143,0,0.5434054056549886,15.6,47.32245573828919
PG,2012-10-10,OTHER,,0,2,after,2,-0.6828418408634288,0.6828418408634288,0,0.6334982861166715,16.370001,-73.64011446442689
PG,2012-10-15,OTHER,,0,1,after,1,0.5780639566390028,0.5780639566390028,0,0.5659831329923537,16.139999,61.83471035342284
PG,2012-10-25,EARNINGS_GUIDANCE,RESULTS,6,1,intraday,1,1.7176255732058612,1.7176255732058612,0,1.0130864423137724,18.33,184.00168817990365
PG,2012-11-16,OTHER,,0,1,after,1,1.2710293163702704,1.2710293163702704,0,1.4268838198425178,17.99,132.32034273858162
PG,2013-01-09,MANAGEMENT_GOVERNANCE,OFFICER_CHANGE,5,2,pre,2,0.5210828527934456,0.5210828527934456,0,0.8761792776294285,13.62,56.20844782029638
PG,2013-01-28,EARNINGS_GUIDANCE,RESULTS,6,2,after,2,2.049827931329645,2.049827931329645,1,1.3902762727121278,12.89,215.2513593708243
PG,2013-02-22,OTHER,,0,1,after,1,-0.968965997504662,0.968965997504662,0,1.4471476305828843,15.22,-97.46794658958427
PG,2013-04-15,OTHER,,0,1,intraday,1,0.43024959234982746,0.43024959234982746,0,1.0902192299975397,12.06,42.068632558950846
PG,2013-04-24,EARNINGS_GUIDANCE,RESULTS,6,1,intraday,1,-7.448836302676126,7.448836302676126,1,1.333091248043556,13.48,-714.7580181283521
PG,2013-04-25,OTHER,,0,1,after,1,-0.2751648079211882,0.2751648079211882,0,2.526674015130905,13.61,-26.427858210667882
PG,2013-05-15,OTHER,,0,1,after,1,0.7930035351644911,0.7930035351644911,0,2.3746682079679844,12.77,76.20724963357918
PG,2013-06-06,MANAGEMENT_GOVERNANCE,OFFICER_CHANGE,5,2,pre,1,-0.16216910651239066,0.16216910651239066,0,1.8900435393780992,17.5,-17.8793364052694
PG,2013-06-12,OTHER,,0,1,intraday,1,-0.1708984862523837,0.1708984862523837,0,1.8631421524907963,17.07,-19.076824742666805
PG,2013-07-09,OTHER,,0,1,intraday,1,0.6207884774273539,0.6207884774273539,0,1.6126355045214098,14.78,69.76113120350878
PG,2013-08-01,EARNINGS_GUIDANCE,RESULTS,6,1,intraday,1,0.1897320043636183,0.1897320043636183,0,0.7566711091381246,13.45,21.88698394497021
PG,2013-08-02,OTHER,,0,1,after,1,-0.30236971356602527,0.30236971356602527,0,0.8350702383896357,12.94,-35.089548414127435
PG,2013-08-14,OTHER,,0,2,pre,1,-0.041048400619282284,0.041048400619282284,0,0.686614349483909,12.31,-4.9067761157522805
PG,2013-08-16,OTHER,,0,2,after,1,-0.3563742539663756,0.3563742539663756,0,0.739425646693536,14.73,-42.654185319294946
PG,2013-09-05,OTHER,,0,1,after,1,-0.5351782668712398,0.5351782668712398,0,0.7896760235285952,15.88,-64.47596582278207
PG,2013-09-17,OTHER,,0,1,pre,1,-0.9714006038260208,0.9714006038260208,0,0.9800823738605945,14.38,-116.84203292055967
PG,2013-10-09,OTHER,,0,1,after,1,0.19989864304276259,0.19989864304276259,0,0.9791522445739087,20.34,24.120593050531383
PG,2013-10-14,OTHER,,0,1,after,1,-0.7589035702346705,0.7589035702346705,0,1.055336436068084,15.72,-90.03178384327697
PG,2013-10-25,EARNINGS_GUIDANCE,RESULTS,6,1,intraday,1,0.2931048481782735,0.2931048481782735,0,1.209680938224606,13.2,34.636958442945534
PG,2013-10-28,OTHER,,0,1,after,1,2.072715409997968,2.072715409997968,1,1.1851421220658571,13.09,245.5146389205438
PG,2013-10-29,OTHER,,0,1,pre,1,0.16959561428941355,0.16959561428941355,0,1.0477659062660152,13.31,20.14963114399872
PG,2013-11-05,OTHER,,0,2,pre,1,1.3707408859191916,1.3707408859191916,0,1.1609574916485759,12.93,163.09915488115007
PG,2013-11-06,OTHER,,0,2,after,1,1.410725978103287,1.410725978103287,0,1.1542870059817465,13.27,167.95551950973024
PG,2013-12-16,OTHER,,0,1,pre,1,-1.6628211872823948,1.6628211872823948,0,1.0310001751073286,15.76,-207.2646916464869
PG,2014-01-15,OTHER,,0,1,pre,1,-0.5786738778064927,0.5786738778064927,0,0.8845333175090087,12.28,-69.71349325011728
PG,2014-01-27,EARNINGS_GUIDANCE,RESULTS,6,2,after,2,-0.12627679024465807,0.12627679024465807,0,0.8480200895466887,18.139999,-15.562699673346177
PG,2014-02-12,OTHER,,0,1,pre,1,-1.369953430349479,1.369953430349479,0,1.0134037891377095,14.51,-170.61835182338714
PG,2014-03-03,OTHER,,0,1,pre,1,-0.6028511830510946,0.6028511830510946,0,0.9038037499053334,14.0,-75.72308695318915
PG,2014-04-07,OTHER,,0,1,intraday,1,1.9733186845112884,1.9733186845112884,0,0.7341061801006089,13.96,256.4303832362684
PG,2014-04-10,OTHER,,0,1,after,1,1.1484876521626317,1.1484876521626317,0,0.8855366351751126,13.82,132.0967583608174
PG,2014-04-23,EARNINGS_GUIDANCE,RESULTS,6,1,intraday,1,0.6341284052840687,0.6341284052840687,0,0.6502512481771981,13.19,72.3669247259843
PG,2014-04-24,OTHER,,0,1,after,1,1.5634207341563087,1.5634207341563087,0,0.6450901099143643,13.27,178.4381067004097
PG,2014-06-12,OTHER,,0,1,after,1,-0.3214766108917402,0.3214766108917402,0,0.4865793304864929,11.6,-33.37267548899641
PG,2014-06-26,MANAGEMENT_GOVERNANCE,OFFICER_CHANGE,5,1,after,1,-0.4248571061966308,0.4248571061966308,0,0.49089894277217766,11.59,-44.061192247085806
PG,2014-07-08,OTHER,,0,1,intraday,1,1.89847182008815,1.89847182008815,0,0.6529142871617362,11.33,195.72258519515185
PG,2014-08-01,EARNINGS_GUIDANCE,RESULTS,6,1,intraday,1,2.199203387197092,2.199203387197092,1,0.7967238988184157,16.950001,225.2562423142841
PG,2014-08-04,OTHER,,0,1,after,1,-0.13792975805850796,0.13792975805850796,0,1.2377107305258739,17.030001,-14.123082631920282
PG,2014-10-15,OTHER,,0,1,after,1,-1.2495282781791084,1.2495282781791084,0,1.0547393976581472,22.790001,-123.1750283470073
PG,2014-10-21,OTHER,,0,2,after,1,0.2652960876772453,0.2652960876772453,0,1.2247829687229386,18.57,26.091703488558842
PG,2014-10-24,EARNINGS_GUIDANCE,RESULTS,6,1,intraday,1,3.0174522602630716,3.0174522602630716,1,1.2172662772138603,16.530001,294.0868769978886
PG,2014-10-27,OTHER,,0,1,after,1,1.1095296408615813,1.1095296408615813,0,1.4209190108468313,16.110001,108.06457103924382
PG,2014-11-04,OTHER,,0,3,after,2,1.7645369256235968,1.7645369256235968,0,1.3564627216417258,14.73,171.51124350552038
PG,2014-11-05,OTHER,,0,2,pre,1,-0.1471315521950548,0.1471315521950548,0,1.3803385649389277,14.89,-14.301478777786727
PG,2014-11-14,OTHER,,0,1,after,1,-0.9312151870838979,0.9312151870838979,0,1.1109068710228058,13.79,-89.8784218730032
PG,2014-11-24,OTHER,,0,1,pre,1,0.1219476681593135,0.1219476681593135,0,0.785692062507776,12.9,11.635274185352161
PG,2014-12-23,OTHER,,0,1,after,1,0.43801752334012256,0.43801752334012256,0,1.1015831400797818,15.25,41.78130031277526
PG,2015-01-14,OTHER,,0,1,pre,1,0.07518083105955276,0.07518083105955276,0,1.275157465997576,20.559999,6.952702811300402
PG,2015-01-28,EARNINGS_GUIDANCE,RESULTS,6,2,after,2,-1.00242838323299,1.00242838323299,0,1.8434278600068246,17.219999,-91.37529401130845
PG,2015-02-11,MANAGEMENT_GOVERNANCE,OFFICER_CHANGE,5,1,pre,1,0.21501063717398192,0.21501063717398192,0,2.00880451549823,17.23,19.01087743482764
PG,2015-02-20,OTHER,,0,1,after,1,-0.18400164771535896,0.18400164771535896,0,1.9449945914474294,15.29,-16.15973045893745
PG,2015-04-20,OTHER,,0,1,pre,1,0.2550593415671757,0.2550593415671757,0,0.9639707177552231,13.89,23.164152071533852
PG,2015-04-23,EARNINGS_GUIDANCE,RESULTS,6,1,intraday,1,-2.193121195987304,2.193121195987304,1,0.8444396556273377,12.71,-199.17930722541988
PG,2015-04-24,OTHER,,0,1,after,1,-0.30466821905265523,0.30466821905265523,0,0.9978940523203277,12.48,-27.667430458074307
PG,2015-05-08,OTHER,,0,2,after,1,-0.4726047784415126,0.4726047784415126,0,0.928686315624093,15.13,-43.249637460234666
PG,2015-06-15,OTHER,,0,1,pre,1,0.2561692949512194,0.2561692949512194,0,0.9632503557157248,13.78,23.888526625587097
PG,2015-07-10,MA_CORPORATE_ACTION,MATERIAL_AGREEMENT,5,3,after,1,0.0460819033111714,0.0460819033111714,0,1.4682583166499847,19.969999,4.268427633805707
PG,2015-07-14,OTHER,,0,1,intraday,1,0.07438140751255318,0.07438140751255318,0,1.424251569654161,13.9,6.9039246661608145
PG,2015-07-29,MANAGEMENT_GOVERNANCE,OFFICER_CHANGE,5,2,pre,1,-4.682432214241593,4.682432214241593,1,1.28510758454497,13.44,-401.07764104140307
PG,2015-07-30,EARNINGS_GUIDANCE,RESULTS,6,1,intraday,1,-5.60117603340128,5.60117603340128,1,1.0926158109679263,12.5,-483.6769425652185
PG,2015-07-31,OTHER,,0,1,after,1,-1.0333994007148353,1.0333994007148353,0,1.9099359352329393,12.13,-89.22441837345197
PG,2015-09-09,OTHER,,0,1,pre,1,-2.012679518072806,2.012679518072806,1,2.5659929516283557,24.9,-177.30427361178914
PG,2015-09-14,MANAGEMENT_GOVERNANCE,OFFICER_CHANGE,5,1,after,1,1.0517065690095948,1.0517065690095948,0,2.385350143026525,23.200001,102.062469562113
PG,2015-09-28,MANAGEMENT_GOVERNANCE,OFFICER_CHANGE,5,1,pre,1,1.5142061310140995,1.5142061310140995,0,1.8949227584270283,23.620001,143.4745080855036
PG,2015-10-14,OTHER,,0,1,after,1,-0.42003038656906105,0.42003038656906105,0,1.1629583370196264,17.67,-38.395850705844964
PG,2015-10-19,OTHER,,0,1,pre,1,-0.40805885820546467,0.40805885820546467,0,1.1322647796509095,15.05,-37.29743090292306
PG,2015-10-23,EARNINGS_GUIDANCE,RESULTS,6,1,intraday,1,3.3488936921922856,3.3488936921922856,1,1.1866901002116335,14.45,303.85361825529765
PG,2015-10-26,OTHER,,0,1,after,1,1.0036514411725803,1.0036514411725803,0,1.3893175809260567,14.46,91.01835379349103
PG,2015-10-27,OTHER,,0,1,pre,1,-1.9467639750804162,1.9467639750804162,0,1.2704798856408852,15.29,-176.50520472621642
PG,2015-11-03,OTHER,,0,2,after,1,0.8666498122481323,0.8666498122481323,0,1.3551567386882208,14.15,79.44892390779462
PG,2015-11-17,OTHER,,0,2,after,1,-0.174330535695139,0.174330535695139,0,1.6254283302455046,18.16,-16.77439160924728
PG,2016-01-13,OTHER,,0,1,after,1,0.36023470074385344,0.36023470074385344,0,1.5866124630985994,22.469999,34.60684871527784
PG,2016-01-27,EARNINGS_GUIDANCE,RESULTS,6,2,after,2,1.7536062412918811,1.7536062412918811,0,1.5111887903462815,22.5,173.95370361806147
PG,2016-02-03,OTHER,,0,2,pre,1,0.05825694940838931,0.05825694940838931,0,1.705738488047594,21.98,5.811829904097017
PG,2016-03-01,OTHER,,0,1,pre,1,0.8400980804350165,0.8400980804350165,0,1.5054892670299822,20.549999,83.7670471089187
PG,2016-04-11,OTHER,,0,1,pre,1,-0.9081653753043945,0.9081653753043945,0,0.8630379351866596,15.36,-97.25954340903269
PG,2016-04-13,OTHER,,0,1,pre,1,-0.8558985037035729,0.8558985037035729,0,0.8498025487996579,14.85,-91.72776827397162
PG,2016-04-26,EARNINGS_GUIDANCE,RESULTS,6,1,intraday,1,-1.9666084836663822,1.9666084836663822,0,0.9421234112911487,14.08,-215.84261740674083
PG,2016-04-27,OTHER,,0,1,after,1,0.6308474409361926,0.6308474409361926,0,1.1342499211110173,13.96,69.24356830424725
PG,2016-06-02,MANAGEMENT_GOVERNANCE,OFFICER_CHANGE,5,1,pre,1,0.7203715390295278,0.7203715390295278,0,0.9002978144555228,14.2,79.94556605455676
PG,2016-07-13,OTHER,,0,1,after,1,-0.20117005713584823,0.20117005713584823,0,1.1698487460389242,13.55,-22.8909272302858
PG,2016-08-02,EARNINGS_GUIDANCE,RESULTS,6,2,intraday,1,-0.36417439736577,0.36417439736577,0,0.6800088851169303,12.44,-38.894251933018374
PG,2016-08-03,OTHER,,0,2,after,1,-1.116007817992584,1.116007817992584,0,0.6688961751453416,13.37,-119.13125618417102
PG,2016-08-10,MANAGEMENT_GOVERNANCE,OFFICER_CHANGE,5,1,after,1,0.5582748661194956,0.5582748661194956,0,0.6623520036408536,11.66,58.5441931266375
PG,2016-09-29,OTHER,,0,2,pre,1,0.3079714711284931,0.3079714711284931,0,1.4920960397477374,12.39,30.849374035401173
PG,2016-10-03,OTHER,,0,2,after,1,-1.2384117966392387,1.2384117966392387,0,1.6289751837258526,13.29,-123.49613708793876
PG,2016-10-04,OTHER,,0,2,after,1,0.15064134218575478,0.15064134218575478,0,1.6352086319417327,13.57,15.042175331188195
PG,2016-10-06,OTHER,,0,2,pre,1,1.3368439603649598,1.3368439603649598,0,1.5922956777834787,12.99,133.0309150401029
PG,2016-10-12,OTHER,,0,2,after,1,-0.32190580610886566,0.32190580610886566,0,1.3404198617539458,15.36,-31.346711588282997
PG,2016-10-17,OTHER,,0,1,after,1,-1.4434871396847777,1.4434871396847777,0,1.3122461126181466,16.120001,-138.7847615775374
PG,2016-10-18,OTHER,,0,2,after,1,-2.614137818475075,2.614137818475075,1,1.3237240805830766,16.209999,-251.66879682270184
PG,2016-10-25,EARNINGS_GUIDANCE,RESULTS,6,2,intraday,1,4.185111429887807,4.185111429887807,1,1.238092550371241,13.02,405.1186950659355
PG,2016-10-26,OTHER,,0,2,after,1,-0.2876089660232304,0.2876089660232304,0,1.6607256508119532,13.46,-27.87178294036695
PG,2016-11-01,OTHER,,0,2,after,1,0.630131145178821,0.630131145178821,0,1.4410530125099412,17.059999,60.604316719461735
PG,2016-11-04,OTHER,,0,2,pre,1,-1.4305094507302776,1.4305094507302776,0,1.3900045669186407,22.08,-139.93030859455422
PG,2017-01-11,OTHER,,0,2,after,1,0.3832828808557595,0.3832828808557595,0,0.6556397041227942,11.49,42.831676982323444
PG,2017-01-23,EARNINGS_GUIDANCE,RESULTS,6,4,after,2,0.28548238620494276,0.28548238620494276,0,1.240961357478308,11.54,31.450284039844252
PG,2017-04-12,OTHER,,0,1,pre,1,0.8209194193397447,0.8209194193397447,0,0.3876217145555417,15.07,89.31549607290255
PG,2017-04-26,EARNINGS_GUIDANCE,RESULTS,6,2,intraday,1,-2.4281419616409217,2.4281419616409217,1,0.6292022687826234,10.76,-261.3827380054272
PG,2017-04-27,OTHER,,0,2,after,1,-0.35116722727527416,0.35116722727527416,0,0.9856309569688688,10.85,-37.79742836267124
PG,2017-05-04,OTHER,,0,2,pre,1,-0.24597736268049888,0.24597736268049888,0,1.018731775720427,10.68,-26.327964043074676
PG,2017-05-18,MANAGEMENT_GOVERNANCE,OFFICER_CHANGE,5,1,after,1,-0.6384469600000094,0.6384469600000094,0,0.9117034843270578,15.59,-67.73053914639065
PG,2017-07-12,OTHER,,0,2,pre,1,-0.5021206014640958,0.5021206014640958,0,0.7673828594286922,10.89,-54.99782276557774
PG,2017-07-27,EARNINGS_GUIDANCE,RESULTS,6,2,intraday,1,1.0900587181463608,1.0900587181463608,0,0.8364633189518905,9.6,118.19442807765427
PG,2017-07-28,OTHER,,0,2,after,1,0.26639993206025847,0.26639993206025847,0,0.7538974208044057,10.11,29.049502615187787
PG,2017-08-14,OTHER,,0,2,pre,1,0.41851967828368125,0.41851967828368125,0,0.7294554592545429,15.51,45.73892135518738
PG,2017-08-23,OTHER,,0,2,pre,1,-0.1355436597140054,0.1355436597140054,0,0.6284929673961815,11.35,-14.725583361253172
PG,2017-10-11,OTHER,,0,2,after,1,0.5948288981581775,0.5948288981581775,0,1.0607174069591692,10.08,57.61005491602063
PG,2017-10-17,OTHER,,0,1,pre,1,-0.4803215386331753,0.4803215386331753,0,1.1408150217636623,9.91,-46.47591909315893
PG,2017-10-20,EARNINGS_GUIDANCE,RESULTS,6,2,intraday,1,-4.991963835821896,4.991963835821896,1,0.9113429293379506,10.05,-484.0491253778853
PG,2017-10-23,OTHER,,0,2,after,1,-1.4261589359624998,1.4261589359624998,0,1.5096049797405682,9.97,-136.0998733263642
PG,2017-10-26,OTHER,,0,4,pre,2,-0.2528478939166859,0.2528478939166859,0,1.4485417156863805,11.23,-23.423610966673124
PG,2017-11-16,OTHER,,0,2,pre,1,-0.07998145529845281,0.07998145529845281,0,1.615792093902024,13.13,-7.069923685381644
PG,2017-12-18,MANAGEMENT_GOVERNANCE,OFFICER_CHANGE,5,4,pre,2,-0.30432541444353395,0.30432541444353395,0,0.8770696891595371,9.42,-29.386111687020946
PG,2018-01-10,OTHER,,0,2,pre,1,-1.2479735388310567,1.2479735388310567,0,0.7479445276515537,10.08,-115.36149486025701
PG,2018-01-24,EARNINGS_GUIDANCE,RESULTS,6,4,after,2,-0.8411269006853697,0.8411269006853697,0,1.4799271726146073,11.1,-77.86547164166322
PG,2018-04-11,OTHER,,0,2,pre,1,-0.7319426303452379,0.7319426303452379,0,1.2256674140151596,20.469999,-74.25516600689922
PG,2018-04-19,EARNINGS_GUIDANCE,RESULTS,6,4,intraday,2,-3.9125770043780013,3.9125770043780013,1,1.0461597315398754,15.6,-396.3453979081423
PG,2018-04-20,OTHER,,0,2,after,1,-1.9983996088400702,1.9983996088400702,0,1.5107751471157245,15.96,-203.0899515079828
PG,2018-05-10,OTHER,,0,2,after,1,0.8251502582586462,0.8251502582586462,0,1.387034361981818,13.42,88.7660853141346
PG,2018-05-23,OTHER,,0,2,pre,1,-0.2431332096704467,0.2431332096704467,0,1.0058938404478548,13.22,-26.21908651642185
PG,2018-05-24,OTHER,,0,2,after,1,0.4643933281392668,0.4643933281392668,0,0.9994839350338911,12.58,50.08535369401757
PG,2018-06-14,MANAGEMENT_GOVERNANCE,OFFICER_CHANGE,5,2,pre,1,1.176880485078171,1.176880485078171,0,1.2503281934843211,12.94,132.50467207937706
PG,2018-06-21,MANAGEMENT_GOVERNANCE,OFFICER_CHANGE,5,1,after,1,2.1900856149499783,2.1900856149499783,1,1.491684564036797,12.79,246.99260133592438
PG,2018-07-11,OTHER,,0,2,pre,1,-0.9490765799163927,0.9490765799163927,0,1.385590244142463,12.64,-107.1107498447704
PG,2018-07-31,EARNINGS_GUIDANCE,RESULTS,6,2,intraday,1,0.5022615636297265,0.5022615636297265,0,1.020102929085878,14.26,59.88823079686461
PG,2018-08-01,OTHER,,0,2,after,1,1.1602992200830708,1.1602992200830708,0,1.030825542277643,12.83,138.54488186117118
PG,2018-10-10,OTHER,,0,2,after,1,-1.0677300994507242,1.0677300994507242,0,1.093910746919894,15.95,-126.1441308257
PG,2018-10-11,OTHER,,0,1,pre,1,-2.078434199354894,2.078434199354894,1,1.056636040003225,22.959999,-245.57608611627361
PG,2018-10-12,OTHER,,0,1,pre,1,1.0548369612128043,1.0548369612128043,0,1.3219605746493128,24.98,124.42335075575463
PG,2018-10-19,EARNINGS_GUIDANCE,RESULTS,6,2,intraday,1,6.72134195397468,6.72134195397468,1,1.3782376000847665,20.059999,795.5882666924499
PG,2018-10-22,OTHER,,0,2,after,1,0.34711600147780647,0.34711600147780647,0,2.6461438350701005,19.889999,41.17206839723749
PG,2018-10-23,OTHER,,0,2,pre,1,4.3631289076390845,4.3631289076390845,1,2.6072432285544362,19.639999,517.2101769722834
PG,2018-10-31,OTHER,,0,2,pre,1,-0.47022518387293505,0.47022518387293505,0,2.678139973273588,23.35,-55.870179611602104
PG,2018-11-09,OTHER,,0,2,pre,1,2.502528956421931,2.502528956421931,1,2.336295492035973,16.719999,301.93019908942944
PG,2018-12-28,MANAGEMENT_GOVERNANCE,OFFICER_CHANGE,5,1,pre,1,-0.3133865350863548,0.3133865350863548,0,1.6314710517993685,29.959999,-49.060846153562586
PG,2019-01-09,OTHER,,0,2,pre,1,-1.1970858159544433,1.1970858159544433,0,1.6521354627528142,20.469999,-183.21598650615618
PG,2019-01-24,EARNINGS_GUIDANCE,RESULTS,6,4,after,2,-1.1592617196568527,1.1592617196568527,0,1.379564470081929,19.52,-176.9730204193119
PG,2019-02-14,MANAGEMENT_GOVERNANCE,OFFICER_CHANGE,5,1,after,1,-0.7962611180603509,0.7962611180603509,0,1.1093543967956119,15.65,-126.736613603659
PG,2019-04-10,OTHER,,0,2,pre,1,-0.19872429057733393,0.19872429057733393,0,0.5366049049151395,14.28,-32.030643989743325
PG,2019-04-23,EARNINGS_GUIDANCE,RESULTS,6,2,intraday,1,-1.7279649668963972,1.7279649668963972,0,0.3872240257017929,12.42,-277.1762510211985
PG,2019-04-24,OTHER,,0,2,after,1,-0.04630204353498994,0.04630204353498994,0,0.6896675498323818,12.28,-7.415817602302692
PG,2019-06-14,OTHER,,0,2,after,1,-0.10553608606990883,0.10553608606990883,0,0.8246970537709685,15.82,-16.8891697719118
PG,2019-07-10,OTHER,,0,2,pre,1,0.46196399094070223,0.46196399094070223,0,0.8720730679854594,14.09,73.27849649350578
PG,2019-07-30,EARNINGS_GUIDANCE,RESULTS,6,2,intraday,1,1.2249178594453536,1.2249178594453536,0,0.7868318378253354,12.83,195.81771700846775
PG,2019-07-31,OTHER,,0,2,after,1,-1.645672004161022,1.645672004161022,0,1.0351121264426173,13.94,-264.55604919212647
PG,2019-10-09,OTHER,,0,4,after,2,-0.14797778114969734,0.14797778114969734,0,1.06228101697629,20.280001,-21.13333418443869
PG,2019-10-14,MANAGEMENT_GOVERNANCE,OFFICER_CHANGE,5,3,after,1,-2.91290810543243,2.91290810543243,1,1.0609842506549316,15.58,-399.12016948810697
PG,2019-10-22,EARNINGS_GUIDANCE,RESULTS,6,2,intraday,1,2.184080253590124,2.184080253590124,1,1.119222862030013,14.0,299.99234633807504
PG,2019-10-23,OTHER,,0,2,after,1,1.1845755966716192,1.1845755966716192,0,1.2582739245786516,14.46,164.4420453936583
PG,2020-01-15,OTHER,,0,2,pre,1,0.2650035166121542,0.2650035166121542,0,0.7008681536523255,12.39,35.312903431381926
PG,2020-01-24,EARNINGS_GUIDANCE,RESULTS,6,4,after,2,1.2694379911170084,1.2694379911170084,0,0.663366031529946,12.98,168.37220719335468
PG,2020-02-21,OTHER,,0,1,after,1,-0.32896749723285723,0.32896749723285723,0,0.8096960157160721,15.56,-43.80815116353076
PG,2020-03-24,OTHER,,0,1,after,1,-1.5990861523361815,1.5990861523361815,0,5.799961882854372,61.59,-213.30790360963582
PG,2020-03-26,OTHER,,0,2,pre,1,5.406323922090597,5.406323922090597,1,5.945898907509489,63.950001,729.1230767422232
PG,2020-04-15,OTHER,,0,2,pre,1,1.0722109801465278,1.0722109801465278,0,4.303847404859043,37.759998,145.2428814781201
PG,2020-04-17,EARNINGS_GUIDANCE,RESULTS,6,2,intraday,1,-1.1271387526818386,1.1271387526818386,0,3.992767554131915,40.110001,-154.1462391065678
PG,2020-04-20,OTHER,,0,2,after,1,-0.5708576705816933,0.5708576705816933,0,3.413904861316886,38.150002,-78.32310236028688
PG,2020-07-15,OTHER,,0,2,pre,1,-0.32472374708133556,0.32472374708133556,0,0.6919749140577737,29.52,-68.67029091011835
PG,2020-07-30,EARNINGS_GUIDANCE,RESULTS,6,2,intraday,1,0.8821813863523582,0.8821813863523582,0,0.32985633714354046,24.1,188.02680784923916
PG,2020-07-31,OTHER,,0,2,after,1,-0.5467643410759674,0.5467643410759674,0,0.4491155521357243,24.76,-116.51693058676783
PG,2020-08-13,MANAGEMENT_GOVERNANCE,OFFICER_CHANGE,5,3,after,1,-0.03892331561012365,0.03892331561012365,0,0.5315854992230591,22.280001,-8.30902474612468
PG,2020-09-17,MANAGEMENT_GOVERNANCE,OFFICER_CHANGE,5,1,pre,1,0.573949880051844,0.573949880051844,0,0.54996170361535,26.040001,122.86526345229944
PG,2020-10-14,OTHER,,0,4,pre,2,0.12370007076531134,0.12370007076531134,0,0.4610299600614803,26.07,25.804933429621883
PG,2020-10-16,OTHER,,0,2,after,1,-0.10344156852594323,0.10344156852594323,0,0.4439393442981815,26.969999,-21.591834820489044
PG,2020-10-20,EARNINGS_GUIDANCE,RESULTS,6,2,intraday,1,0.33400674190747115,0.33400674190747115,0,0.5312894014277347,29.18,68.30584326455975
PG,2020-10-21,OTHER,,0,2,after,1,-0.2626148876694315,0.2626148876694315,0,0.518844843294485,29.35,-53.83918743996614
PG,2020-10-27,OTHER,,0,2,intraday,1,0.0486213568837055,0.0486213568837055,0,0.5173130305200434,32.459999,9.959388256927884
PG,2020-10-28,OTHER,,0,2,pre,1,-0.8358982545266707,0.8358982545266707,0,0.5126648003554622,33.349998,-171.24504614533268
PG,2020-10-30,OTHER,,0,2,pre,1,0.25576871899308395,0.25576871899308395,0,0.717549245277845,37.59,52.34593966184659
PG,2020-11-17,OTHER,,0,2,pre,1,-0.3681363215686057,0.3681363215686057,0,1.022360623283711,22.450001,-74.49663776784938
PG,2020-12-10,MANAGEMENT_GOVERNANCE,OFFICER_CHANGE,5,3,after,1,0.030998480894772994,0.030998480894772994,0,0.48613422544321466,22.27,6.260546246718698
PG,2021-01-13,OTHER,,0,2,after,1,-0.4261070348293062,0.4261070348293062,0,0.4846601440758436,23.33,-88.9335163783449
PG,2021-01-21,EARNINGS_GUIDANCE,RESULTS,6,4,after,2,-0.3342196143172338,0.3342196143172338,0,0.5251616142181652,21.58,-69.81285771101678
PG,2021-02-10,MANAGEMENT_GOVERNANCE,OFFICER_CHANGE,5,1,pre,1,-0.1725245070018113,0.1725245070018113,0,0.8007921909718331,21.629999,-35.80580047139615
PG,2021-02-11,MANAGEMENT_GOVERNANCE,OFFICER_CHANGE,5,3,after,1,-0.46005039971198863,0.46005039971198863,0,0.7980655057183837,21.99,-95.4482869583471
PG,2021-03-29,OTHER,,0,2,pre,1,0.15412452619151493,0.15412452619151493,0,1.0891152120481669,18.860001,20.07221021732293
PG,2021-03-30,OTHER,,0,1,pre,1,-1.2290321925976366,1.2290321925976366,0,1.1191771612847639,20.74,-160.06143307148227
PG,2021-04-14,OTHER,,0,2,pre,1,1.005902194504335,1.005902194504335,0,1.096503227050475,16.65,125.72227092821953
PG,2021-04-20,EARNINGS_GUIDANCE,RESULTS,6,2,intraday,1,0.0722084430884536,0.0722084430884536,0,1.0355996924902267,17.290001,9.097571779384545
PG,2021-04-21,OTHER,,0,2,after,1,-1.2836140528774809,1.2836140528774809,0,0.9436469493744454,18.68,-163.00645533227208
PG,2021-04-26,OTHER,,0,2,pre,1,-1.764448979737551,1.764448979737551,0,0.9424772423807635,17.33,-216.32413849531167
PG,2021-06-14,MANAGEMENT_GOVERNANCE,OFFICER_CHANGE,5,1,after,1,-0.15828552638148966,0.15828552638148966,0,0.9960714769939649,15.65,-19.425692274438003
PG,2021-07-14,OTHER,,0,2,pre,1,1.3838606429400917,1.3838606429400917,0,0.802947652821437,17.120001,172.6559142508961
PG,2021-07-30,EARNINGS_GUIDANCE,RESULTS,6,5,intraday,2,1.7144296140335962,1.7144296140335962,0,0.7504821607535824,17.700001,211.01517210885413
PG,2021-08-02,OTHER,,0,2,after,1,0.8206293812250367,0.8206293812250367,0,0.8779802362258472,18.24,101.14709061621242
PG,2021-08-06,MANAGEMENT_GOVERNANCE,OFFICER_CHANGE,5,3,pre,1,-0.13095539664113132,0.13095539664113132,0,0.9519958565563245,17.280001,-16.087889222088457
PG,2021-10-13,OTHER,,0,2,after,1,0.4727032769619701,0.4727032769619701,0,0.8158844558565563,19.85,60.52942572011809
PG,2021-10-18,OTHER,,0,2,pre,1,-2.352575751208966,2.352575751208966,1,0.8635344245102172,16.299999,-298.5050655085487
PG,2021-10-19,EARNINGS_GUIDANCE,RESULTS,6,2,intraday,1,-0.9201319117087126,0.9201319117087126,0,0.9003505413281293,16.309999,-116.89570796788466
PG,2021-10-20,OTHER,,0,2,after,1,-0.3962021644841114,0.3962021644841114,0,0.9452094202549874,15.7,-50.17377101600351
PG,2021-11-08,OTHER,,0,2,pre,1,-0.27982433724863304,0.27982433724863304,0,0.9016674072747972,16.48,-32.48112980600039
PG,2021-11-09,OTHER,,0,2,pre,1,1.5129336912073876,1.5129336912073876,0,0.9280168519934767,17.219999,176.31191864692136
PG,2021-12-13,MANAGEMENT_GOVERNANCE,OFFICER_CHANGE,5,1,pre,1,2.0473929609796393,2.0473929609796393,1,1.255160884584549,18.690001,242.45101054161174
PG,2022-01-12,OTHER,,0,2,pre,1,0.20671511801288245,0.20671511801288245,0,1.1033349276548392,18.41,24.21678300449753
PG,2022-01-13,MANAGEMENT_GOVERNANCE,OFFICER_CHANGE,5,1,pre,1,0.8051417100344814,0.8051417100344814,0,1.114873006053805,17.620001,92.98136969519548
PG,2022-01-20,EARNINGS_GUIDANCE,RESULTS,6,4,after,2,1.576328961423462,1.576328961423462,0,1.2967108974692754,23.85,184.34657847541158
PG,2022-02-02,OTHER,,0,2,pre,1,2.483680663657462,2.483680663657462,1,1.2557714403748812,21.959999,299.5998449131696
PG,2022-02-09,OTHER,,0,2,pre,1,-1.5308414715129457,1.5308414715129457,0,1.3414276193769024,21.440001,-182.85693305602933
PG,2022-04-13,OTHER,,0,2,pre,1,-0.342731212803476,0.342731212803476,0,0.8302984056477718,24.26,-44.32148825588434
PG,2022-04-20,EARNINGS_GUIDANCE,RESULTS,6,2,intraday,1,2.108085104168774,2.108085104168774,1,0.8890146282762651,21.370001,284.0210257008387
PG,2022-04-21,OTHER,,0,2,after,1,0.09398094956936107,0.09398094956936107,0,1.0080071684110221,20.32,12.645490120964464
PG,2022-07-13,OTHER,,0,2,pre,1,0.36492355769807316,0.36492355769807316,0,1.0728265952981317,27.290001,56.450192407419465
PG,2022-07-29,EARNINGS_GUIDANCE,RESULTS,6,2,intraday,1,-2.5692870526983014,2.5692870526983014,1,0.840743164207249,22.33,-406.9666443997905
PG,2022-08-01,OTHER,,0,2,after,1,1.5889618208835936,1.5889618208835936,0,1.5531032039933723,21.33,251.9545120355594
PG,2022-10-12,OTHER,,0,2,after,1,0.39160510599031834,0.39160510599031834,0,0.9325665676984877,33.630001,70.82752990268149
PG,2022-10-17,OTHER,,0,2,pre,1,0.5912518693173525,0.5912518693173525,0,0.9712467411510552,32.02,107.66844930376305
PG,2022-10-19,EARNINGS_GUIDANCE,RESULTS,6,2,intraday,1,0.10704904992006498,0.10704904992006498,0,1.0613041172063788,30.5,19.568755736673396
PG,2022-10-20,OTHER,,0,2,after,1,-0.3952105527802223,0.3952105527802223,0,1.0669794660830754,30.76,-72.2901073926916
PG,2022-12-14,OTHER,,0,2,pre,1,0.38358729369104,0.38358729369104,0,0.6604262390200164,22.549999,68.70826882567025
PG,2023-01-11,OTHER,,0,2,pre,1,-1.228979077323801,1.228979077323801,0,0.7499392847216367,20.58,-214.22469586071955
PG,2023-01-20,EARNINGS_GUIDANCE,RESULTS,6,4,after,2,-1.4399961290909742,1.4399961290909742,0,1.0156265930461392,20.52,-248.69318899669292
PG,2023-01-27,OTHER,,0,2,pre,1,0.20568860141426185,0.20568860141426185,0,0.9716155242708849,18.73,35.24659495956447
PG,2023-02-06,OTHER,,0,2,pre,1,-1.312772011622797,1.312772011622797,0,0.8096634605378515,18.33,-222.94232412740305
PG,2023-04-12,MANAGEMENT_GOVERNANCE,OFFICER_CHANGE,5,4,pre,2,0.25560769954466955,0.25560769954466955,0,0.6104692480210582,19.1,40.593102521836904
PG,2023-04-21,EARNINGS_GUIDANCE,RESULTS,6,2,intraday,1,2.276353312272651,2.276353312272651,1,0.49043248522465244,17.17,358.6385587752167
PG,2023-04-24,OTHER,,0,2,after,1,0.673485948316006,0.673485948316006,0,0.7274532261727498,16.77,106.04903474549002
PG,2023-05-03,OTHER,,0,2,pre,1,0.12603783649903907,0.12603783649903907,0,0.8006302806860602,17.780001,19.9007786591429
PG,2023-07-12,OTHER,,0,2,pre,1,-0.11591385279067104,0.11591385279067104,0,0.9062968340841802,14.84,-16.373261997046
PG,2023-07-28,EARNINGS_GUIDANCE,RESULTS,6,2,intraday,1,1.7515097199183374,1.7515097199183374,0,1.025946882582162,14.41,210.1594861240923
PG,2023-07-31,OTHER,,0,2,after,1,-0.06634359078684636,0.06634359078684636,0,1.192160670625446,13.33,-7.982048940658893
PG,2023-10-11,OTHER,,0,2,pre,1,-0.881501997474006,0.881501997474006,0,0.8415502887026897,17.030001,-103.26563339924958
PG,2023-10-16,OTHER,,0,2,pre,1,0.4449518572069161,0.4449518572069161,0,0.8309745625608734,19.32,51.574803511333386
PG,2023-10-18,EARNINGS_GUIDANCE,RESULTS,6,2,intraday,1,2.4941970297453757,2.4941970297453757,1,0.8801356863326023,17.879999,290.44057153182865
PG,2023-10-19,OTHER,,0,2,after,1,0.1387597099367916,0.1387597099367916,0,1.14993107909078,19.219999,16.151208816542386
PG,2023-11-02,OTHER,,0,2,pre,1,-0.8548440956060054,0.8548440956060054,0,1.2372390703473584,16.870001,-99.28441496984978
PG,2023-12-06,EARNINGS_GUIDANCE,IMPAIRMENT,6,2,after,1,-0.2619665257717437,0.2619665257717437,0,1.2638344436186955,12.85,-31.768090983862557
PG,2023-12-14,MANAGEMENT_GOVERNANCE,OFFICER_CHANGE,5,3,after,1,-2.63372460646651,2.63372460646651,1,1.3422562900009871,12.19,-321.75411357109647
PG,2024-01-10,OTHER,,0,2,pre,1,0.47720267176155845,0.47720267176155845,0,1.300879655004057,12.76,55.816312827322925
PG,2024-01-24,EARNINGS_GUIDANCE,RESULTS,6,4,after,2,0.635476983926257,0.635476983926257,0,1.2454159064550112,12.55,77.27378879962157
PG,2024-01-30,OTHER,,0,2,pre,1,0.9551795197900363,0.9551795197900363,0,1.3477479889864867,13.6,119.55995496799568
PG,2024-04-10,MANAGEMENT_GOVERNANCE,OFFICER_CHANGE,5,3,pre,2,-0.32343658429092753,0.32343658429092753,0,0.8852755551148338,14.98,-40.55571221373357
PG,2024-04-19,EARNINGS_GUIDANCE,RESULTS,6,2,intraday,1,1.6377327350529864,1.6377327350529864,0,0.9634863413909591,18.0,205.23909101741427
PG,2024-04-22,OTHER,,0,2,after,1,1.1389227377196127,1.1389227377196127,0,0.9760261593781152,18.709999,142.69868995259628
PG,2024-04-30,OTHER,,0,2,pre,1,1.3682043762242473,1.3682043762242473,0,0.9672565671718265,14.67,170.7561931075136
PG,2024-07-10,OTHER,,0,2,pre,1,-0.12432368984398703,0.12432368984398703,0,0.8730629812465311,12.51,-14.819059986729918
PG,2024-07-30,EARNINGS_GUIDANCE,RESULTS,6,2,intraday,1,-4.928029562892213,4.928029562892213,1,0.9781207700650695,16.6,-586.2513349790456
PG,2024-07-31,OTHER,,0,2,after,1,1.959814927153297,1.959814927153297,0,1.7058691120506948,17.690001,233.25800427146547
PG,2024-10-09,OTHER,,0,2,after,1,0.2266443938784488,0.2266443938784488,0,0.9643425456683807,21.42,30.903630785277134
PG,2024-10-11,OTHER,,0,1,pre,1,1.34010721420727,1.34010721420727,0,0.8698965355664378,20.93,182.6040761797095
PG,2024-10-18,EARNINGS_GUIDANCE,RESULTS,6,2,intraday,1,-0.8576076977620155,0.8576076977620155,0,0.7547577503954359,19.110001,-115.88460958562766
PG,2024-10-21,OTHER,,0,2,after,1,-0.7749518289532451,0.7749518289532451,0,0.6616222600867793,18.030001,-104.40346960048025
PG,2024-10-25,OTHER,,0,2,pre,1,-0.24116351468977032,0.24116351468977032,0,0.6601571760301996,19.08,-33.0122038269089
PG,2025-01-15,OTHER,,0,2,pre,1,0.26836228191666345,0.26836228191666345,0,0.937214009386907,18.709999,34.742542754187255
PG,2025-01-23,EARNINGS_GUIDANCE,RESULTS,6,4,after,2,0.10376920842022112,0.10376920842022112,0,1.1328690475244363,15.1,13.788443040537636
PG,2025-04-09,OTHER,,0,2,pre,1,2.4159063762285258,2.4159063762285258,1,1.560931659878028,52.330002,364.22946863562754
PG,2025-04-24,EARNINGS_GUIDANCE,RESULTS,6,2,intraday,1,-1.8206649269127018,1.8206649269127018,0,1.7667389873886599,28.450001,-279.05945623290324
PG,2025-04-25,OTHER,,0,2,after,1,0.9409369409281703,0.9409369409281703,0,1.8444975729846376,26.469999,146.37726141518536
PG,2025-05-02,OTHER,,0,2,pre,1,-0.45033785084073846,0.45033785084073846,0,1.8253148147472313,24.6,-70.36008686285261
PG,2025-06-05,OTHER,,0,2,intraday,1,-0.7104745134537844,0.7104745134537844,0,0.8362137060983906,17.610001,-122.87121439723846
PG,2025-06-10,MANAGEMENT_GOVERNANCE,OFFICER_CHANGE,5,3,pre,1,-0.149803353021139,0.149803353021139,0,0.8353037227183324,17.16,-26.496227934651078
PG,2025-07-09,OTHER,,0,2,pre,1,0.1664837694224612,0.1664837694224612,0,0.7093265064780785,16.809999,29.69432630685392
PG,2025-07-29,EARNINGS_GUIDANCE,RESULTS,6,5,intraday,2,-1.5394135126532096,1.5394135126532096,0,0.8363776245602877,15.03,-257.7999634655305
PG,2025-07-30,OTHER,,0,2,after,1,-2.273630821099988,2.273630821099988,1,0.7974175515395376,15.98,-381.84482387765865
PG,2025-08-15,MANAGEMENT_GOVERNANCE,OFFICER_CHANGE,5,1,after,1,0.8423907830733168,0.8423907830733168,0,0.8118818720690807,14.83,141.05009455311776
PG,2025-10-15,OTHER,,0,2,after,1,0.24604373775092647,0.24604373775092647,0,0.7929992128815174,20.809999,42.16670040283943
PG,2025-10-17,MANAGEMENT_GOVERNANCE,OFFICER_CHANGE,5,3,pre,1,0.7985948782500815,0.7985948782500815,0,0.7577409028797074,25.309999,136.47284840390464
PG,2025-10-24,EARNINGS_GUIDANCE,RESULTS,6,2,intraday,1,0.07252290659700429,0.07252290659700429,0,0.7195240516113628,17.299999,12.452248353756078
PG,2025-10-27,OTHER,,0,2,after,1,-0.5733917812737882,0.5733917812737882,0,0.7495198297519793,16.370001,-96.6517427407797
PG,2025-11-04,OTHER,,0,2,pre,1,-0.7395201424681482,0.7395201424681482,0,0.8289631392828918,17.17,-125.11680346048121
PG,2025-11-05,OTHER,,0,2,pre,1,-0.25959618428088466,0.25959618428088466,0,0.7894340072400421,19.0,-43.685241193097134
PG,2025-12-16,MANAGEMENT_GOVERNANCE,OFFICER_CHANGE,5,1,after,1,1.316523601023475,1.316523601023475,0,1.1963791040862524,16.5,220.68920190481168
PG,2026-01-14,OTHER,,0,2,pre,1,0.26056935496437733,0.26056935496437733,0,0.907345014398437,15.98,43.938184104231716
PG,2026-01-23,EARNINGS_GUIDANCE,RESULTS,6,4,after,2,0.3227780458995739,0.3227780458995739,0,0.9661675714438822,15.64,53.93242441345712
PG,2026-04-15,OTHER,,0,2,pre,1,-0.5305007361428147,0.5305007361428147,0,1.1291274899493988,18.360001,-80.77920819850368
PG,2026-04-24,EARNINGS_GUIDANCE,RESULTS,6,2,intraday,1,1.7016853301548542,1.7016853301548542,0,1.1737490856201058,19.309999,265.7346068914154
PG,2026-04-27,OTHER,,0,2,after,1,0.46580252441152503,0.46580252441152503,0,1.2664687565515929,18.709999,72.74127946082798
PG,2026-07-15,OTHER,,0,2,pre,1,2.229183930747096,2.229183930747096,1,1.311429500666284,16.5,376.7600925899544
PG,2026-07-29,EARNINGS_GUIDANCE,RESULTS,6,5,intraday,2,-1.9426716234609802,1.9426716234609802,0,1.1818180131702598,18.209999,-337.1068478789709
PG,2026-07-30,OTHER,,0,2,after,1,-0.6012108561235036,0.6012108561235036,0,1.2398853089673791,20.66,-104.46604358447603
TSLA,2011-02-16,EARNINGS_GUIDANCE,RESULTS,6,2,after,1,0.34577144050262704,0.34577144050262704,0,0.7844166446401554,16.370001,196.89166360184646
TSLA,2011-05-05,EARNINGS_GUIDANCE,RESULTS,6,2,after,1,0.3739425153484798,0.3739425153484798,0,0.5963512133605687,17.08,195.62913462567923
TSLA,2011-06-02,OTHER,,0,3,after,1,1.1982108228514818,1.1982108228514818,0,0.945724509393817,18.299999,635.843133048806
TSLA,2011-06-06,OTHER,,0,1,after,1,-0.9718469561982973,0.9718469561982973,0,0.9714973310014752,17.950001,-515.3388309745186
TSLA,2011-06-20,MA_CORPORATE_ACTION,MATERIAL_AGREEMENT,5,1,after,1,0.3218690206937561,0.3218690206937561,0,0.9879736554839441,21.85,161.29781062698635
TSLA,2011-07-21,MA_CORPORATE_ACTION,MATERIAL_AGREEMENT,5,1,after,1,-0.01556081580001906,0.01556081580001906,0,0.5757017211834786,19.09,-7.466064062279509
TSLA,2011-08-04,EARNINGS_GUIDANCE,RESULTS,6,2,after,1,-1.1853315402505624,1.1853315402505624,0,0.662828051862959,23.379999,-565.8671871991193
TSLA,2011-08-24,OTHER,,0,1,intraday,1,0.12446048818578885,0.12446048818578885,0,1.275596674347653,36.27,58.695951652321874
TSLA,2011-10-10,OTHER,,0,1,after,1,-0.4872924662309707,0.4872924662309707,0,0.9531091231640648,36.200001,-228.19844492356964
TSLA,2011-10-11,MA_CORPORATE_ACTION,MATERIAL_AGREEMENT,5,2,intraday,1,-0.388143400800844,0.388143400800844,0,0.9622397814181223,33.02,-181.77131670716267
TSLA,2011-11-03,MA_CORPORATE_ACTION,ACQUISITION_COMPLETED,6,2,after,1,2.4936337516063367,2.4936337516063367,1,0.7826769731302553,32.740002,1035.160578507436
TSLA,2012-02-16,EARNINGS_GUIDANCE,RESULTS,6,2,after,1,0.6040047531419962,0.6040047531419962,0,0.7611063543275457,21.139999,224.86213093909038
TSLA,2012-03-26,MANAGEMENT_GOVERNANCE,OFFICER_CHANGE,5,1,intraday,1,2.4004629336436145,2.4004629336436145,1,0.6587355255833099,14.82,941.5428604155925
TSLA,2012-05-10,EARNINGS_GUIDANCE,RESULTS,6,2,after,1,1.8317958497706406,1.8317958497706406,0,0.9317762580249499,20.08,712.4100259192312
TSLA,2012-06-11,MANAGEMENT_GOVERNANCE,OFFICER_CHANGE,5,4,after,1,-0.3049801283749841,0.3049801283749841,0,1.2821497870473095,21.23,-118.31070046224745
TSLA,2012-07-26,EARNINGS_GUIDANCE,RESULTS,6,2,after,1,-0.6237924405206102,0.6237924405206102,0,1.06644711147909,19.34,-254.16258653548635
TSLA,2012-09-25,MA_CORPORATE_ACTION,MATERIAL_AGREEMENT,5,3,intraday,1,-1.8731498302018776,1.8731498302018776,0,0.9863936543828957,14.15,-816.0974553066782
TSLA,2012-11-05,EARNINGS_GUIDANCE,RESULTS,6,2,intraday,1,1.4784812138612224,1.4784812138612224,0,0.6709765344017196,17.59,647.3670642582838
TSLA,2012-12-19,MANAGEMENT_GOVERNANCE,OFFICER_CHANGE,5,2,after,1,0.030690745379630745,0.030690745379630745,0,0.5628509080698318,15.57,13.760127982136074
TSLA,2013-02-21,EARNINGS_GUIDANCE,RESULTS,6,2,after,1,-1.7306132022560252,1.7306132022560252,0,0.6205604241598345,14.68,-691.5943183223399
TSLA,2013-03-08,LEGAL_REGULATORY,RESTATEMENT,8,1,after,1,0.27699273374034217,0.27699273374034217,0,1.0747149198208485,13.06,110.20262352088126
TSLA,2013-05-09,EARNINGS_GUIDANCE,RESULTS,6,2,after,1,8.62988654369913,8.62988654369913,1,1.3137019460207517,12.66,3201.1905524531676
TSLA,2013-05-16,MA_CORPORATE_ACTION,MATERIAL_AGREEMENT,5,3,after,1,1.8782701975126932,1.8782701975126932,0,2.4334608499931187,12.81,703.379317826621
TSLA,2013-05-21,MA_CORPORATE_ACTION,MATERIAL_AGREEMENT,5,4,after,1,-0.5572907064686801,0.5572907064686801,0,2.5259959539154226,13.02,-208.31277988761894
TSLA,2013-05-23,MA_CORPORATE_ACTION,MATERIAL_AGREEMENT,5,6,after,1,3.0228376376979726,3.0228376376979726,1,2.5468150264485323,13.82,1135.1605131463468
TSLA,2013-05-31,MA_CORPORATE_ACTION,MATERIAL_AGREEMENT,5,4,after,1,-2.9952942078546503,2.9952942078546503,1,2.670959538063879,14.53,-1136.2625123794148
TSLA,2013-06-07,OTHER,,0,1,after,1,0.2825506318678235,0.2825506318678235,0,2.0862584822376777,16.629999,105.60562640807427
TSLA,2013-08-08,EARNINGS_GUIDANCE,RESULTS,6,2,after,1,2.5924990492093607,2.5924990492093607,1,1.4490649451941757,12.98,1223.312231840428
TSLA,2013-10-30,MA_CORPORATE_ACTION,MATERIAL_AGREEMENT,5,2,intraday,1,-0.54638850148424,0.54638850148424,0,0.943349450494858,13.41,-275.8272988630976
TSLA,2013-11-06,EARNINGS_GUIDANCE,RESULTS,6,3,after,1,-4.635435883450524,4.635435883450524,1,0.9004908307908974,13.27,-2363.082144760822
TSLA,2014-01-16,EARNINGS_GUIDANCE,RESULTS,6,3,after,1,0.5957404829427644,0.5957404829427644,0,1.0573514552632417,12.28,353.86316617921096
TSLA,2014-02-20,EARNINGS_GUIDANCE,RESULTS,6,2,after,1,1.104343399915081,1.104343399915081,0,0.7214228389694983,15.5,661.3688183902772
TSLA,2014-02-27,OTHER,,0,3,after,2,-0.82122594000627,0.82122594000627,0,0.947255185762337,14.35,-504.64389967736446
TSLA,2014-03-06,MA_CORPORATE_ACTION,MATERIAL_AGREEMENT,5,5,after,1,-0.6366019543579826,0.6366019543579826,0,0.9274826211814494,13.89,-390.39647943451325
TSLA,2014-04-03,MA_CORPORATE_ACTION,MATERIAL_AGREEMENT,5,5,intraday,1,-1.2223014028311034,1.2223014028311034,0,0.6284379830967771,13.09,-750.0024656057531
TSLA,2014-05-08,EARNINGS_GUIDANCE,RESULTS,6,2,after,1,-1.9122432237290818,1.9122432237290818,0,0.8408095347538243,13.4,-1048.4975846160353
TSLA,2014-06-09,OTHER,,0,1,after,1,-0.6093150174613361,0.6093150174613361,0,0.34750684389269404,10.73,-331.492962948723
TSLA,2014-08-01,EARNINGS_GUIDANCE,RESULTS,6,4,after,2,1.1597506984465402,1.1597506984465402,0,0.47602218277944164,16.950001,585.652679800649
TSLA,2014-08-07,MANAGEMENT_GOVERNANCE,OFFICER_CHANGE,5,2,after,1,-0.267303688759722,0.267303688759722,0,0.5693911000432634,16.370001,-134.82391660656248
TSLA,2014-10-06,MA_CORPORATE_ACTION,MATERIAL_AGREEMENT,5,1,after,1,0.9461507499762666,0.9461507499762666,0,0.7845142635795062,14.55,462.78238175147357
TSLA,2014-11-06,EARNINGS_GUIDANCE,RESULTS,6,2,after,1,0.6284289203406197,0.6284289203406197,0,1.1393838616956613,14.17,272.3398572451984
TSLA,2015-02-12,EARNINGS_GUIDANCE,RESULTS,6,2,after,1,-1.841187255639657,1.841187255639657,0,0.7810330552335295,16.959999,-630.1483258101413
TSLA,2015-03-09,MA_CORPORATE_ACTION,MATERIAL_AGREEMENT,5,3,after,1,0.1630486942252766,0.1630486942252766,0,0.9278651299156978,15.2,56.06997937753076
TSLA,2015-05-07,EARNINGS_GUIDANCE,RESULTS,6,2,after,1,0.15453878172612287,0.15453878172612287,0,0.8763357530997432,15.15,47.779221522953506
TSLA,2015-06-11,MANAGEMENT_GOVERNANCE,OFFICER_CHANGE,5,3,after,1,0.26187062278969736,0.26187062278969736,0,0.5448993651583885,13.22,79.84888832533603
TSLA,2015-06-15,MA_CORPORATE_ACTION,MATERIAL_AGREEMENT,5,3,after,1,0.3431379834604666,0.3431379834604666,0,0.508516251914872,13.78,104.7270328790198
TSLA,2015-08-06,EARNINGS_GUIDANCE,RESULTS,6,2,after,1,-3.13855486970815,3.13855486970815,1,1.1290076553053532,12.51,-933.4961676976429
TSLA,2015-08-20,MA_CORPORATE_ACTION,MATERIAL_AGREEMENT,5,4,after,1,-1.113976013153443,1.113976013153443,0,1.4071894221908103,15.25,-340.3314175585002
TSLA,2015-10-05,EARNINGS_GUIDANCE,RESULTS,6,3,after,1,-1.4562852258000163,1.4562852258000163,0,0.843114995137627,20.940001,-437.72255437880705
TSLA,2015-11-04,EARNINGS_GUIDANCE,RESULTS,6,4,after,2,3.898723969864482,3.898723969864482,1,1.2443954381643747,14.54,1115.8822093412953
TSLA,2016-02-11,EARNINGS_GUIDANCE,RESULTS,6,3,after,1,1.3134087305872277,1.3134087305872277,0,1.6228443455546728,26.290001,407.5458363541208
TSLA,2016-03-14,OTHER,,0,1,after,1,1.744749632916232,1.744749632916232,0,1.2985923585965486,16.5,534.5516566770527
TSLA,2016-04-05,EARNINGS_GUIDANCE,RESULTS,6,3,after,1,2.057758449244715,2.057758449244715,1,0.9498748261954473,14.12,712.3905098916331
TSLA,2016-05-05,EARNINGS_GUIDANCE,RESULTS,6,2,after,1,-1.1131503524030448,1.1131503524030448,0,0.7672696160657765,16.049999,-390.31305544034336
TSLA,2016-05-25,OTHER,,0,3,after,1,0.6599276851987558,0.6599276851987558,0,0.8693376919080544,14.42,236.91648160887019
TSLA,2016-05-26,MA_CORPORATE_ACTION,MATERIAL_AGREEMENT,5,3,after,1,0.2598954423101897,0.2598954423101897,0,0.8827601250878933,13.9,92.90139349528829
TSLA,2016-06-06,OTHER,,0,1,after,1,1.4128866121135102,1.4128866121135102,0,0.6241556601551044,13.47,506.9129097749784
TSLA,2016-06-22,OTHER,,0,3,after,1,-3.4846440793319964,3.4846440793319964,1,0.8210216459302064,18.48,-1244.2961063198727
TSLA,2016-08-01,MA_CORPORATE_ACTION,MATERIAL_AGREEMENT,5,3,intraday,1,-0.6578095253927821,0.6578095253927821,0,0.6670210521900571,11.87,-228.38961401646245
TSLA,2016-08-04,EARNINGS_GUIDANCE,RESULTS,6,2,after,1,0.2615382320776104,0.2615382320776104,0,0.6677708075928649,12.86,94.16765873588336
TSLA,2016-08-05,OTHER,,0,1,intraday,1,-0.7353898082162783,0.7353898082162783,0,0.6866632935643504,12.42,-264.4075715708832
TSLA,2016-09-08,MA_CORPORATE_ACTION,MATERIAL_AGREEMENT,5,2,after,1,-0.11132767407168125,0.11132767407168125,0,0.5417272604375255,11.94,-40.38491029130342
TSLA,2016-09-23,MANAGEMENT_GOVERNANCE,OFFICER_CHANGE,5,2,intraday,1,0.8285601882321987,0.8285601882321987,0,0.7210482333779298,12.02,294.9983212027973
TSLA,2016-10-04,EARNINGS_GUIDANCE,RESULTS,6,3,after,1,-0.6545732946252741,0.6545732946252741,0,0.6952306694396853,13.57,-231.03558322100662
TSLA,2016-10-12,OTHER,,0,2,after,1,0.10177770544076065,0.10177770544076065,0,0.7795042029459829,15.36,35.11420544694568
TSLA,2016-10-27,EARNINGS_GUIDANCE,RESULTS,6,2,after,1,-0.09539526167644709,0.09539526167644709,0,0.8734278556186649,14.24,-31.37630327438988
TSLA,2016-11-14,OTHER,,0,1,intraday,1,-1.0407813681437996,1.0407813681437996,0,0.7638009672777477,14.17,-338.55149387605616
TSLA,2016-11-21,OTHER,,0,3,after,1,0.7147717356882366,0.7147717356882366,0,0.7894420561711983,12.85,235.31257852005766
TSLA,2016-11-22,MA_CORPORATE_ACTION,ACQUISITION_COMPLETED,6,4,after,1,1.3520568608841537,1.3520568608841537,0,0.770813418771654,12.42,445.4229395216475
TSLA,2016-12-05,OTHER,,0,1,pre,1,0.4747697873003146,0.4747697873003146,0,0.9332870584373009,14.12,155.66277240774866
TSLA,2016-12-21,MA_CORPORATE_ACTION,MATERIAL_AGREEMENT,5,3,after,1,0.18883221539408257,0.18883221539408257,0,0.8819506723882402,11.45,61.30547553124778
TSLA,2017-01-04,EARNINGS_GUIDANCE,RESULTS,6,3,after,1,1.2449994530230948,1.2449994530230948,0,0.698562033123503,12.85,410.6773567988674
TSLA,2017-02-01,OTHER,,0,2,intraday,1,-0.09970062681318724,0.09970062681318724,0,0.6688423509036335,11.99,-30.29945715148285
TSLA,2017-02-23,EARNINGS_GUIDANCE,RESULTS,6,2,after,1,-2.1868721227095276,2.1868721227095276,1,0.8612782273987152,11.74,-628.8674657763671
TSLA,2017-02-27,MANAGEMENT_GOVERNANCE,OFFICER_CHANGE,5,2,after,1,-0.8929904504861328,0.8929904504861328,0,1.1545687935186875,11.47,-257.99018979768476
TSLA,2017-03-16,OTHER,,0,2,after,1,0.9456584593511629,0.9456584593511629,0,1.207247817830691,11.63,265.7429745120847
TSLA,2017-03-20,MA_CORPORATE_ACTION,MATERIAL_AGREEMENT,5,3,after,1,-1.0090689919327644,1.0090689919327644,0,1.1758634225633886,11.28,-282.0271118771572
TSLA,2017-03-23,MA_CORPORATE_ACTION,MATERIAL_AGREEMENT,5,5,after,1,1.2816361108278682,1.2816361108278682,0,1.251137062061541,12.81,350.2417872561012
TSLA,2017-03-31,MA_CORPORATE_ACTION,MATERIAL_AGREEMENT,5,5,after,1,2.780509467763261,2.780509467763261,1,0.985148749847793,11.54,766.8133332127279
TSLA,2017-04-03,EARNINGS_GUIDANCE,RESULTS,6,3,intraday,1,3.252226351653187,3.252226351653187,1,0.986188348966098,12.37,896.7779192698875
TSLA,2017-05-04,EARNINGS_GUIDANCE,RESULTS,6,2,after,1,-0.45879383673036805,0.45879383673036805,0,0.9398236830376138,10.68,-129.2014990328829
TSLA,2017-06-01,OTHER,,0,1,intraday,1,-0.49491295628946497,0.49491295628946497,0,1.2256523058617455,10.41,-143.4173115639418
TSLA,2017-06-08,OTHER,,0,1,pre,1,-0.3136955848273013,0.3136955848273013,0,0.9396442910331165,10.39,-84.42174009441868
TSLA,2017-06-26,MA_CORPORATE_ACTION,MATERIAL_AGREEMENT,5,2,after,1,-1.8558889750816403,1.8558889750816403,0,0.8912228784391173,10.02,-513.8643230420105
TSLA,2017-06-30,MA_CORPORATE_ACTION,MATERIAL_AGREEMENT,5,2,after,1,-1.0129173681459887,1.0129173681459887,0,1.0998340193204046,11.44,-281.373973349115
TSLA,2017-07-10,EARNINGS_GUIDANCE,RESULTS,6,3,after,1,1.48871899003091,1.48871899003091,0,1.2182456160372337,11.19,414.48801799981663
TSLA,2017-07-18,MANAGEMENT_GOVERNANCE,OFFICER_CHANGE,5,2,after,1,0.36522970918721853,0.36522970918721853,0,1.2080705853463436,9.82,101.43885356424057
TSLA,2017-08-03,EARNINGS_GUIDANCE,RESULTS,6,2,after,1,3.0981605998277395,3.0981605998277395,1,1.1976464761617636,10.28,880.0770019585517
TSLA,2017-08-14,MA_CORPORATE_ACTION,MATERIAL_AGREEMENT,5,3,after,1,-0.01705740558976179,0.01705740558976179,0,1.2022267046512773,15.51,-4.906185158519306
TSLA,2017-08-24,MA_CORPORATE_ACTION,MATERIAL_AGREEMENT,5,5,after,1,-0.5911292107408171,0.5911292107408171,0,1.2078841694009146,12.25,-169.62962664814782
TSLA,2017-10-03,EARNINGS_GUIDANCE,RESULTS,6,3,after,1,1.0357377186016636,1.0357377186016636,0,1.0340304840686496,9.45,306.68758032878975
TSLA,2017-10-23,MA_CORPORATE_ACTION,MATERIAL_AGREEMENT,5,2,after,1,-0.8135581354253675,0.8135581354253675,0,0.7918257297888465,9.97,-242.2221486004115
TSLA,2017-11-02,EARNINGS_GUIDANCE,RESULTS,6,2,after,1,-1.9689165906136394,1.9689165906136394,0,0.9641775984615912,10.2,-581.9021551022735
TSLA,2018-01-04,EARNINGS_GUIDANCE,RESULTS,6,3,after,1,-0.5811575709083101,0.5811575709083101,0,0.8617114604594102,9.15,-178.2905214625838
TSLA,2018-01-23,OTHER,,0,2,intraday,1,-0.6241552099647344,0.6241552099647344,0,0.8502558194368551,11.03,-193.55733827008046
TSLA,2018-02-08,EARNINGS_GUIDANCE,RESULTS,6,2,after,1,-2.4092138581341294,2.4092138581341294,1,0.8109129012954751,27.73,-743.9487750124507
TSLA,2018-02-09,MANAGEMENT_GOVERNANCE,OFFICER_CHANGE,5,1,after,1,-1.304094447505043,1.304094447505043,0,1.2768485053590477,33.459999,-393.42350122374603
TSLA,2018-02-12,OTHER,,0,1,after,1,0.5836975524649465,0.5836975524649465,0,1.2817650575531538,29.059999,176.151169846167
TSLA,2018-03-09,MANAGEMENT_GOVERNANCE,OFFICER_CHANGE,5,1,after,1,0.8244746540754188,0.8244746540754188,0,0.9364808286555467,16.540001,247.9310152065626
TSLA,2018-03-22,MANAGEMENT_GOVERNANCE,OFFICER_CHANGE,5,3,after,1,0.04361838859277012,0.04361838859277012,0,1.1331397001394663,17.860001,12.810791874955338
TSLA,2018-04-03,EARNINGS_GUIDANCE,RESULTS,6,3,intraday,1,3.369256677723977,3.369256677723977,1,1.6040861870934273,23.620001,992.4754048729793
TSLA,2018-05-03,EARNINGS_GUIDANCE,RESULTS,6,2,after,1,-1.2221604954182341,1.2221604954182341,0,1.3018891231582432,15.97,-357.3232452678294
TSLA,2018-06-07,OTHER,,0,1,after,1,-0.19488246209799134,0.19488246209799134,0,1.3104084744027205,11.64,-62.916206921155265
TSLA,2018-07-02,EARNINGS_GUIDANCE,RESULTS,6,3,intraday,1,-2.8885658492877258,2.8885658492877258,1,1.4441972251023614,16.09,-933.5972145815657
TSLA,2018-07-31,MANAGEMENT_GOVERNANCE,OFFICER_CHANGE,5,2,after,1,1.0193901466104343,1.0193901466104343,0,1.1709106475729125,14.26,334.73511143336844
TSLA,2018-08-02,EARNINGS_GUIDANCE,RESULTS,6,2,after,1,4.042173136716196,4.042173136716196,1,0.9528212022983822,13.15,1342.9984097721538
TSLA,2018-08-14,OTHER,,0,2,intraday,1,-1.3996330937930386,1.3996330937930386,0,1.960040834575352,14.78,-470.2172565748047
TSLA,2018-08-22,MA_CORPORATE_ACTION,MATERIAL_AGREEMENT,5,2,after,1,0.0068701727070270896,0.0068701727070270896,0,2.1080033536235447,12.86,2.359353980850181
TSLA,2018-09-07,MANAGEMENT_GOVERNANCE,OFFICER_CHANGE,5,1,intraday,1,0.5911712707093981,0.5911712707093981,0,1.0818356556665663,14.65,202.97761631910868
TSLA,2018-10-01,EARNINGS_GUIDANCE,RESULTS,6,3,intraday,1,3.2012968909529653,3.2012968909529653,1,1.6804970198901958,12.12,1275.851941296954
TSLA,2018-10-02,EARNINGS_GUIDANCE,RESULTS,6,3,intraday,1,-1.2350468575958182,1.2350468575958182,0,2.0939984171213726,12.0,-492.00456388896475
TSLA,2018-10-17,OTHER,,0,1,intraday,1,-0.5735685430382008,0.5735685430382008,0,2.091421946206516,17.620001,-229.03729789643705
TSLA,2018-10-25,EARNINGS_GUIDANCE,RESULTS,6,2,after,1,3.4175634179050918,3.4175634179050918,1,2.231244039686047,25.23,1391.3342779037555
TSLA,2018-11-08,OTHER,,0,2,intraday,1,0.6122807506217787,0.6122807506217787,0,1.3035250129049258,16.360001,251.11975390630695
TSLA,2018-12-28,MANAGEMENT_GOVERNANCE,OFFICER_CHANGE,5,3,intraday,1,0.830720826179458,0.830720826179458,0,0.8910302415797419,29.959999,408.55926059307046
TSLA,2019-01-07,MA_CORPORATE_ACTION,MATERIAL_AGREEMENT,5,3,after,1,0.6243363249154976,0.6243363249154976,0,1.0596690902840888,21.379999,307.84038710707813
TSLA,2019-01-31,EARNINGS_GUIDANCE,RESULTS,6,2,after,1,-0.05938998247558169,0.05938998247558169,0,1.2170383292276776,17.66,-29.33906362327321
TSLA,2019-02-01,MANAGEMENT_GOVERNANCE,OFFICER_CHANGE,5,2,intraday,1,0.15401717625915634,0.15401717625915634,0,1.195465339153821,16.57,76.20026548547021
TSLA,2019-03-01,OTHER,,0,1,after,1,-2.394170567871358,2.394170567871358,1,0.6060382456008095,14.78,-1198.5925802973143
TSLA,2019-03-08,MA_CORPORATE_ACTION,MATERIAL_AGREEMENT,5,2,after,1,0.6435284071812291,0.6435284071812291,0,0.7590040614086307,16.59,339.8479605592231
TSLA,2019-03-11,OTHER,,0,2,intraday,1,-0.5120265814160979,0.5120265814160979,0,0.7845418145134399,16.049999,-270.4230503821744
TSLA,2019-03-14,MANAGEMENT_GOVERNANCE,OFFICER_CHANGE,5,1,intraday,1,-1.0749896707452478,1.0749896707452478,0,0.8256530711284741,13.41,-557.1322450976648
TSLA,2019-04-04,EARNINGS_GUIDANCE,RESULTS,6,3,pre,1,-1.3679829975739783,1.3679829975739783,0,0.6450254616820205,13.74,-693.2425328331149
TSLA,2019-04-25,EARNINGS_GUIDANCE,RESULTS,6,2,after,1,-1.9342271014839794,1.9342271014839794,0,0.7131327259225587,13.14,-996.9298482553096
TSLA,2019-05-03,MA_CORPORATE_ACTION,MATERIAL_AGREEMENT,5,4,intraday,1,0.7479202743272992,0.7479202743272992,0,0.6558846597737252,14.42,387.6132076684987
TSLA,2019-05-08,MA_CORPORATE_ACTION,MATERIAL_AGREEMENT,5,5,pre,1,-0.29935439388527696,0.29935439388527696,0,0.7242137558097002,19.32,-154.8116947385206
TSLA,2019-05-14,OTHER,,0,2,after,1,0.06979859809277568,0.06979859809277568,0,0.7680558393273235,20.549999,36.09436870958988
TSLA,2019-06-13,MANAGEMENT_GOVERNANCE,OFFICER_CHANGE,5,3,after,1,0.5204051833501359,0.5204051833501359,0,1.0230207745753195,15.91,267.70738855580885
TSLA,2019-07-25,EARNINGS_GUIDANCE,RESULTS,6,2,after,1,-2.9864380450440287,2.9864380450440287,1,0.4863625838795719,12.07,-1472.9699627026969
TSLA,2019-08-19,MA_CORPORATE_ACTION,MATERIAL_AGREEMENT,5,4,after,1,0.4788671005910449,0.4788671005910449,0,1.1651585530175248,18.469999,232.3908683284395
TSLA,2019-10-03,EARNINGS_GUIDANCE,RESULTS,6,5,after,1,-1.7070289243116747,1.7070289243116747,0,0.9169362722566554,20.559999,-732.5312062791658
TSLA,2019-10-24,EARNINGS_GUIDANCE,RESULTS,6,2,after,1,6.203193902616941,6.203193902616941,1,0.7226008925370236,14.01,2493.1904547894883
TSLA,2019-12-27,MA_CORPORATE_ACTION,MATERIAL_AGREEMENT,5,3,after,1,-0.6780738054419444,0.6780738054419444,0,0.593917253946537,12.65,-292.8848762121752
TSLA,2020-01-03,EARNINGS_GUIDANCE,RESULTS,6,3,intraday,1,1.2616423326362323,1.2616423326362323,0,0.7016041969747733,12.47,544.897876658115
TSLA,2020-01-30,EARNINGS_GUIDANCE,RESULTS,6,2,after,1,3.235295504628272,3.235295504628272,1,1.0518314171183551,16.389999,1331.8791334392654
TSLA,2020-02-20,MA_CORPORATE_ACTION,MATERIAL_AGREEMENT,5,4,after,1,-0.03084076751741551,0.03084076751741551,0,2.5384460699834617,14.38,-12.473509786815363
TSLA,2020-03-20,OTHER,,0,2,after,1,2.1568423137105373,2.1568423137105373,1,2.5007904603542657,72.0,1080.2566184765815
TSLA,2020-04-03,EARNINGS_GUIDANCE,RESULTS,6,3,after,1,0.922006199827339,0.922006199827339,0,2.6054969638431147,50.91,467.7981494737746
TSLA,2020-04-24,MANAGEMENT_GOVERNANCE,OFFICER_CHANGE,5,2,after,1,1.462100896169078,1.462100896169078,0,1.4031202418306072,41.380001,750.3788098797932
TSLA,2020-04-30,EARNINGS_GUIDANCE,RESULTS,6,2,after,1,-1.6107053416648456,1.6107053416648456,0,1.2459225055437484,31.23,-893.252234322742
TSLA,2020-05-07,OTHER,,0,2,after,1,-0.027116284437018873,0.027116284437018873,0,1.3342882539751482,34.119999,-15.589813393281569
TSLA,2020-05-11,MA_CORPORATE_ACTION,MATERIAL_AGREEMENT,5,2,after,1,0.06015532374441338,0.06015532374441338,0,1.2912966412870712,27.98,34.999504322428336
TSLA,2020-06-17,MA_CORPORATE_ACTION,MATERIAL_AGREEMENT,5,1,after,1,0.2812841368890853,0.2812841368890853,0,0.8838497884260749,33.669998,173.5721285539219
TSLA,2020-07-01,MA_CORPORATE_ACTION,MATERIAL_AGREEMENT,5,1,after,1,1.451753835058709,1.451753835058709,0,0.8869120940243796,30.43,891.3143059679788
TSLA,2020-07-23,EARNINGS_GUIDANCE,RESULTS,6,2,after,1,-1.7073889175808838,1.7073889175808838,0,0.97518722089732,24.32,-1045.0007657339024
TSLA,2020-08-12,OTHER,,0,2,after,1,2.2519142872238107,2.2519142872238107,1,0.9213884122423152,24.030001,1388.8203971088128
TSLA,2020-09-01,MA_CORPORATE_ACTION,MATERIAL_AGREEMENT,5,4,intraday,1,-2.3815471106164523,2.3815471106164523,1,1.0362398787824698,26.41,-1500.479103507605
TSLA,2020-09-25,OTHER,,0,1,after,1,0.4599538318730861,0.4599538318730861,0,1.4547713105572493,28.51,296.08266411898404
TSLA,2020-10-02,EARNINGS_GUIDANCE,RESULTS,6,3,intraday,1,-1.1619680546087807,1.1619680546087807,0,1.1460043505953372,26.700001,-757.9209832961786
TSLA,2020-10-22,EARNINGS_GUIDANCE,RESULTS,6,2,after,1,-0.44783008938972363,0.44783008938972363,0,0.6387097126377713,28.65,-295.24181333951356
TSLA,2020-12-08,MA_CORPORATE_ACTION,MATERIAL_AGREEMENT,5,3,intraday,1,-0.9596089395937598,0.9596089395937598,0,0.8123577998417757,21.299999,-650.1418126405956
TSLA,2020-12-11,OTHER,,0,1,after,1,0.21611208738938598,0.21611208738938598,0,0.8967541422585006,22.52,145.7159078553357
TSLA,2021-01-28,EARNINGS_GUIDANCE,RESULTS,6,2,after,1,-1.2975191271075337,1.2975191271075337,0,0.8452358670783869,37.209999,-814.5479821425876
TSLA,2021-03-15,MANAGEMENT_GOVERNANCE,OFFICER_CHANGE,5,2,pre,2,-0.7936978891176796,0.7936978891176796,0,1.5503931492250103,20.690001,-447.54343027941525
TSLA,2021-04-27,EARNINGS_GUIDANCE,RESULTS,6,2,after,1,-1.247762462286638,1.247762462286638,0,0.7957361572409666,17.639999,-700.0663204346374
TSLA,2021-06-08,MANAGEMENT_GOVERNANCE,OFFICER_CHANGE,5,1,after,1,-0.26249161862627146,0.26249161862627146,0,0.763095599102209,16.42,-145.2857545940826
TSLA,2021-07-27,EARNINGS_GUIDANCE,RESULTS,6,2,after,1,-0.18384728908991135,0.18384728908991135,0,0.445285382896442,17.58,-98.93806423412856
TSLA,2021-08-31,MA_CORPORATE_ACTION,MATERIAL_AGREEMENT,5,1,after,1,0.1403229388354389,0.1403229388354389,0,0.6146074267336559,16.190001,67.05862685444967
TSLA,2021-10-04,EARNINGS_GUIDANCE,RESULTS,6,3,intraday,1,0.2593992830714799,0.2593992830714799,0,0.4846715668472925,21.1,119.6585687009357
TSLA,2021-10-14,OTHER,,0,1,after,1,-0.13814459148065206,0.13814459148065206,0,0.44290779717602535,18.639999,-63.4293610491898
TSLA,2021-10-21,EARNINGS_GUIDANCE,RESULTS,6,2,after,1,1.0221726287485509,1.0221726287485509,0,0.40367827011643775,15.49,466.80276941671025
TSLA,2021-12-02,OTHER,,0,1,after,1,-2.1444947854455343,2.1444947854455343,1,1.4792695690486515,31.120001,-868.9161455628755
TSLA,2022-01-03,EARNINGS_GUIDANCE,RESULTS,6,3,intraday,1,1.755852598374203,1.755852598374203,0,1.1915072156993167,17.219999,755.133396755436
TSLA,2022-01-27,EARNINGS_GUIDANCE,RESULTS,6,2,after,1,-3.1199341417365836,3.1199341417365836,1,1.4268456794648603,31.959999,-1357.304850470289
TSLA,2022-03-28,OTHER,,0,1,intraday,1,1.1856166022064842,1.1856166022064842,0,1.2290371041836161,20.809999,505.0725082599779
TSLA,2022-04-04,EARNINGS_GUIDANCE,RESULTS,6,3,intraday,1,0.31317974573650803,0.31317974573650803,0,1.197913221021175,19.629999,130.89071686113635
TSLA,2022-04-21,EARNINGS_GUIDANCE,RESULTS,6,2,after,1,2.3548827484773573,2.3548827484773573,1,1.196753113573579,20.32,994.4440668020216
TSLA,2022-05-03,OTHER,,0,1,intraday,1,-0.2614814240350923,0.2614814240350923,0,1.3643701887887754,32.34,-109.28747334235769
TSLA,2022-07-21,EARNINGS_GUIDANCE,RESULTS,6,2,after,1,2.0432573286033895,2.0432573286033895,1,0.8788070874821835,23.879999,930.7174468902938
TSLA,2022-08-08,OTHER,,0,3,after,1,-0.19254415085764642,0.19254415085764642,0,1.149846811552345,21.15,-87.49627357975174
TSLA,2022-09-29,MANAGEMENT_GOVERNANCE,OFFICER_CHANGE,5,2,after,1,-0.16034444564569786,0.16034444564569786,0,0.792985802715814,30.18,-75.17639527565338
TSLA,2022-10-03,EARNINGS_GUIDANCE,RESULTS,6,3,intraday,1,-3.7818253510971784,3.7818253510971784,1,0.9240799023466614,31.620001,-1770.3027415334511
TSLA,2022-10-20,EARNINGS_GUIDANCE,RESULTS,6,2,after,1,-1.4142961579069901,1.4142961579069901,0,1.2626356828997012,30.76,-633.7912921099578
TSLA,2023-01-26,EARNINGS_GUIDANCE,RESULTS,6,5,after,1,4.518747567099686,4.518747567099686,1,1.103060653251929,19.08,1915.442812536025
TSLA,2023-04-03,EARNINGS_GUIDANCE,RESULTS,6,2,intraday,1,-1.4525296602721698,1.4525296602721698,0,0.953847959352527,18.700001,-684.6455596308624
TSLA,2023-04-20,EARNINGS_GUIDANCE,RESULTS,6,2,after,1,-1.6939636554616264,1.6939636554616264,0,0.8231652775909266,16.459999,-781.1549794701942
TSLA,2023-05-23,OTHER,,0,1,after,1,-0.03460242244400477,0.03460242244400477,0,0.7982824112125055,17.209999,-15.42984663789158
TSLA,2023-07-20,EARNINGS_GUIDANCE,RESULTS,6,2,after,1,-2.2749869716227273,2.2749869716227273,1,0.889300060836072,13.76,-1007.6784864066843
TSLA,2023-07-21,OTHER,,0,2,after,1,0.4131732610533477,0.4131732610533477,0,1.1784944852450205,13.99,183.61003264300243
TSLA,2023-08-07,MANAGEMENT_GOVERNANCE,OFFICER_CHANGE,5,1,intraday,1,-0.4895977444626039,0.4895977444626039,0,0.9725617841609243,17.1,-218.37083170102667
TSLA,2023-10-02,EARNINGS_GUIDANCE,RESULTS,6,2,intraday,1,0.3097700884423848,0.3097700884423848,0,0.9632188643787618,17.52,135.33372225784393
TSLA,2023-10-11,OTHER,,0,1,after,1,-0.30586577478514376,0.30586577478514376,0,0.7137892318584939,17.030001,-133.9186632315903
TSLA,2023-10-19,EARNINGS_GUIDANCE,RESULTS,6,2,after,1,-2.098666024954917,2.098666024954917,1,0.7600955341325503,19.219999,-926.4814245531511
TSLA,2024-01-03,EARNINGS_GUIDANCE,RESULTS,6,2,after,1,-0.4535919903526063,0.4535919903526063,0,0.7980820381129811,13.2,-177.16729012348276
TSLA,2024-01-25,EARNINGS_GUIDANCE,RESULTS,6,2,after,1,-3.5993149504269106,3.5993149504269106,1,0.5782160791408668,13.14,-1320.2320417502247
TSLA,2024-04-03,EARNINGS_GUIDANCE,RESULTS,6,2,after,1,1.5490466054642278,1.5490466054642278,0,1.070489370075455,14.61,568.8116109797948
TSLA,2024-04-16,MANAGEMENT_GOVERNANCE,OFFICER_CHANGE,5,2,intraday,1,-0.4594502135805294,0.4594502135805294,0,1.0968092709095585,19.23,-167.98474376855555
TSLA,2024-04-24,EARNINGS_GUIDANCE,RESULTS,6,2,after,1,4.852334204712691,4.852334204712691,1,1.091721786343865,15.69,1777.2016206084274
TSLA,2024-06-14,OTHER,,0,1,intraday,1,0.41392307119519384,0.41392307119519384,0,0.8617806338169282,11.94,173.02943316490894
TSLA,2024-07-02,EARNINGS_GUIDANCE,RESULTS,6,2,intraday,1,3.558506418674492,3.558506418674492,1,0.851018769037733,12.22,1479.2315689928785
TSLA,2024-07-24,EARNINGS_GUIDANCE,RESULTS,6,2,after,1,-1.292883056655352,1.292883056655352,0,1.433604178895227,14.72,-536.136480226525
TSLA,2024-10-02,EARNINGS_GUIDANCE,RESULTS,6,2,intraday,1,-1.3513423134818694,1.3513423134818694,0,1.0619913079674896,19.26,-596.9686256655885
TSLA,2024-10-24,EARNINGS_GUIDANCE,RESULTS,6,2,after,1,5.236777729705443,5.236777729705443,1,0.8456208050961492,19.24,2325.741768969693
TSLA,2025-01-02,EARNINGS_GUIDANCE,RESULTS,6,2,intraday,1,-0.13359302067438106,0.13359302067438106,0,1.186432831117448,17.35,-67.99846542881696
TSLA,2025-01-30,EARNINGS_GUIDANCE,RESULTS,6,2,after,1,0.6995237896088405,0.6995237896088405,0,1.056117720263007,16.559999,350.7464898169176
TSLA,2025-04-02,EARNINGS_GUIDANCE,RESULTS,6,2,intraday,1,2.3505332110979196,2.3505332110979196,1,1.6810053687411035,21.77,1180.835156345971
TSLA,2025-04-23,EARNINGS_GUIDANCE,RESULTS,6,2,after,1,-0.49264681154926565,0.49264681154926565,0,1.9163656841000194,30.57,-234.06715632253042
TSLA,2025-05-16,MANAGEMENT_GOVERNANCE,OFFICER_CHANGE,5,2,intraday,1,-0.5548824943239474,0.5548824943239474,0,1.0637845706830151,17.83,-269.2737527068919
TSLA,2025-05-19,OTHER,,0,2,after,1,-0.2868925683660475,0.2868925683660475,0,1.0391926518177832,17.24,-141.58972270135152
TSLA,2025-07-02,EARNINGS_GUIDANCE,RESULTS,6,2,intraday,1,0.3485725361596358,0.3485725361596358,0,1.4534636003756807,16.83,169.4638888219634
TSLA,2025-07-10,OTHER,,0,1,pre,1,1.1939608342429908,1.1939608342429908,0,0.9508342187297658,15.94,581.7781897272018
TSLA,2025-07-24,EARNINGS_GUIDANCE,RESULTS,6,2,after,1,-1.2430271672265722,1.2430271672265722,0,0.6895212301021751,15.37,-622.1360860359956
TSLA,2025-08-04,MANAGEMENT_GOVERNANCE,OFFICER_CHANGE,5,3,intraday,1,-0.10201301740239536,0.10201301740239536,0,0.8263653976216181,20.379999,-51.36671584642583
TSLA,2025-09-08,MA_CORPORATE_ACTION,MATERIAL_AGREEMENT,5,2,after,1,-0.4316620174395839,0.4316620174395839,0,0.6138647211575824,15.18,-223.1642416797062
TSLA,2025-10-02,EARNINGS_GUIDANCE,RESULTS,6,2,intraday,1,-1.4170641192165698,1.4170641192165698,0,0.7710788298256751,16.290001,-711.614946416429
TSLA,2025-10-23,EARNINGS_GUIDANCE,RESULTS,6,2,after,1,-0.9514866853987537,0.9514866853987537,0,0.9558285065733145,18.6,-444.7750925315319
TSLA,2025-11-10,MANAGEMENT_GOVERNANCE,OFFICER_CHANGE,5,3,after,1,-0.35690765051475276,0.35690765051475276,0,0.9827614053932073,19.08,-160.54345367670322
TSLA,2026-01-02,EARNINGS_GUIDANCE,RESULTS,6,2,intraday,1,-0.27965983715428794,0.27965983715428794,0,0.8007599319302052,14.95,-119.80648441439597
TSLA,2026-01-29,EARNINGS_GUIDANCE,RESULTS,6,2,after,1,0.18926833345363409,0.18926833345363409,0,0.6988293420278179,16.35,81.0427533465715
TSLA,2026-04-23,EARNINGS_GUIDANCE,RESULTS,6,2,after,1,-1.0297296841534047,1.0297296841534047,0,1.1852009277443505,18.92,-377.0017308359748
TSLA,2026-07-23,EARNINGS_GUIDANCE,RESULTS,6,2,after,1,-4.993487384339279,4.993487384339279,1,1.5226991831988677,16.639999,-1539.0653883546156
TSLA,2026-09-30,MA_CORPORATE_ACTION,MATERIAL_AGREEMENT,5,4,after,1,0.3166642478625296,0.3166642478625296,0,1.084724839658742,16.040001,99.80073275105508
TSLA,2026-10-02,EARNINGS_GUIDANCE,RESULTS,6,2,intraday,1,1.317562632164484,1.317562632164484,0,0.901158853205065,16.389999,417.30145259495754
UNH,2008-01-23,EARNINGS_GUIDANCE,RESULTS,6,2,after,1,-2.7266041879542082,2.7266041879542082,1,0.7236110854834468,31.01,-450.12780187772694
UNH,2008-02-08,OTHER,,0,2,pre,1,-1.0317953687881085,1.0317953687881085,0,1.2088857832206135,27.66,-166.07718865452944
UNH,2008-02-11,OTHER,,0,1,pre,1,-0.41600002721245305,0.41600002721245305,0,1.2392048840401544,28.01,-66.80023780486408
UNH,2008-02-22,OTHER,,0,1,after,1,-0.4077946805471432,0.4077946805471432,0,1.4152494478186162,25.120001,-63.784352093818775
UNH,2008-03-13,OTHER,,0,2,pre,1,1.2346272703676944,1.2346272703676944,0,3.5345108154639022,27.219999,199.59061815914086
UNH,2008-03-14,OTHER,,0,1,intraday,1,-7.088743975213268,7.088743975213268,1,3.8097380636553453,27.290001,-1116.9452874363656
UNH,2008-04-22,EARNINGS_GUIDANCE,RESULTS,6,3,intraday,1,-5.249828912918852,5.249828912918852,1,2.0698363427702136,20.5,-817.6846799292922
UNH,2008-04-29,MANAGEMENT_GOVERNANCE,OFFICER_CHANGE,5,1,pre,1,-0.9336610083739563,0.9336610083739563,0,1.778730737561022,19.639999,-241.1124747821619
UNH,2008-05-05,OTHER,,0,1,intraday,1,-0.7019221169541646,0.7019221169541646,0,1.6583610885222477,18.18,-182.80185618155608
UNH,2008-05-20,OTHER,,0,1,pre,1,1.2647131007390757,1.2647131007390757,0,1.4359632066699202,17.01,335.77332412295914
UNH,2008-05-28,OTHER,,0,1,intraday,1,-0.5896337640368391,0.5896337640368391,0,0.8521525194807723,19.639999,-159.8142870396304
UNH,2008-06-09,MANAGEMENT_GOVERNANCE,OFFICER_CHANGE,5,3,pre,1,-0.30278714229347115,0.30278714229347115,0,0.8043141218482663,23.559999,-89.63074167131273
UNH,2008-07-02,EARNINGS_GUIDANCE,RESULTS,6,3,intraday,1,-3.412446172206812,3.412446172206812,1,0.9804986699080891,23.65,-1013.8665268424094
UNH,2008-07-22,EARNINGS_GUIDANCE,RESULTS,6,2,intraday,1,5.04250667379186,5.04250667379186,1,1.2594513631134094,23.049999,1506.7253777763617
UNH,2008-09-08,OTHER,,0,1,intraday,1,1.0463877842517966,1.0463877842517966,0,0.9656110065175381,23.059999,359.1254634163809
UNH,2008-10-16,EARNINGS_GUIDANCE,RESULTS,6,2,intraday,1,2.9146882554428566,2.9146882554428566,1,3.89784723335268,69.25,1054.0185959298028
UNH,2008-12-03,OTHER,,0,2,after,1,-0.4079980550850954,0.4079980550850954,0,1.767506744221639,62.98,-188.8339526795503
UNH,2009-01-07,OTHER,,0,1,after,1,0.8780516343674265,0.8780516343674265,0,0.9944593209833428,38.560001,427.6832208172623
UNH,2009-01-12,OTHER,,0,1,after,1,-0.24164433772320712,0.24164433772320712,0,0.8123789923480411,42.82,-117.84436070751094
UNH,2009-01-23,EARNINGS_GUIDANCE,RESULTS,6,2,after,1,0.48569464896059816,0.48569464896059816,0,0.9866250474300149,47.290001,246.20068940721592
UNH,2009-02-09,MANAGEMENT_GOVERNANCE,OFFICER_CHANGE,5,2,pre,1,0.33523329572578653,0.33523329572578653,0,0.9019268339377984,43.369999,172.57321692744293
UNH,2009-02-11,OTHER,,0,2,intraday,1,0.8963638567343656,0.8963638567343656,0,0.9460043857471252,46.669998,462.60347983401334
UNH,2009-02-18,OTHER,,0,2,intraday,1,0.4700362176509359,0.4700362176509359,0,0.8671142018225158,48.66,244.51930427334116
UNH,2009-03-10,OTHER,,0,1,after,1,-0.09133817876502691,0.09133817876502691,0,1.8542474782116007,49.68,-43.865237824812844
UNH,2009-04-21,EARNINGS_GUIDANCE,RESULTS,6,2,intraday,1,-1.5126330400906967,1.5126330400906967,0,0.868095572903628,39.18,-773.97102704374
UNH,2009-05-18,OTHER,,0,1,pre,1,-0.6763095056116696,0.6763095056116696,0,0.9398401265716299,33.119999,-344.7803142143675
UNH,2009-05-28,OTHER,,0,1,intraday,1,-1.3715017414058688,1.3715017414058688,0,0.892401588771278,32.360001,-723.6509921871271
UNH,2009-06-04,OTHER,,0,2,pre,1,-0.513416644128467,0.513416644128467,0,0.7756478533216531,31.02,-275.6396753699811
UNH,2009-06-09,OTHER,,0,1,intraday,1,-0.34168851923025845,0.34168851923025845,0,0.4991058989165523,29.77,-181.18887642731647
UNH,2009-07-21,EARNINGS_GUIDANCE,RESULTS,6,2,intraday,1,0.7292853746661082,0.7292853746661082,0,0.4960805435308285,24.4,389.7493405817738
UNH,2009-09-14,OTHER,,0,1,pre,1,-1.1241376828225167,1.1241376828225167,0,0.5162533024070293,24.15,-606.3853623265586
UNH,2009-10-20,EARNINGS_GUIDANCE,RESULTS,6,2,intraday,1,0.41809221184682516,0.41809221184682516,0,0.6836808907724572,21.49,194.54903857864053
UNH,2009-10-26,MANAGEMENT_GOVERNANCE,OFFICER_CHANGE,5,3,pre,1,0.818527017993879,0.818527017993879,0,0.7077658330466587,22.27,377.2806972775071
UNH,2009-12-01,OTHER,,0,1,after,1,-0.5013385125702285,0.5013385125702285,0,0.4865229336400783,24.51,-218.19921615073744
UNH,2010-01-07,OTHER,,0,2,after,1,0.535505434686754,0.535505434686754,0,0.6694332185767107,19.16,225.50013848831978
UNH,2010-01-22,EARNINGS_GUIDANCE,RESULTS,6,2,after,1,0.37080356714041596,0.37080356714041596,0,0.7063338962507033,22.27,154.11833898676585
UNH,2010-01-26,OTHER,,0,2,after,1,0.2155583699757086,0.2155583699757086,0,0.6632031086557523,25.41,89.42043953642825
UNH,2010-02-05,OTHER,,0,2,after,1,0.14006063982236094,0.14006063982236094,0,0.6647549575616116,26.08,57.808690215919064
UNH,2010-02-09,OTHER,,0,2,after,1,0.03163684112832213,0.03163684112832213,0,0.6895335807270305,26.51,12.491130559346297
UNH,2010-04-20,EARNINGS_GUIDANCE,RESULTS,6,2,intraday,1,-1.203641333848649,1.203641333848649,0,0.5657774814597264,17.34,-377.8311850715721
UNH,2010-05-03,OTHER,,0,1,intraday,1,-0.6848326201200795,0.6848326201200795,0,0.8909726083294606,22.049999,-197.26430684740916
UNH,2010-05-10,OTHER,,0,1,intraday,1,-0.014209839908650084,0.014209839908650084,0,0.9357756281796064,40.950001,-4.104219684384312
UNH,2010-06-02,OTHER,,0,1,intraday,1,1.173226280855916,1.173226280855916,0,0.7668951941558825,35.540001,323.3420916646329
UNH,2010-06-14,OTHER,,0,1,intraday,1,0.053044825283614885,0.053044825283614885,0,0.7396641199817935,28.790001,14.612902351284314
UNH,2010-06-22,OTHER,,0,1,intraday,1,-0.6519304657244381,0.6519304657244381,0,0.599050936397882,24.879999,-178.22444023528482
UNH,2010-07-20,EARNINGS_GUIDANCE,RESULTS,6,2,intraday,1,-0.12447013920809286,0.12447013920809286,0,0.7895788285473377,25.969999,-31.97846815214218
UNH,2010-08-03,OTHER,,0,2,pre,1,1.776724203947504,1.776724203947504,0,0.738231025835362,22.01,442.9225113980552
UNH,2010-09-13,OTHER,,0,1,intraday,1,-0.2132584728013998,0.2132584728013998,0,0.9494422019863465,21.99,-48.35995300958196
UNH,2010-10-19,EARNINGS_GUIDANCE,RESULTS,6,2,intraday,1,0.686973687236454,0.686973687236454,0,0.8546919112651099,19.09,142.7018225856578
UNH,2010-10-26,OTHER,,0,2,pre,1,-2.1134718636463936,2.1134718636463936,1,1.133725537375172,19.85,-433.5031960030438
UNH,2010-11-30,OTHER,,0,2,after,1,0.8789397817949285,0.8789397817949285,0,1.0216182115155197,21.530001,170.04772708494255
UNH,2010-12-16,MANAGEMENT_GOVERNANCE,OFFICER_CHANGE,5,2,pre,1,-0.8713826839730883,0.8713826839730883,0,0.9771605560588345,17.940001,-172.35331702675444
UNH,2011-01-21,EARNINGS_GUIDANCE,RESULTS,6,2,after,1,-0.9755611907069748,0.9755611907069748,0,0.8389099339374185,17.99,-184.89271392995875
UNH,2011-01-25,MANAGEMENT_GOVERNANCE,OFFICER_CHANGE,5,2,pre,1,0.4014446994771245,0.4014446994771245,0,0.8823675802442763,17.65,76.12966409737453
UNH,2011-02-07,OTHER,,0,1,after,1,-1.082074951600777,1.082074951600777,0,1.4668382289925945,15.93,-202.01483973039507
UNH,2011-02-15,MANAGEMENT_GOVERNANCE,OFFICER_CHANGE,5,2,pre,1,-0.059061425930397454,0.059061425930397454,0,1.3726978306163298,15.95,-10.864196029110266
UNH,2011-03-02,OTHER,,0,1,after,1,2.2599781895310658,2.2599781895310658,1,0.7073121366868682,21.01,413.7651226852978
UNH,2011-05-02,OTHER,,0,1,intraday,1,0.6649160610290767,0.6649160610290767,0,1.7628636233803865,14.75,114.01908750888632
UNH,2011-05-09,OTHER,,0,1,intraday,1,-0.27049920871954186,0.27049920871954186,0,1.7161122681120293,18.4,-46.25637202411549
UNH,2011-05-24,OTHER,,0,2,pre,1,-1.7968544600412795,1.7968544600412795,0,0.7863301246196986,18.27,-300.218228077171
UNH,2011-06-06,OTHER,,0,1,intraday,1,-0.5034082249094143,0.5034082249094143,0,0.8372608734324212,17.950001,-92.12135254705315
UNH,2011-06-21,OTHER,,0,1,intraday,1,-0.0008581301921197464,0.0008581301921197464,0,1.3573878642653157,19.99,-0.15585515057506444
UNH,2011-07-06,MANAGEMENT_GOVERNANCE,OFFICER_CHANGE,5,2,intraday,1,-1.0083865939614467,1.0083865939614467,0,1.3393477551839263,16.059999,-181.85439124877962
UNH,2011-07-19,EARNINGS_GUIDANCE,RESULTS,6,2,intraday,1,-1.5086746739829555,1.5086746739829555,0,1.0032607757983478,20.950001,-271.6099424563665
UNH,2011-08-15,OTHER,,0,1,pre,1,0.009349934048105007,0.009349934048105007,0,2.619214543441714,36.360001,1.6971635930377629
UNH,2011-09-12,OTHER,,0,1,intraday,1,1.9046032419590326,1.9046032419590326,0,1.6142295725027433,38.52,350.420493136188
UNH,2011-10-18,EARNINGS_GUIDANCE,RESULTS,6,2,intraday,1,-0.7661534321691997,0.7661534321691997,0,2.0496027309823353,33.389999,-134.34167141225777
UNH,2011-11-04,OTHER,,0,1,pre,1,-1.454020379552601,1.454020379552601,0,1.4119051734829373,30.5,-252.35010137717717
UNH,2011-11-11,OTHER,,0,2,pre,1,0.27071524932567687,0.27071524932567687,0,1.3669758317114948,32.810001,47.57995660041556
UNH,2011-11-29,OTHER,,0,2,after,1,1.6264781156843535,1.6264781156843535,0,1.353977407088555,32.130001,296.6107021888654
UNH,2012-01-20,EARNINGS_GUIDANCE,RESULTS,6,2,after,1,-0.01794295461745152,0.01794295461745152,0,0.8654938214799032,19.870001,-3.3308511368835765
UNH,2012-03-09,OTHER,,0,2,pre,1,-0.8335098442932927,0.8335098442932927,0,0.6311051350339328,17.950001,-156.40232149430454
UNH,2012-03-12,OTHER,,0,1,intraday,1,-1.4517412084745034,1.4517412084745034,0,0.6280438517871119,17.110001,-272.9806616182006
UNH,2012-03-28,MANAGEMENT_GOVERNANCE,OFFICER_CHANGE,5,1,pre,1,2.7142585731856186,2.7142585731856186,1,0.8717187178523143,15.59,524.7853989724206
UNH,2012-04-19,EARNINGS_GUIDANCE,RESULTS,6,2,intraday,1,2.359147978714998,2.359147978714998,1,1.1450651064672959,18.639999,416.76180272049993
UNH,2012-05-14,OTHER,,0,1,intraday,1,0.585468823428128,0.585468823428128,0,1.0281566912028322,19.889999,108.07768380089746
UNH,2012-06-11,OTHER,,0,1,pre,1,-0.08501055384771625,0.08501055384771625,0,0.9830046436457891,21.23,-15.421834547940868
UNH,2012-07-19,EARNINGS_GUIDANCE,RESULTS,6,2,intraday,1,-0.6569045344002,0.6569045344002,0,1.3195834263277635,16.16,-117.47767802225366
UNH,2012-09-10,OTHER,,0,1,intraday,1,-1.8453477380841874,1.8453477380841874,0,0.46762696360715006,14.38,-356.4288439836074
UNH,2012-10-10,EARNINGS_GUIDANCE,RESULTS,6,4,pre,1,0.44508151312834854,0.44508151312834854,0,0.8232838856860598,16.370001,79.46965013117799
UNH,2012-10-16,EARNINGS_GUIDANCE,RESULTS,6,2,intraday,1,-2.1043884274462457,2.1043884274462457,1,0.8346070410626504,15.27,-375.459306421099
UNH,2012-10-23,OTHER,,0,2,pre,1,0.08694754235471139,0.08694754235471139,0,0.8638206011811103,16.620001,15.406212024764152
UNH,2012-11-05,MANAGEMENT_GOVERNANCE,OFFICER_CHANGE,5,1,pre,1,-0.11310903596312129,0.11310903596312129,0,0.7897154132753254,17.59,-20.04410963354292
UNH,2012-11-20,OTHER,,0,1,pre,1,0.5560974776362663,0.5560974776362663,0,1.2135843232175256,15.24,97.3506762777915
UNH,2012-11-27,OTHER,,0,2,after,1,-0.9719040338386529,0.9719040338386529,0,1.2729170658671267,15.5,-169.28652447679355
UNH,2012-12-07,OTHER,,0,1,after,1,0.679771745846519,0.679771745846519,0,0.9791915565623596,16.58,119.44669921482961
UNH,2013-03-01,OTHER,,0,2,pre,1,-0.49935760941372126,0.49935760941372126,0,1.1062490959341356,15.51,-87.67466275198242
UNH,2013-03-11,OTHER,,0,1,intraday,1,1.02147943937341,1.02147943937341,0,0.7823364291177374,12.59,178.2798739448686
UNH,2013-04-18,EARNINGS_GUIDANCE,RESULTS,6,2,intraday,1,-2.0166720985182915,2.0166720985182915,1,1.224919843470337,16.51,-332.5360161295115
UNH,2013-05-29,OTHER,,0,1,intraday,1,1.4064566980795563,1.4064566980795563,0,0.9640503744733588,14.48,239.23002353593972
UNH,2013-06-07,OTHER,,0,1,pre,1,1.1237558229491775,1.1237558229491775,0,0.9271278637124516,16.629999,194.66179864978366
UNH,2013-07-18,EARNINGS_GUIDANCE,RESULTS,6,2,intraday,1,4.566902082377492,4.566902082377492,1,1.1039637366531068,13.78,692.0524607315789
UNH,2013-09-09,OTHER,,0,1,pre,1,-0.52586136061565,0.52586136061565,0,0.7897394878948699,15.85,-84.81402619046233
UNH,2013-10-17,EARNINGS_GUIDANCE,RESULTS,6,2,intraday,1,-6.547634644310254,6.547634644310254,1,1.198498027909074,14.71,-1029.0287686168685
UNH,2013-12-03,OTHER,,0,2,after,1,0.004022651898879679,0.004022651898879679,0,0.6589226062156667,14.23,0.6976745127064812
UNH,2014-01-03,OTHER,,0,1,pre,1,-0.17110494122084022,0.17110494122084022,0,0.9816572829914828,14.23,-28.40313115691672
UNH,2014-02-28,OTHER,,0,1,pre,1,1.0083402809873232,1.0083402809873232,0,1.171727295353432,14.04,169.85511548037047
UNH,2014-03-07,OTHER,,0,1,pre,1,0.14614485178766703,0.14614485178766703,0,1.1015022327410764,14.21,24.604543192066412
UNH,2014-06-09,OTHER,,0,1,pre,1,-0.16536131483022246,0.16536131483022246,0,0.6394220039099334,10.73,-26.968831734302572
UNH,2014-07-17,EARNINGS_GUIDANCE,RESULTS,6,2,intraday,1,1.4855205668147766,1.4855205668147766,0,0.6841637254305765,11.0,221.6582388660076
UNH,2014-08-01,OTHER,,0,1,pre,1,0.7787932397925459,0.7787932397925459,0,1.0898235723000476,16.950001,116.54698019441688
UNH,2014-09-08,OTHER,,0,1,pre,1,1.1208460757013916,1.1208460757013916,0,0.5582959149249371,12.09,163.94994829509832
UNH,2014-09-12,OTHER,,0,1,pre,1,-0.42123947737769085,0.42123947737769085,0,0.6019810329053307,12.8,-61.72107925522267
UNH,2014-10-16,EARNINGS_GUIDANCE,RESULTS,6,2,intraday,1,4.569617134169321,4.569617134169321,1,1.4331242358801959,25.27,589.2057998717912
UNH,2014-11-13,MANAGEMENT_GOVERNANCE,OFFICER_CHANGE,5,2,after,1,-0.6210776355949372,0.6210776355949372,0,1.5197188230193663,13.02,-80.5333443632324
UNH,2014-12-02,OTHER,,0,2,pre,1,0.700638030793981,0.700638030793981,0,1.0674349258716662,14.16,95.77750433162888
UNH,2014-12-09,OTHER,,0,2,pre,1,0.45991252932209536,0.45991252932209536,0,0.8743591039803655,14.21,62.87062153278298
UNH,2015-01-22,EARNINGS_GUIDANCE,RESULTS,6,2,after,1,0.9906442064274644,0.9906442064274644,0,1.841118267408259,18.85,132.7279464014702
UNH,2015-02-09,OTHER,,0,1,pre,1,0.32787523466443635,0.32787523466443635,0,1.8358652680273002,17.290001,42.57409535360827
UNH,2015-02-18,MANAGEMENT_GOVERNANCE,OFFICER_CHANGE,5,1,pre,1,0.09084020625021764,0.09084020625021764,0,1.9170812550725502,15.8,11.61373867434546
UNH,2015-03-09,OTHER,,0,1,pre,1,0.5324409240636295,0.5324409240636295,0,1.3957682089606132,15.2,71.03631666864979
UNH,2015-03-30,MA_CORPORATE_ACTION,MATERIAL_AGREEMENT,5,3,intraday,1,-0.2448553051561025,0.2448553051561025,0,1.427853451977361,15.07,-32.927140569509376
UNH,2015-04-16,EARNINGS_GUIDANCE,RESULTS,6,2,intraday,1,1.7192277624183656,1.7192277624183656,0,1.2536507912659447,12.84,226.30301309148928
UNH,2015-06-08,MANAGEMENT_GOVERNANCE,OFFICER_CHANGE,5,2,pre,1,0.5973962440968729,0.5973962440968729,0,0.9494489714942634,14.21,83.68148680736343
UNH,2015-07-16,EARNINGS_GUIDANCE,RESULTS,6,2,intraday,1,-2.0848643454777753,2.0848643454777753,1,1.507160691462112,13.23,-294.7250944930007
UNH,2015-07-24,MA_CORPORATE_ACTION,ACQUISITION_COMPLETED,6,5,pre,2,0.31445543706820067,0.31445543706820067,0,1.2247838987365272,12.64,43.932978603202336
UNH,2015-08-03,OTHER,,0,1,pre,1,-0.08266723355217807,0.08266723355217807,0,1.288515484862,12.12,-11.727455067782568
UNH,2015-08-17,MANAGEMENT_GOVERNANCE,OFFICER_CHANGE,5,1,pre,1,2.040845998965801,2.040845998965801,1,1.0950337568886954,12.83,301.7452395350188
UNH,2015-09-14,OTHER,,0,1,pre,1,-0.11309175980815804,0.11309175980815804,0,2.138895262905757,23.200001,-17.15470663060161
UNH,2015-10-15,EARNINGS_GUIDANCE,RESULTS,6,2,intraday,1,-2.840206178877206,2.840206178877206,1,1.7952890915102244,18.030001,-422.37507454246725
UNH,2015-11-20,OTHER,,0,2,after,1,0.5889465549642068,0.5889465549642068,0,1.7667077883964917,16.99,91.60718201682454
UNH,2015-12-01,OTHER,,0,2,pre,1,2.819023478989742,2.819023478989742,1,1.7078974086992076,16.129999,462.32426693848083
UNH,2016-01-20,EARNINGS_GUIDANCE,RESULTS,6,2,after,1,0.8303248302392818,0.8303248302392818,0,1.1794455347587434,26.049999,150.93987245922673
UNH,2016-02-26,OTHER,,0,2,after,1,-0.41939666569782125,0.41939666569782125,0,1.2999423250261088,19.110001,-75.0635900822383
UNH,2016-03-14,OTHER,,0,1,pre,1,0.048998927947092416,0.048998927947092416,0,0.9854061037292542,16.5,8.912355804655226
UNH,2016-04-19,EARNINGS_GUIDANCE,RESULTS,6,2,intraday,1,2.4397949928244205,2.4397949928244205,1,0.683070652226796,13.35,424.51888619316765
UNH,2016-05-10,OTHER,,0,1,pre,1,-1.0413686165681557,1.0413686165681557,0,0.6877476511855082,14.57,-183.197837663308
UNH,2016-06-01,OTHER,,0,1,pre,1,0.7374960993818075,0.7374960993818075,0,0.7123663872307288,14.19,128.50854082562833
UNH,2016-06-10,MANAGEMENT_GOVERNANCE,OFFICER_CHANGE,5,2,pre,1,-0.16910057734700437,0.16910057734700437,0,0.726290863919676,14.64,-28.89724942286483
UNH,2016-07-19,EARNINGS_GUIDANCE,RESULTS,6,2,intraday,1,0.7484307045000509,0.7484307045000509,0,0.639410223092776,12.44,124.60691067792796
UNH,2016-09-07,OTHER,,0,1,pre,1,0.15941884881989524,0.15941884881989524,0,0.566155361644202,12.02,26.18972056483396
UNH,2016-10-18,EARNINGS_GUIDANCE,RESULTS,6,2,intraday,1,4.8350051641103295,4.8350051641103295,1,0.9878211717510973,16.209999,655.9558560722243
UNH,2016-11-29,OTHER,,0,1,pre,1,3.905239425402579,3.905239425402579,1,1.8165708184608287,13.15,438.3593958552908
UNH,2016-12-21,OTHER,,0,2,after,1,0.22082827801211566,0.22082827801211566,0,1.3824231918162706,11.45,27.905611767015575
UNH,2017-01-04,OTHER,,0,1,pre,1,-0.07906062362476535,0.07906062362476535,0,0.8740407498036933,12.85,-10.577259070862318
UNH,2017-01-10,OTHER,,0,2,after,1,-0.32032513013578207,0.32032513013578207,0,0.824847357961882,11.56,-41.65189338790768
UNH,2017-01-18,EARNINGS_GUIDANCE,RESULTS,6,3,after,2,-0.9447963617185565,0.9447963617185565,0,0.4230658527648942,11.87,-128.82378061579882
UNH,2017-03-13,OTHER,,0,1,pre,1,-0.3373891769210747,0.3373891769210747,0,1.202667119547663,11.66,-44.70985570943686
UNH,2017-03-14,OTHER,,0,2,pre,1,0.3088287492151279,0.3088287492151279,0,1.197439253165396,11.35,40.82777193030559
UNH,2017-04-18,EARNINGS_GUIDANCE,RESULTS,6,2,intraday,1,1.0746181782993212,1.0746181782993212,0,0.5838795777248296,14.66,145.07744407204027
UNH,2017-05-31,OTHER,,0,1,pre,1,0.7719029453563504,0.7719029453563504,0,0.9085373746340308,10.38,103.34317922695607
UNH,2017-06-12,OTHER,,0,1,pre,1,-0.5202089629993142,0.5202089629993142,0,1.0770469989253686,10.7,-69.34772797650936
UNH,2017-07-18,EARNINGS_GUIDANCE,RESULTS,6,2,intraday,1,0.646038151042761,0.646038151042761,0,0.5790063269112323,9.82,87.16956431918204
UNH,2017-08-08,MANAGEMENT_GOVERNANCE,OFFICER_CHANGE,5,1,pre,1,0.05374736672382162,0.05374736672382162,0,0.6351199405549123,9.93,7.365556134891296
UNH,2017-08-17,MANAGEMENT_GOVERNANCE,OFFICER_CHANGE,5,3,pre,1,-0.22189036090855327,0.22189036090855327,0,0.6080605584441522,11.74,-30.15580685801041
UNH,2017-08-21,OTHER,,0,1,pre,1,0.6525964669937542,0.6525964669937542,0,0.6103639311115787,14.26,88.66025665173068
UNH,2017-08-30,OTHER,,0,2,after,1,-0.019556205098405024,0.019556205098405024,0,0.6306264332482547,11.7,-2.6533014039391984
UNH,2017-09-11,OTHER,,0,1,pre,1,-1.1343005117003209,1.1343005117003209,0,0.6861915756385486,12.12,-153.00011208341016
UNH,2017-10-17,EARNINGS_GUIDANCE,RESULTS,6,2,intraday,1,4.800867059726718,4.800867059726718,1,0.9814261162952351,9.91,569.7901631466042
UNH,2017-10-26,OTHER,,0,2,pre,1,1.3447100939663694,1.3447100939663694,0,1.708402835673148,11.23,158.21488956083235
UNH,2017-11-21,OTHER,,0,2,after,1,-0.011825475418058118,0.011825475418058118,0,1.0261265108029076,10.65,-1.2001502275246334
UNH,2017-11-28,OTHER,,0,2,pre,1,4.016035010032139,4.016035010032139,1,0.8378687867653758,9.87,411.5438779478926
UNH,2018-01-17,EARNINGS_GUIDANCE,RESULTS,6,2,after,1,2.8984365351955774,2.8984365351955774,1,1.1511555133585818,11.66,350.21521814751264
UNH,2018-03-12,OTHER,,0,1,pre,1,0.9841476292700132,0.9841476292700132,0,1.45415582632171,14.64,117.25718930247209
UNH,2018-03-14,MANAGEMENT_GOVERNANCE,OFFICER_CHANGE,5,2,pre,1,1.2875131629405987,1.2875131629405987,0,1.4133665989703592,16.35,159.92778826698844
UNH,2018-04-17,EARNINGS_GUIDANCE,RESULTS,6,2,intraday,1,1.0207218498654684,1.0207218498654684,0,2.1344013439435403,16.559999,130.72605731448806
UNH,2018-05-30,OTHER,,0,1,pre,1,-0.795130578885886,0.795130578885886,0,1.1731137106508434,17.02,-110.9004001081541
UNH,2018-06-11,MANAGEMENT_GOVERNANCE,OFFICER_CHANGE,5,2,pre,1,0.5633674216939205,0.5633674216939205,0,0.9842954550523102,12.18,78.6693591970677
UNH,2018-06-20,OTHER,,0,2,pre,1,-0.01638564318525161,0.01638564318525161,0,0.7994866584635655,13.35,-2.300581957822563
UNH,2018-07-17,EARNINGS_GUIDANCE,RESULTS,6,2,intraday,1,-0.9067367221485828,0.9067367221485828,0,0.7547000973512796,12.83,-131.03025329514827
UNH,2018-08-14,OTHER,,0,1,pre,1,-0.03837435833063403,0.03837435833063403,0,0.8950198432008498,14.78,-5.5874709535358535
UNH,2018-09-12,OTHER,,0,1,pre,1,0.6572413926544107,0.6572413926544107,0,0.9408656215544868,13.22,97.11221459165347
UNH,2018-10-16,EARNINGS_GUIDANCE,RESULTS,6,2,intraday,1,0.27732938889694747,0.27732938889694747,0,1.0416365239808447,21.299999,37.349385086051306
UNH,2018-11-14,MANAGEMENT_GOVERNANCE,OFFICER_CHANGE,5,1,pre,1,-1.445751072785424,1.445751072785424,0,1.7013420970508615,20.02,-201.68367746802744
UNH,2018-11-27,OTHER,,0,2,pre,1,2.0948984220296647,2.0948984220296647,1,1.6040454822733308,18.9,278.3573910190259
UNH,2018-12-18,OTHER,,0,2,pre,1,-1.0987224744077269,1.0987224744077269,0,1.9552297305979498,24.52,-150.90225988394582
UNH,2019-01-16,EARNINGS_GUIDANCE,RESULTS,6,2,after,1,-0.01923148493645699,0.01923148493645699,0,1.7947295503004164,18.6,-2.584659951471186
UNH,2019-02-20,MANAGEMENT_GOVERNANCE,OFFICER_CHANGE,5,2,after,1,-1.0720435579105396,1.0720435579105396,0,1.2605464670427593,14.88,-144.56645127937634
UNH,2019-03-11,OTHER,,0,1,pre,1,1.1760956920365082,1.1760956920365082,0,2.1886496617719136,16.049999,155.81291781328986
UNH,2019-04-16,EARNINGS_GUIDANCE,RESULTS,6,2,intraday,1,-3.939700264578137,3.939700264578137,1,1.861251696298941,12.32,-574.0002060054647
UNH,2019-05-29,OTHER,,0,1,pre,1,0.669381490509028,0.669381490509028,0,1.0068669996815933,17.5,116.195861221868
UNH,2019-06-10,OTHER,,0,1,pre,1,-0.3619340217331327,0.3619340217331327,0,0.952039272994752,16.299999,-64.214438122268
UNH,2019-06-28,MANAGEMENT_GOVERNANCE,OFFICER_CHANGE,5,2,intraday,1,-1.4824674850183635,1.4824674850183635,0,0.9199167700326103,15.82,-272.90552415131884
UNH,2019-07-18,EARNINGS_GUIDANCE,RESULTS,6,2,intraday,1,-1.934089068561393,1.934089068561393,0,1.1941092810434595,13.97,-359.21692678887257
UNH,2019-07-26,OTHER,,0,2,pre,1,0.8967342132593569,0.8967342132593569,0,1.2286917378240336,12.74,166.7315521494479
UNH,2019-09-04,OTHER,,0,1,pre,1,-1.2986175538021743,1.2986175538021743,0,1.214783587486677,19.66,-256.34356083394425
UNH,2019-10-07,MANAGEMENT_GOVERNANCE,OFFICER_CHANGE,5,1,pre,1,1.00747548391135,1.00747548391135,0,0.9063195213868191,17.040001,201.7782661860519
UNH,2019-10-15,EARNINGS_GUIDANCE,RESULTS,6,2,intraday,1,3.2847430030801177,3.2847430030801177,1,0.7928774011394386,14.57,666.7996394997485
UNH,2019-11-11,MANAGEMENT_GOVERNANCE,OFFICER_CHANGE,5,1,pre,1,-0.20032163910029602,0.20032163910029602,0,1.3728319970456544,12.07,-41.36174216132365
UNH,2019-11-15,MANAGEMENT_GOVERNANCE,OFFICER_CHANGE,5,2,pre,1,3.0041393656808912,3.0041393656808912,1,0.7270987023271596,13.05,617.830208553482
UNH,2019-11-22,OTHER,,0,2,after,1,0.8380796157400797,0.8380796157400797,0,0.9351112903651273,13.13,172.00874605346044
UNH,2019-12-03,OTHER,,0,2,pre,1,0.04022188967924607,0.04022188967924607,0,0.9053036112084825,14.91,8.797676228548033
UNH,2019-12-10,OTHER,,0,2,after,1,0.4802677253152045,0.4802677253152045,0,0.8824700683473021,15.86,105.26435617467888
UNH,2020-01-16,EARNINGS_GUIDANCE,RESULTS,6,2,after,1,-0.009200082961491983,0.009200082961491983,0,0.8323732379782631,12.42,-2.04427192558667
UNH,2020-03-11,OTHER,,0,1,pre,1,-0.7161624107080955,0.7161624107080955,0,2.836556030735728,47.299999,-151.3009431560526
UNH,2020-04-15,EARNINGS_GUIDANCE,RESULTS,6,2,intraday,1,5.472537478388039,5.472537478388039,1,4.178934425004781,37.759998,1142.7560382607649
UNH,2020-04-20,MANAGEMENT_GOVERNANCE,OFFICER_CHANGE,5,2,pre,1,-0.2912016179686948,0.2912016179686948,0,3.442474070998072,38.150002,-63.290161331154245
UNH,2020-05-19,OTHER,,0,2,pre,1,-1.1025028490570743,1.1025028490570743,0,1.134015114105018,29.299999,-271.797749184154
UNH,2020-06-08,OTHER,,0,1,pre,1,-0.5730468186212053,0.5730468186212053,0,1.0197595073752903,24.52,-155.67010493344705
UNH,2020-07-15,EARNINGS_GUIDANCE,RESULTS,6,2,intraday,1,-0.46472604434065223,0.46472604434065223,0,0.9372570413744526,29.52,-126.84042223179259
UNH,2020-10-14,EARNINGS_GUIDANCE,RESULTS,6,2,intraday,1,-0.46738592764322673,0.46738592764322673,0,0.8121862439525207,26.07,-120.49077485227937
UNH,2020-11-23,MANAGEMENT_GOVERNANCE,OFFICER_CHANGE,5,2,after,1,-0.8430475939188846,0.8430475939188846,0,1.5070611366824203,23.700001,-218.6815356352272
UNH,2020-12-02,OTHER,,0,2,after,1,0.7563938321422162,0.7563938321422162,0,1.3826148749196996,20.77,197.39088959602907
UNH,2020-12-03,MANAGEMENT_GOVERNANCE,OFFICER_CHANGE,5,2,pre,1,0.03065599194290222,0.03065599194290222,0,0.6310496884883138,21.17,7.996028474963071
UNH,2021-01-07,OTHER,,0,2,after,1,-0.4500640224256281,0.4500640224256281,0,0.7031243411554903,25.07,-121.03814053649172
UNH,2021-01-21,EARNINGS_GUIDANCE,RESULTS,6,2,after,1,-0.23396093491380032,0.23396093491380032,0,0.7613810265023837,21.58,-62.45109186004552
UNH,2021-02-09,MANAGEMENT_GOVERNANCE,OFFICER_CHANGE,5,2,pre,1,1.1046377212531266,1.1046377212531266,0,0.6814226509566778,21.24,287.4013981858366
UNH,2021-03-01,MANAGEMENT_GOVERNANCE,OFFICER_CHANGE,5,3,pre,1,-0.45640515324914477,0.45640515324914477,0,0.6627634567887867,27.950001,-109.68217826201813
UNH,2021-03-09,OTHER,,0,1,pre,1,-1.0105636448355206,1.0105636448355206,0,0.7257068430780631,25.469999,-230.59961624546307
UNH,2021-04-15,EARNINGS_GUIDANCE,RESULTS,6,2,intraday,1,1.5198387259107402,1.5198387259107402,0,0.9093676472259755,16.99,287.50796990329917
UNH,2021-05-10,OTHER,,0,1,pre,1,0.14060544596752972,0.14060544596752972,0,0.8285723979641272,16.690001,26.414570631735774
UNH,2021-05-20,OTHER,,0,2,pre,1,-0.14801285495198524,0.14801285495198524,0,0.7552206123675123,22.18,-27.988659108883745
UNH,2021-06-14,OTHER,,0,1,pre,1,0.27099090103908663,0.27099090103908663,0,0.3756550763120994,15.65,50.91148955204846
UNH,2021-07-15,EARNINGS_GUIDANCE,RESULTS,6,2,intraday,1,1.0598566090237442,1.0598566090237442,0,0.7556796595543063,16.33,193.09202458819433
UNH,2021-10-14,EARNINGS_GUIDANCE,RESULTS,6,2,intraday,1,2.4055392129052118,2.4055392129052118,1,0.9332061869429528,18.639999,421.7172294179424
UNH,2021-11-09,MANAGEMENT_GOVERNANCE,OFFICER_CHANGE,5,1,pre,1,-0.03426540072585124,0.03426540072585124,0,1.18345621243538,17.219999,-5.15968242611897
UNH,2021-11-30,OTHER,,0,2,pre,1,0.07383015736926392,0.07383015736926392,0,1.0949107522563464,22.959999,11.421893263328071
UNH,2022-01-20,EARNINGS_GUIDANCE,RESULTS,6,2,after,1,0.8447135430948888,0.8447135430948888,0,1.3223962751931397,23.85,129.82717008714368
UNH,2022-03-29,OTHER,,0,2,intraday,1,0.5643155973325251,0.5643155973325251,0,1.374178956994664,19.629999,85.0273250839222
UNH,2022-04-06,OTHER,,0,2,pre,1,2.604930810827887,2.604930810827887,1,1.1732734517520291,21.030001,383.092276995975
UNH,2022-05-09,OTHER,,0,1,pre,1,-0.28343407056082454,0.28343407056082454,0,1.444277680888859,30.190001,-43.77269033348839
UNH,2022-05-23,OTHER,,0,2,pre,1,0.8803758137636982,0.8803758137636982,0,1.5725989706125219,29.43,142.14712544930285
UNH,2022-06-01,OTHER,,0,1,pre,1,-1.1755940923750476,1.1755940923750476,0,1.473842638605979,26.190001,-189.85681042188196
UNH,2022-06-13,OTHER,,0,1,pre,1,-1.3980573465778428,1.3980573465778428,0,1.2503232174885288,27.75,-226.0680222173943
UNH,2022-07-15,EARNINGS_GUIDANCE,RESULTS,6,2,intraday,1,1.4368808015039773,1.4368808015039773,0,1.0915618404837557,26.4,236.90081465653176
UNH,2022-09-12,OTHER,,0,1,pre,1,-0.1207300939919678,0.1207300939919678,0,0.7732265598049664,22.790001,-20.915635543682225
UNH,2022-10-04,OTHER,,0,2,after,1,0.14299061324858944,0.14299061324858944,0,1.1484105349614449,30.1,24.258016483807847
UNH,2022-10-14,EARNINGS_GUIDANCE,RESULTS,6,2,intraday,1,1.1545515702960536,1.1545515702960536,0,1.0684537879613918,31.940001,193.84050728345176
UNH,2022-10-31,OTHER,,0,2,pre,1,-0.16421348116384887,0.16421348116384887,0,1.0700034778597305,25.75,-28.05975717661946
UNH,2022-11-29,OTHER,,0,2,pre,1,0.544987154794569,0.544987154794569,0,1.504875321525544,22.209999,90.63554555325648
UNH,2022-12-13,MANAGEMENT_GOVERNANCE,OFFICER_CHANGE,5,2,after,1,-1.014289746132197,1.014289746132197,0,1.402691721589176,25.0,-167.81353718685313
UNH,2023-03-29,OTHER,,0,2,pre,1,-0.8564974765155523,0.8564974765155523,0,0.7930809537678161,19.969999,-153.0386920007387
UNH,2023-04-14,EARNINGS_GUIDANCE,RESULTS,6,2,intraday,1,-2.261725047452664,2.261725047452664,1,1.2015045092835261,17.799999,-405.70328791756924
UNH,2023-04-25,MA_CORPORATE_ACTION,MATERIAL_AGREEMENT,5,3,pre,1,-0.14083545017971022,0.14083545017971022,0,1.4982807346956568,16.889999,-25.027168779614087
UNH,2023-05-01,MA_CORPORATE_ACTION,MATERIAL_AGREEMENT,5,3,pre,1,0.483040395880314,0.483040395880314,0,1.493763955750671,15.78,85.63487496053416
UNH,2023-05-08,OTHER,,0,1,pre,1,-0.33556841523112585,0.33556841523112585,0,1.1115256756476555,17.190001,-58.67861396455112
UNH,2023-05-31,OTHER,,0,1,pre,1,1.4140138943612492,1.4140138943612492,0,0.5673541543833076,17.459999,262.5245636314471
UNH,2023-06-12,OTHER,,0,2,pre,1,-0.6387405796336469,0.6387405796336469,0,0.8264893857226023,13.83,-119.3086163975693
UNH,2023-07-14,EARNINGS_GUIDANCE,RESULTS,6,2,intraday,1,4.446964976517499,4.446964976517499,1,0.8723046477778308,13.61,776.624830189766
UNH,2023-09-25,OTHER,,0,1,pre,1,0.1662753710582197,0.1662753710582197,0,0.8256167693271972,17.200001,33.695084805179974
UNH,2023-10-13,EARNINGS_GUIDANCE,RESULTS,6,2,intraday,1,1.1392167908285729,1.1392167908285729,0,0.7305738689081498,16.690001,232.04046600716086
UNH,2023-11-06,MANAGEMENT_GOVERNANCE,OFFICER_CHANGE,5,2,pre,1,0.5961408675085004,0.5961408675085004,0,0.6433418243722568,14.91,117.61956113240629
UNH,2023-11-29,OTHER,,0,2,pre,1,1.1214534839909636,1.1214534839909636,0,0.434894647958347,12.69,218.16867291413737
UNH,2024-02-08,MANAGEMENT_GOVERNANCE,OFFICER_CHANGE,5,1,pre,1,-0.2401459828968625,0.2401459828968625,0,1.3882319783980348,12.83,-43.1444251135085
UNH,2024-02-12,OTHER,,0,1,pre,1,0.12213206473541738,0.12213206473541738,0,1.2433783783854409,12.93,21.904809639917282
UNH,2024-02-23,OPERATIONAL_ESG,CYBER_INCIDENT,8,1,pre,1,-0.10119897755451752,0.10119897755451752,0,0.6948105319430832,14.54,-18.23440041390614
UNH,2024-03-11,OPERATIONAL_ESG,CYBER_INCIDENT,8,2,pre,1,1.2872166831514675,1.2872166831514675,0,0.8016178015801181,14.74,247.69119334966263
UNH,2024-03-22,OTHER,,0,2,pre,1,-0.5638317099775182,0.5638317099775182,0,0.9494472729624279,12.92,-104.50019536181944
UNH,2024-04-16,EARNINGS_GUIDANCE,RESULTS,6,2,intraday,1,4.090243160987534,4.090243160987534,1,1.3931099398824032,19.23,743.5870286187754
UNH,2024-04-18,MANAGEMENT_GOVERNANCE,OFFICER_CHANGE,5,1,pre,1,2.634043522358856,2.634043522358856,1,1.730730508481816,18.209999,480.4172841481422
UNH,2024-04-25,OPERATIONAL_ESG,CYBER_INCIDENT,8,2,pre,1,0.8797806277546648,0.8797806277546648,0,1.8381631487106143,15.97,162.1062949083726
UNH,2024-05-10,OTHER,,0,1,pre,1,0.5064876239950836,0.5064876239950836,0,1.218211149563085,12.69,93.20309905747617
UNH,2024-05-16,MANAGEMENT_GOVERNANCE,OFFICER_CHANGE,5,1,pre,1,0.7693488967743306,0.7693488967743306,0,0.8277590620065103,12.45,149.59071297842743
UNH,2024-06-10,OTHER,,0,1,pre,1,0.5469085839117763,0.5469085839117763,0,1.082032103955769,12.22,105.767218891044
UNH,2024-07-16,EARNINGS_GUIDANCE,RESULTS,6,2,intraday,1,5.880649654470093,5.880649654470093,1,1.2873087772558263,13.12,1080.8292129572242
UNH,2024-07-26,OTHER,,0,2,pre,1,0.6238408356293255,0.6238408356293255,0,1.7214956021354617,18.459999,115.70728978115903
UNH,2024-10-15,EARNINGS_GUIDANCE,RESULTS,6,2,intraday,1,-2.804263129973355,2.804263129973355,1,0.5995081685988648,19.700001,-586.0380144495257
UNH,2024-12-04,OTHER,,0,2,pre,1,-2.0184875106344466,2.0184875106344466,1,1.2370311803913692,13.3,-454.151252427944
UNH,2024-12-05,OTHER,,0,2,after,1,-4.721860118041208,4.721860118041208,1,1.0113341879916073,13.45,-1061.0348370603438
UNH,2025-04-17,EARNINGS_GUIDANCE,RESULTS,6,2,intraday,1,-11.90632013870194,11.90632013870194,1,1.0550583930550992,32.639999,-3104.6621049708083
UNH,2025-04-30,MANAGEMENT_GOVERNANCE,OFFICER_CHANGE,5,1,pre,1,-0.8760982377837121,0.8760982377837121,0,3.272791127443138,24.17,-230.82511246103397
UNH,2025-05-14,MANAGEMENT_GOVERNANCE,OFFICER_CHANGE,5,3,intraday,1,-4.874647124415597,4.874647124415597,1,3.590531246010389,18.219999,-1286.1202787563584
UNH,2025-05-22,MANAGEMENT_GOVERNANCE,OFFICER_CHANGE,5,1,pre,1,-0.929731386470525,0.929731386470525,0,2.9533821959234747,20.870001,-249.4948323037925
UNH,2025-06-04,MANAGEMENT_GOVERNANCE,OFFICER_CHANGE,5,2,intraday,1,-0.41309207906963596,0.41309207906963596,0,2.233396657712477,17.690001,-155.051972798153
UNH,2025-06-23,OTHER,,0,2,pre,1,0.2677860342175427,0.2677860342175427,0,0.4985699539705433,20.620001,99.56438558640718
UNH,2025-07-25,OTHER,,0,1,after,1,0.39967527513346823,0.39967527513346823,0,0.8014062594610716,15.39,176.4489304471213
UNH,2025-07-29,EARNINGS_GUIDANCE,RESULTS,6,2,intraday,1,-1.1731505774467395,1.1731505774467395,0,0.7796133928221648,15.03,-518.2139046693728
UNH,2025-08-01,MANAGEMENT_GOVERNANCE,OFFICER_CHANGE,5,1,pre,1,-0.6452862536655106,0.6452862536655106,0,0.8906383332902643,16.719999,-285.3896387680217
UNH,2025-08-21,OTHER,,0,1,pre,1,0.6427388022450636,0.6427388022450636,0,1.298368059125237,15.69,290.2860434674288
UNH,2025-09-08,OTHER,,0,1,intraday,1,2.2869360172300346,2.2869360172300346,1,0.8957743966392764,15.18,1039.256430275214
UNH,2025-09-09,OTHER,,0,1,intraday,1,1.8728785298837616,1.8728785298837616,0,0.894296715034615,15.11,851.1141709291353
UNH,2025-10-28,EARNINGS_GUIDANCE,RESULTS,6,2,intraday,1,-0.5191587324226096,0.5191587324226096,0,0.37659474259335834,15.79,-253.39330517569397
UNH,2025-11-10,OTHER,,0,1,pre,1,0.23796209818572037,0.23796209818572037,0,0.410916503963413,19.08,115.79047519981633
UNH,2025-11-14,OTHER,,0,1,pre,1,-0.6178903125929675,0.6178903125929675,0,0.4962672804469801,20.0,-300.4230653614486
UNH,2025-11-24,MANAGEMENT_GOVERNANCE,OFFICER_CHANGE,5,1,pre,1,0.39466618656749736,0.39466618656749736,0,0.5523378030480147,23.43,191.6292274018215
UNH,2026-01-13,OTHER,,0,1,after,1,-0.22902098352536446,0.22902098352536446,0,0.3828383436772108,15.12,-106.8673532941066
UNH,2026-01-28,EARNINGS_GUIDANCE,RESULTS,6,2,after,1,0.7985423860122876,0.7985423860122876,0,1.5909976843758271,16.35,375.3980155714612
UNH,2026-02-26,MANAGEMENT_GOVERNANCE,OFFICER_CHANGE,5,1,after,1,0.8244092253385992,0.8244092253385992,0,0.6340822830862055,17.93,381.19080597854156
UNH,2026-03-03,MANAGEMENT_GOVERNANCE,OFFICER_CHANGE,5,1,after,1,-0.12847973140154526,0.12847973140154526,0,0.6376964528948524,21.440001,-59.562579870486594
UNH,2026-03-10,OTHER,,0,1,pre,1,0.10518251208656902,0.10518251208656902,0,0.553097026163602,25.5,48.9290148903959
UNH,2026-04-21,EARNINGS_GUIDANCE,RESULTS,6,2,intraday,1,2.0424871014681596,2.0424871014681596,1,0.788550537938313,18.870001,906.0849837858977
UNH,2026-05-12,OTHER,,0,1,pre,1,1.1180674838683726,1.1180674838683726,0,0.6886556230319424,18.379999,407.0524749957431
UNH,2026-06-08,OTHER,,0,1,pre,1,0.887172995463061,0.887172995463061,0,0.5965379416303848,21.51,337.72035686305173
UNH,2026-07-16,EARNINGS_GUIDANCE,RESULTS,6,2,intraday,1,0.7499821259341879,0.7499821259341879,0,0.6096285921235092,15.67,277.36213464925106
UNH,2026-09-09,OTHER,,0,1,pre,1,-0.8426840072491186,0.8426840072491186,0,0.5054741959792827,15.72,-279.77558379939467
XOM,2008-01-31,MANAGEMENT_GOVERNANCE,OFFICER_CHANGE,5,1,after,1,-2.585091843877556,2.585091843877556,1,1.817305019424619,27.620001,-339.99885824645213
XOM,2008-02-01,EARNINGS_GUIDANCE,RESULTS,6,2,intraday,1,-0.6841684219754061,0.6841684219754061,0,1.8230920390415246,26.200001,-89.89373586065588
XOM,2008-03-12,EARNINGS_GUIDANCE,RESULTS,6,2,after,1,0.7779855266319083,0.7779855266319083,0,1.9105479394711198,26.360001,106.36686579032904
XOM,2008-03-25,EARNINGS_GUIDANCE,RESULTS,6,2,after,1,1.0634041907646536,1.0634041907646536,0,2.231264533864166,25.73,147.1480217904716
XOM,2008-04-21,MANAGEMENT_GOVERNANCE,OFFICER_CHANGE,5,1,after,1,0.47881436800403643,0.47881436800403643,0,1.094918534228609,20.129999,66.57932567020751
XOM,2008-05-01,EARNINGS_GUIDANCE,RESULTS,6,2,intraday,1,-4.669974620882409,4.669974620882409,1,0.875801818055301,20.790001,-661.4184386926443
XOM,2008-07-01,OTHER,,0,1,after,1,0.3015991716598732,0.3015991716598732,0,1.664169659222693,23.950001,48.008086324790284
XOM,2008-07-31,EARNINGS_GUIDANCE,RESULTS,6,2,intraday,1,-2.5838596968441347,2.5838596968441347,1,1.6490362311970928,21.209999,-403.6607533435493
XOM,2008-10-30,EARNINGS_GUIDANCE,RESULTS,6,2,intraday,1,-2.2466352474812354,2.2466352474812354,1,6.18841328676471,69.959999,-415.155013250421
XOM,2008-12-03,MANAGEMENT_GOVERNANCE,OFFICER_CHANGE,5,2,after,1,-0.8733524105677892,0.8733524105677892,0,3.1976437614709816,62.98,-201.96565292839665
XOM,2009-01-30,EARNINGS_GUIDANCE,RESULTS,6,2,intraday,1,0.6404410463688639,0.6404410463688639,0,1.0490363788127783,42.630001,169.25277890262262
XOM,2009-03-12,EARNINGS_GUIDANCE,RESULTS,6,2,after,1,-1.1267141344239509,1.1267141344239509,0,1.4354396648264331,43.610001,-301.5322082563398
XOM,2009-03-30,EARNINGS_GUIDANCE,RESULTS,6,2,intraday,1,-0.14698510396849734,0.14698510396849734,0,1.5101085293316443,41.040001,-39.5971249243008
XOM,2009-04-30,EARNINGS_GUIDANCE,RESULTS,6,2,intraday,1,-0.5799757040600308,0.5799757040600308,0,0.711781250088402,36.080002,-156.11908928571918
XOM,2009-06-22,OTHER,,0,1,after,1,-0.061871322873695324,0.061871322873695324,0,0.6729875601493379,27.99,-16.687782857230395
XOM,2009-07-30,EARNINGS_GUIDANCE,RESULTS,6,2,intraday,1,-1.1506439876094188,1.1506439876094188,0,0.8475628572496853,25.610001,-294.3311855185342
XOM,2009-10-29,EARNINGS_GUIDANCE,RESULTS,6,3,intraday,2,-1.2573135161538411,1.2573135161538411,0,0.9898990888867316,27.91,-215.22207967603546
XOM,2009-12-02,MANAGEMENT_GOVERNANCE,OFFICER_CHANGE,5,2,after,1,-0.3186901062842477,0.3186901062842477,0,0.9460210469274858,21.92,-46.23870621532937
XOM,2009-12-15,OTHER,,0,2,after,1,-0.9864271923641671,0.9864271923641671,0,1.2977516492107088,21.15,-138.36750663891988
XOM,2010-02-01,EARNINGS_GUIDANCE,RESULTS,6,2,intraday,1,1.400239824852265,1.400239824852265,0,0.7892855614891369,24.620001,195.05408656323974
XOM,2010-02-17,EARNINGS_GUIDANCE,RESULTS,6,2,after,1,-0.761773178631359,0.761773178631359,0,1.294164089175473,22.25,-103.46227998989676
XOM,2010-03-17,OTHER,,0,1,after,1,0.824840161227289,0.824840161227289,0,0.6982555695648542,17.690001,104.61610392408265
XOM,2010-03-18,EARNINGS_GUIDANCE,RESULTS,6,2,after,1,0.11260585194197295,0.11260585194197295,0,0.7201115948262403,16.91,14.276307051474923
XOM,2010-03-29,EARNINGS_GUIDANCE,RESULTS,6,2,intraday,1,0.34529388240154835,0.34529388240154835,0,0.6589844813962871,17.77,43.4455948477757
XOM,2010-04-29,EARNINGS_GUIDANCE,RESULTS,6,2,intraday,1,-1.2882471950523529,1.2882471950523529,0,0.9935897051912309,21.08,-142.5134230313995
XOM,2010-06-02,OTHER,,0,1,after,1,1.6075408985369575,1.6075408985369575,0,2.1855501330702087,35.540001,172.58208761840066
XOM,2010-06-28,MA_CORPORATE_ACTION,ACQUISITION_COMPLETED,6,3,after,1,-0.3124817018771159,0.3124817018771159,0,2.401396835886178,28.530001,-33.27061840903504
XOM,2010-07-29,EARNINGS_GUIDANCE,RESULTS,6,2,intraday,1,-1.3586800447994896,1.3586800447994896,0,1.3173784021594528,24.25,-145.25311061546563
XOM,2010-10-28,EARNINGS_GUIDANCE,RESULTS,6,2,intraday,1,1.3224167332806331,1.3224167332806331,0,1.1976002123136036,20.709999,135.5786386757598
XOM,2010-12-01,MANAGEMENT_GOVERNANCE,OFFICER_CHANGE,5,2,after,1,0.09459875910485976,0.09459875910485976,0,1.7741745512162805,23.540001,8.410145331048877
XOM,2011-01-31,EARNINGS_GUIDANCE,RESULTS,6,2,intraday,1,4.646214163967898,4.646214163967898,1,1.3644077793645095,20.040001,411.10477704827514
XOM,2011-02-16,EARNINGS_GUIDANCE,RESULTS,6,2,after,1,0.31545256424278934,0.31545256424278934,0,2.2246818839501183,16.370001,27.848621612326063
XOM,2011-03-16,EARNINGS_GUIDANCE,RESULTS,6,2,after,1,0.06853374658431392,0.06853374658431392,0,1.7451215936077547,24.32,6.506694645773466
XOM,2011-03-31,EARNINGS_GUIDANCE,RESULTS,6,2,intraday,1,-0.1335842877394212,0.1335842877394212,0,1.981008383124525,17.709999,-13.296755080555206
XOM,2011-04-28,EARNINGS_GUIDANCE,RESULTS,6,2,intraday,1,-0.3643012314480868,0.3643012314480868,0,1.3907334861039293,15.35,-37.62121931578225
XOM,2011-05-02,OTHER,,0,1,after,1,-2.256696287754751,2.256696287754751,1,1.3910356613174382,14.75,-234.10726990976906
XOM,2011-06-01,OTHER,,0,1,after,1,-0.5392361948363603,0.5392361948363603,0,1.4524398816307298,15.45,-55.11113664560228
XOM,2011-07-08,OTHER,,0,1,after,1,1.8305647108881022,1.8305647108881022,0,1.8364152436939185,15.95,187.9098722307085
XOM,2011-07-28,EARNINGS_GUIDANCE,RESULTS,6,2,intraday,1,-3.397741111367815,3.397741111367815,1,1.1730679039984628,22.98,-341.7563753843838
XOM,2011-10-27,EARNINGS_GUIDANCE,RESULTS,6,2,intraday,1,-2.692185640067393,2.692185640067393,1,2.0217661306775816,29.860001,-290.61982947008005
XOM,2011-11-29,MANAGEMENT_GOVERNANCE,OFFICER_CHANGE,5,1,intraday,1,1.3989214798612661,1.3989214798612661,0,2.053132527258693,32.130001,155.0737830118161
XOM,2011-12-07,MANAGEMENT_GOVERNANCE,OFFICER_CHANGE,5,1,after,1,0.48244893915674886,0.48244893915674886,0,2.157870603743252,28.129999,54.00179480221383
XOM,2012-01-31,EARNINGS_GUIDANCE,RESULTS,6,2,intraday,1,-2.389481920771141,2.389481920771141,1,0.6857508115910083,19.4,-260.6421216101299
XOM,2012-02-24,EARNINGS_GUIDANCE,RESULTS,6,2,after,1,-0.1868097314492307,0.1868097314492307,0,1.3129011258436125,16.799999,-18.993636439027526
XOM,2012-03-01,MANAGEMENT_GOVERNANCE,OFFICER_CHANGE,5,1,after,1,-0.45407683170018787,0.45407683170018787,0,1.0738645542429717,18.43,-46.16078094841219
XOM,2012-03-14,EARNINGS_GUIDANCE,RESULTS,6,2,intraday,1,-1.3315158728958079,1.3315158728958079,0,1.1589156942957035,14.8,-136.3344878994697
XOM,2012-03-28,EARNINGS_GUIDANCE,RESULTS,6,2,intraday,1,-0.004012358881469823,0.004012358881469823,0,1.2343550202701852,15.59,-0.4070514904204198
XOM,2012-04-26,EARNINGS_GUIDANCE,RESULTS,6,2,intraday,1,-1.6829095526290632,1.6829095526290632,0,1.3108435522525574,16.82,-171.51707936615065
XOM,2012-06-04,OTHER,,0,1,after,1,-1.0678432635919026,1.0678432635919026,0,1.1304810102682392,26.66,-107.77632635942837
XOM,2012-07-26,EARNINGS_GUIDANCE,RESULTS,6,2,intraday,1,-0.6962206649277107,0.6962206649277107,0,1.5349853925465138,19.34,-68.4407904004174
XOM,2012-11-01,EARNINGS_GUIDANCE,RESULTS,6,2,intraday,1,-1.3227873835825024,1.3227873835825024,0,1.3867623555172293,18.6,-113.49778873733767
XOM,2012-11-02,MANAGEMENT_GOVERNANCE,OFFICER_CHANGE,5,1,intraday,1,-0.5093077002015538,0.5093077002015538,0,1.3789732789188522,16.690001,-43.74128369792191
XOM,2012-12-03,MANAGEMENT_GOVERNANCE,OFFICER_CHANGE,5,1,after,1,-0.6114738656398375,0.6114738656398375,0,1.7653700886909363,15.87,-50.85002090852793
XOM,2012-12-05,MANAGEMENT_GOVERNANCE,OFFICER_CHANGE,5,2,after,1,0.5671601110109408,0.5671601110109408,0,1.666760500219411,17.120001,47.403071218188494
XOM,2013-02-01,EARNINGS_GUIDANCE,RESULTS,6,2,intraday,1,-1.027657320536233,1.027657320536233,0,1.2255647921577772,14.28,-80.6747755566028
XOM,2013-02-20,EARNINGS_GUIDANCE,RESULTS,6,2,after,1,1.2180691292123496,1.2180691292123496,0,1.0701165674445559,12.31,97.11433146253097
XOM,2013-03-12,EARNINGS_GUIDANCE,RESULTS,6,2,intraday,1,0.25025783156850806,0.25025783156850806,0,1.2455075536912705,11.56,18.824423752604044
XOM,2013-03-26,EARNINGS_GUIDANCE,RESULTS,6,2,intraday,1,1.3147846560381815,1.3147846560381815,0,1.111409203002145,13.74,99.57435516269832
XOM,2013-04-25,EARNINGS_GUIDANCE,RESULTS,6,2,intraday,1,-2.450352095758774,2.450352095758774,1,1.7317398400223978,13.61,-178.29374370614258
XOM,2013-06-04,OTHER,,0,1,after,1,-0.1531948963830916,0.1531948963830916,0,1.5439993484803416,16.280001,-10.755903271763966
XOM,2013-08-01,EARNINGS_GUIDANCE,RESULTS,6,2,intraday,1,-4.431021968248057,4.431021968248057,1,1.0794755843831354,13.45,-305.0150861123816
XOM,2013-10-31,EARNINGS_GUIDANCE,RESULTS,6,2,intraday,1,1.7701368978001568,1.7701368978001568,0,1.202032663828118,13.65,134.6317389287906
XOM,2014-01-30,EARNINGS_GUIDANCE,RESULTS,6,2,intraday,1,-4.099600061481492,4.099600061481492,1,1.5189392709297718,17.35,-349.0993658552424
XOM,2014-02-24,EARNINGS_GUIDANCE,RESULTS,6,2,after,1,1.083382649040325,1.083382649040325,0,2.007622182268495,14.68,94.9731702455332
XOM,2014-03-11,EARNINGS_GUIDANCE,RESULTS,6,2,intraday,1,-1.0492928569062356,1.0492928569062356,0,1.8835275524853334,14.2,-93.51706153853279
XOM,2014-03-20,OTHER,,0,2,intraday,1,0.5972624839616433,0.5972624839616433,0,1.6183688864950876,15.12,54.71623793848952
XOM,2014-03-25,EARNINGS_GUIDANCE,RESULTS,6,2,after,1,0.37795979527215223,0.37795979527215223,0,1.4730367877097874,15.09,34.68954402955871
XOM,2014-05-01,EARNINGS_GUIDANCE,RESULTS,6,2,intraday,1,-0.23248657931456337,0.23248657931456337,0,0.8990361595763258,13.41,-22.50131965349766
XOM,2014-06-03,OTHER,,0,1,after,1,-0.02640614809004186,0.02640614809004186,0,0.8232824793263755,11.58,-2.6449532556820867
XOM,2014-07-31,EARNINGS_GUIDANCE,RESULTS,6,2,intraday,1,-2.6997930217974435,2.6997930217974435,1,1.134008084430522,13.33,-272.1789831218341
XOM,2014-08-07,MANAGEMENT_GOVERNANCE,OFFICER_CHANGE,5,1,after,1,0.24532071708383169,0.24532071708383169,0,1.798509954125978,16.370001,25.066498248274613
XOM,2014-10-31,EARNINGS_GUIDANCE,RESULTS,6,2,intraday,1,-0.1951907150961142,0.1951907150961142,0,1.5004113259595437,14.52,-20.070934966455194
XOM,2014-11-25,MANAGEMENT_GOVERNANCE,OFFICER_CHANGE,5,1,after,1,-1.3880607963729577,1.3880607963729577,0,1.3494204635605864,12.62,-140.58010306650053
XOM,2015-02-02,EARNINGS_GUIDANCE,RESULTS,6,2,intraday,1,2.708192731311499,2.708192731311499,1,2.014274348594529,20.969999,283.30619610890267
XOM,2015-02-25,EARNINGS_GUIDANCE,RESULTS,6,2,after,1,-0.5990554543758005,0.5990554543758005,0,2.1534153775138263,13.69,-60.59900078681847
XOM,2015-03-06,OTHER,,0,2,intraday,1,-0.7794069700526648,0.7794069700526648,0,1.2952652255769623,14.04,-79.57908164949684
XOM,2015-03-11,EARNINGS_GUIDANCE,RESULTS,6,2,after,1,-0.9782068627783943,0.9782068627783943,0,1.3262302913912025,16.690001,-101.10590286010247
XOM,2015-03-24,EARNINGS_GUIDANCE,RESULTS,6,2,after,1,1.4906584636761844,1.4906584636761844,0,1.241575884472716,13.41,157.31924241697288
XOM,2015-04-30,EARNINGS_GUIDANCE,RESULTS,6,2,intraday,1,1.1554550498030625,1.1554550498030625,0,1.1441976354092482,13.39,124.75516208020102
XOM,2015-06-01,OTHER,,0,1,intraday,1,-0.0018267966628722557,0.0018267966628722557,0,0.8206288492772037,13.84,-0.21084540293371448
XOM,2015-07-31,EARNINGS_GUIDANCE,RESULTS,6,2,intraday,1,-4.861903724496373,4.861903724496373,1,1.4550059559035313,12.13,-550.5474568509784
XOM,2015-10-30,EARNINGS_GUIDANCE,RESULTS,6,2,intraday,1,2.291221070819137,2.291221070819137,1,1.4601128956092053,14.61,297.47835450083545
XOM,2015-12-16,MANAGEMENT_GOVERNANCE,OFFICER_CHANGE,5,1,after,1,-1.3300174446516677,1.3300174446516677,0,2.0251282456757878,20.950001,-172.50747401951307
XOM,2016-02-01,MANAGEMENT_GOVERNANCE,OFFICER_CHANGE,5,1,after,1,-1.5788327472374926,1.5788327472374926,0,2.4857071987051174,20.200001,-221.74827324913886
XOM,2016-02-02,EARNINGS_GUIDANCE,RESULTS,6,2,intraday,1,3.0117104158345267,3.0117104158345267,1,2.467525005414913,19.98,422.6946520773689
XOM,2016-02-22,EARNINGS_GUIDANCE,RESULTS,6,2,after,1,-1.2039568346283471,1.2039568346283471,0,2.0714919884359078,20.530001,-169.12158579085838
XOM,2016-03-03,OTHER,,0,2,intraday,1,-0.8413067249785171,0.8413067249785171,0,0.9893249129700986,17.09,-126.32278774706667
XOM,2016-03-09,EARNINGS_GUIDANCE,RESULTS,6,2,after,1,-0.804540488783946,0.804540488783946,0,1.1638678514124459,18.67,-122.06349418748013
XOM,2016-04-29,EARNINGS_GUIDANCE,RESULTS,6,2,intraday,1,0.5522766379731593,0.5522766379731593,0,0.6292857614764679,15.22,91.89587821993264
XOM,2016-06-01,OTHER,,0,1,after,1,-0.6919800943834704,0.6919800943834704,0,0.5511174278804335,14.19,-115.16333657838577
XOM,2016-07-29,EARNINGS_GUIDANCE,RESULTS,6,2,intraday,1,-3.3592792921252626,3.3592792921252626,1,0.6825876008541023,12.72,-521.5484442285209
XOM,2016-10-28,EARNINGS_GUIDANCE,RESULTS,6,2,intraday,1,-2.635063902738612,2.635063902738612,1,0.6231122087791742,15.36,-403.65026066488804
XOM,2016-11-02,OTHER,,0,2,after,1,0.5882170791414251,0.5882170791414251,0,0.8371968307523497,18.559999,89.51331031803635
XOM,2016-12-07,MANAGEMENT_GOVERNANCE,OFFICER_CHANGE,5,1,after,1,-0.4078727050165303,0.4078727050165303,0,0.9236029012907354,11.79,-58.24825167192195
XOM,2016-12-19,MANAGEMENT_GOVERNANCE,OFFICER_CHANGE,5,1,after,1,-0.9941628909799631,0.9941628909799631,0,0.9781088328535692,12.2,-142.12796463487908
XOM,2017-01-04,OTHER,,0,1,pre,1,-2.253255795804101,2.253255795804101,1,0.9946117160249079,12.85,-307.70491966312625
XOM,2017-01-18,OTHER,,0,1,after,1,-2.3990935243876828,2.3990935243876828,1,0.844540951124664,11.87,-302.24125107501976
XOM,2017-01-27,MANAGEMENT_GOVERNANCE,OFFICER_CHANGE,5,1,after,1,-0.19245346119689394,0.19245346119689394,0,1.1438103439768887,10.63,-22.248555393597353
XOM,2017-01-31,EARNINGS_GUIDANCE,RESULTS,6,2,intraday,1,-1.9784566601791698,1.9784566601791698,0,1.1108534740896248,11.88,-229.1749767835448
XOM,2017-02-24,EARNINGS_GUIDANCE,RESULTS,6,2,after,1,-0.4212119313708982,0.4212119313708982,0,0.8844890911312626,11.71,-48.02637850142356
XOM,2017-03-08,OTHER,,0,1,after,1,-0.7871977589773884,0.7871977589773884,0,1.03192492525648,11.45,-90.78298925070241
XOM,2017-03-28,OTHER,,0,1,after,1,0.30887172797065165,0.30887172797065165,0,0.9657631424234419,12.5,35.50068690573804
XOM,2017-04-28,EARNINGS_GUIDANCE,RESULTS,6,2,intraday,1,0.9801649395760403,0.9801649395760403,0,0.8777809865301645,10.36,115.34879801036159
XOM,2017-06-06,OTHER,,0,1,intraday,1,1.129522470167612,1.129522470167612,0,0.7179339824745846,10.07,132.67676066118582
XOM,2017-07-28,EARNINGS_GUIDANCE,RESULTS,6,2,intraday,1,-0.608539249399606,0.608539249399606,0,0.7273548506799897,10.11,-69.23737776172253
XOM,2017-10-27,EARNINGS_GUIDANCE,RESULTS,6,2,intraday,1,-0.06616784751736886,0.06616784751736886,0,0.39588707345371044,11.3,-6.905964037563386
XOM,2017-10-31,OTHER,,0,2,after,1,0.3238099428731755,0.3238099428731755,0,0.3663246663641188,10.5,33.47905229028836
XOM,2017-12-04,MANAGEMENT_GOVERNANCE,OFFICER_CHANGE,5,1,after,1,-0.2447941141981788,0.2447941141981788,0,0.922977736046883,11.43,-23.4829074301286
XOM,2017-12-12,OTHER,,0,1,after,1,0.14917729308865285,0.14917729308865285,0,0.9704019462180324,9.34,14.187569061024332
XOM,2017-12-28,MANAGEMENT_GOVERNANCE,OFFICER_CHANGE,5,1,after,1,-0.10372659881190198,0.10372659881190198,0,0.8400500425792949,10.47,-9.522410636799993
XOM,2018-01-22,OTHER,,0,1,after,1,0.84504068712729,0.84504068712729,0,1.1940092141756249,11.27,75.09829907486606
XOM,2018-02-02,EARNINGS_GUIDANCE,RESULTS,6,2,intraday,1,-8.244135811925414,8.244135811925414,1,1.3844714348450382,13.47,-731.8692307385327
XOM,2018-02-05,MANAGEMENT_GOVERNANCE,OFFICER_CHANGE,5,1,after,1,-7.04009975665339,7.04009975665339,1,2.4210942676363634,17.309999,-622.9797528112656
XOM,2018-02-12,EARNINGS_GUIDANCE,RESULTS,6,2,after,1,-0.34275006177844314,0.34275006177844314,0,3.26728452790602,29.059999,-29.746310823919234
XOM,2018-03-16,MANAGEMENT_GOVERNANCE,OFFICER_CHANGE,5,1,after,1,0.4875879067620505,0.4875879067620505,0,2.1609790446862642,16.59,42.46753738753668
XOM,2018-04-27,EARNINGS_GUIDANCE,RESULTS,6,2,intraday,1,-2.961098859334988,2.961098859334988,1,1.532365197729401,16.24,-320.9583651928431
XOM,2018-06-06,OTHER,,0,1,after,1,1.9416397865572037,1.9416397865572037,0,1.895256793281374,12.4,212.65537099852125
XOM,2018-06-11,MANAGEMENT_GOVERNANCE,OFFICER_CHANGE,5,1,after,1,-1.3115755301452914,1.3115755301452914,0,1.6532979604238933,12.18,-153.00012376330295
XOM,2018-07-27,EARNINGS_GUIDANCE,RESULTS,6,2,intraday,1,-1.4976980219077494,1.4976980219077494,0,0.9287015678169173,12.14,-188.65856950626826
XOM,2018-11-02,EARNINGS_GUIDANCE,RESULTS,6,2,intraday,1,0.9242995472268069,0.9242995472268069,0,1.4344563862789261,19.34,128.53670145753685
XOM,2019-02-01,EARNINGS_GUIDANCE,RESULTS,6,2,intraday,1,1.0066094552407157,1.0066094552407157,0,0.9925210860100635,16.57,141.12897474686935
XOM,2019-02-27,EARNINGS_GUIDANCE,RESULTS,6,2,after,1,0.45591978154973956,0.45591978154973956,0,1.1651192031776685,15.17,63.163136240316966
XOM,2019-03-25,OTHER,,0,1,intraday,1,0.024042962943023258,0.024042962943023258,0,0.8461424762220232,16.48,3.3654294221597754
XOM,2019-04-10,OTHER,,0,1,intraday,1,-0.16760542304530673,0.16760542304530673,0,0.8730595357527382,14.28,-23.174544182217264
XOM,2019-04-26,EARNINGS_GUIDANCE,RESULTS,6,2,intraday,1,-2.498566761405769,2.498566761405769,1,0.9293171666025904,13.25,-329.3373329293452
XOM,2019-06-05,OTHER,,0,1,after,1,-0.19906378232976743,0.19906378232976743,0,1.2079231046832823,16.969999,-25.14198090118786
XOM,2019-07-01,OTHER,,0,1,intraday,1,-1.5978773896705039,1.5978773896705039,0,1.1754757339136195,15.08,-202.368094143048
XOM,2019-08-02,EARNINGS_GUIDANCE,RESULTS,6,2,intraday,1,0.025573676113809472,0.025573676113809472,0,0.9727890642903643,17.870001,3.221474831749411
XOM,2019-08-16,OTHER,,0,2,intraday,1,0.9180350708702466,0.9180350708702466,0,1.6065943733973427,21.18,117.3861881852758
XOM,2019-10-02,OTHER,,0,1,after,1,-0.35203179072449114,0.35203179072449114,0,1.131013914917791,18.559999,-43.64591362168813
XOM,2019-11-01,EARNINGS_GUIDANCE,RESULTS,6,2,intraday,1,4.0356517614425265,4.0356517614425265,1,1.2386517151207113,13.22,486.90327346549793
XOM,2019-12-03,MANAGEMENT_GOVERNANCE,OFFICER_CHANGE,5,1,after,1,0.5379023363795977,0.5379023363795977,0,1.531664695838763,14.91,63.358610744206615
XOM,2020-01-03,OTHER,,0,1,intraday,1,0.3742310718661239,0.3742310718661239,0,0.9999348900690984,12.47,48.18438000112287
XOM,2020-01-31,EARNINGS_GUIDANCE,RESULTS,6,2,intraday,1,-4.159687704593828,4.159687704593828,1,0.9673376425808717,15.49,-521.155027984469
XOM,2020-03-03,OTHER,,0,3,intraday,1,-2.885004819527465,2.885004819527465,1,3.1647841487208135,33.419998,-358.9890015252388
XOM,2020-03-19,OTHER,,0,2,intraday,1,2.414981805571271,2.414981805571271,1,5.703558599583088,76.449997,331.0964195068963
XOM,2020-04-07,OTHER,,0,2,intraday,1,3.6416905460506492,3.6416905460506492,1,6.415304857467778,45.240002,499.9288741064424
XOM,2020-04-15,OTHER,,0,2,intraday,1,-4.116626253105681,4.116626253105681,1,5.195346833069437,37.759998,-583.1608045970066
XOM,2020-05-01,EARNINGS_GUIDANCE,RESULTS,6,2,intraday,1,-0.23056889379551287,0.23056889379551287,0,3.0702759994708213,34.150002,-40.592089199599435
XOM,2020-06-02,OTHER,,0,1,intraday,1,1.9692685907494472,1.9692685907494472,0,1.7935053717650409,28.23,442.83054684824697
XOM,2020-06-26,OTHER,,0,2,intraday,1,-0.16206166423277976,0.16206166423277976,0,2.149114257376739,32.220001,-39.01355433619691
XOM,2020-07-29,OTHER,,0,1,after,1,-1.7321882748904571,1.7321882748904571,0,1.246374288075203,25.440001,-450.8926418286341
XOM,2020-07-31,EARNINGS_GUIDANCE,RESULTS,6,3,intraday,2,-0.14241742826852385,0.14241742826852385,0,1.360703019144498,24.76,-37.25582980148845
XOM,2020-10-01,OTHER,,0,1,intraday,1,-1.0994881968781811,1.0994881968781811,0,0.8877512626324261,26.370001,-309.8271841976893
XOM,2020-10-30,EARNINGS_GUIDANCE,RESULTS,6,2,intraday,1,1.2297129893307264,1.2297129893307264,0,1.1671315786821341,37.59,360.5147548382238
XOM,2020-12-01,EARNINGS_GUIDANCE,IMPAIRMENT,6,4,after,2,1.3207058568333283,1.3207058568333283,0,2.008459076520128,20.57,394.892848835082
XOM,2021-02-02,EARNINGS_GUIDANCE,RESULTS,6,3,intraday,2,1.1849509366810105,1.1849509366810105,0,1.0175226996362734,30.24,410.72974682037284
XOM,2021-03-01,MANAGEMENT_GOVERNANCE,OFFICER_CHANGE,5,1,intraday,1,0.37097722896234436,0.37097722896234436,0,0.8636394942423944,27.950001,128.34700114609024
XOM,2021-04-30,EARNINGS_GUIDANCE,RESULTS,6,2,intraday,1,0.14975910555578398,0.14975910555578398,0,0.570977698003342,17.610001,48.401991128519015
XOM,2021-06-03,OTHER,,0,1,after,1,0.11254429706461569,0.11254429706461569,0,0.7511112321366429,17.48,35.18663635024422
XOM,2021-06-21,OTHER,,0,1,intraday,1,1.0891928420061712,1.0891928420061712,0,0.7141975177762695,20.700001,342.41464096984237
XOM,2021-07-01,OTHER,,0,1,after,1,-0.3763864944143444,0.3763864944143444,0,0.7797649490947175,15.83,-118.60820427015088
XOM,2021-07-22,MANAGEMENT_GOVERNANCE,OFFICER_CHANGE,5,1,intraday,1,-0.8331866426996697,0.8331866426996697,0,0.7533248573771384,17.91,-255.45230424376942
XOM,2021-07-30,EARNINGS_GUIDANCE,RESULTS,6,2,intraday,1,-0.5841154019813252,0.5841154019813252,0,0.7886945776028584,17.700001,-180.02268271383178
XOM,2021-10-01,OTHER,,0,1,after,1,1.637134012836796,1.637134012836796,0,0.8878185097091971,23.139999,478.6067333735872
XOM,2021-10-29,EARNINGS_GUIDANCE,RESULTS,6,2,intraday,1,0.5224645166862933,0.5224645166862933,0,0.8191662974536948,16.530001,137.70408768859033
XOM,2021-11-18,OTHER,,0,1,after,1,-2.507772413961074,2.507772413961074,1,0.7786437536197827,17.110001,-622.4001370198567
XOM,2021-12-01,MANAGEMENT_GOVERNANCE,OFFICER_CHANGE,5,1,after,1,0.7398404627813722,0.7398404627813722,0,1.0105778147271907,27.190001,178.6745064445848
XOM,2021-12-20,CREDIT_EVENT,ACCELERATION_TRIGGER,9,3,after,1,-0.05474169636026786,0.05474169636026786,0,0.8352451340363628,21.57,-13.248559674756445
XOM,2021-12-31,OTHER,,0,1,after,1,1.7431082635171853,1.7431082635171853,0,0.6767396204767562,17.33,404.95788045618724
XOM,2022-02-01,EARNINGS_GUIDANCE,RESULTS,6,3,intraday,2,1.9375327117729915,1.9375327117729915,0,0.9763494084312855,24.83,431.8739721389567
XOM,2022-03-04,OTHER,,0,1,after,1,5.032659563177722,5.032659563177722,1,0.9686585775132295,30.48,1073.6902561246916
XOM,2022-03-23,MANAGEMENT_GOVERNANCE,OFFICER_CHANGE,5,2,after,1,0.6383279781655945,0.6383279781655945,0,1.7644818914283977,22.940001,142.97281625004027
XOM,2022-04-04,OTHER,,0,1,intraday,1,-0.2009078823840942,0.2009078823840942,0,1.7183089331681596,19.629999,-45.60108572037133
XOM,2022-04-29,EARNINGS_GUIDANCE,RESULTS,6,2,intraday,1,-0.014292788243852187,0.014292788243852187,0,1.035784435469308,29.99,-3.6542700496715668
XOM,2022-06-01,OTHER,,0,1,intraday,1,0.4034428348786638,0.4034428348786638,0,1.3730853176986628,26.190001,104.77975098963465
XOM,2022-07-29,EARNINGS_GUIDANCE,RESULTS,6,2,intraday,1,0.31498065670114483,0.31498065670114483,0,0.8816311693267902,22.33,85.38398025470805
XOM,2022-10-05,OTHER,,0,1,after,1,2.341672119485313,2.341672119485313,1,1.199519730694516,29.07,690.6881031995255
XOM,2022-10-28,EARNINGS_GUIDANCE,RESULTS,6,2,intraday,1,0.614730615583502,0.614730615583502,0,1.0024120206820286,27.389999,183.48466162247314
XOM,2022-11-01,OTHER,,0,2,after,2,-0.10155912045136468,0.10155912045136468,0,0.8866473926575942,25.879999,-30.328861542934323
XOM,2022-11-21,OTHER,,0,1,after,1,0.2654280193248836,0.2654280193248836,0,0.7612244843861072,23.120001,80.63086085785626
XOM,2022-12-05,MANAGEMENT_GOVERNANCE,OFFICER_CHANGE,5,2,after,2,-1.5218899277458335,1.5218899277458335,0,0.8237031095770793,19.059999,-464.99749366658597
XOM,2023-01-05,OTHER,,0,1,after,1,0.7817072162315531,0.7817072162315531,0,0.6202923942935527,22.01,235.5373171580629
XOM,2023-01-27,MANAGEMENT_GOVERNANCE,OFFICER_CHANGE,5,1,after,1,-1.1773802513004654,1.1773802513004654,0,0.7000505853468989,18.73,-347.98648415540464
XOM,2023-01-31,EARNINGS_GUIDANCE,RESULTS,6,2,intraday,1,-0.23401599160146003,0.23401599160146003,0,0.7857258710141188,19.940001,-68.6561896827923
XOM,2023-02-27,MANAGEMENT_GOVERNANCE,OFFICER_CHANGE,5,1,after,1,-0.3943817901043468,0.3943817901043468,0,0.9677823167722792,21.67,-109.03743787490473
XOM,2023-04-05,OTHER,,0,1,after,1,-0.15458178184527938,0.15458178184527938,0,1.2418695081473612,19.0,-41.065512493178126
XOM,2023-04-28,EARNINGS_GUIDANCE,RESULTS,6,2,intraday,1,-0.989874779471391,0.989874779471391,0,0.9305172156795963,17.030001,-254.1411161453288
XOM,2023-06-07,OTHER,,0,1,after,1,0.5906639686425061,0.5906639686425061,0,0.7982546798937559,13.96,147.85431385538996
XOM,2023-07-06,OTHER,,0,1,after,1,-1.2522618696145962,1.2522618696145962,0,0.5111365432156572,14.18,-300.0517100026678
XOM,2023-07-14,OTHER,,0,2,after,1,-1.4195954179609673,1.4195954179609673,0,0.8123646444777481,13.61,-340.45221338419344
XOM,2023-07-28,EARNINGS_GUIDANCE,RESULTS,6,2,intraday,1,0.32117410002988106,0.32117410002988106,0,0.9414734997356577,14.41,73.14184418477147
XOM,2023-10-05,OTHER,,0,1,after,1,-2.246987141788378,2.246987141788378,1,1.0989117335955194,18.58,-472.2754728877033
XOM,2023-10-12,MA_CORPORATE_ACTION,MATERIAL_AGREEMENT,5,3,after,1,1.8798824737396322,1.8798824737396322,0,1.2654953539101812,16.09,393.23437887341896
XOM,2023-10-23,OTHER,,0,1,after,1,-1.3504763549879077,1.3504763549879077,0,1.3559929869558522,21.709999,-283.5917594393014
XOM,2023-10-27,EARNINGS_GUIDANCE,RESULTS,6,2,intraday,1,-1.0396056056526257,1.0396056056526257,0,1.2437081888103327,20.68,-218.43950000526465
XOM,2023-11-02,OTHER,,0,1,intraday,1,-0.018527868217777542,0.018527868217777542,0,1.1362008774876091,16.870001,-3.8679128814064767
XOM,2023-11-07,MANAGEMENT_GOVERNANCE,OFFICER_CHANGE,5,1,intraday,1,-1.4921022638104917,1.4921022638104917,0,1.0933134895254155,14.89,-311.0065139110058
XOM,2023-11-16,OTHER,,0,1,after,1,0.49210859187358846,0.49210859187358846,0,0.8007010683435238,14.18,105.13965179590888
XOM,2023-12-07,OTHER,,0,1,after,1,-0.11570242160953889,0.11570242160953889,0,0.6270451829674559,12.97,-25.996010391451716
XOM,2024-01-05,OTHER,,0,1,after,1,-0.9579832692112016,0.9579832692112016,0,0.7310205126575514,14.13,-213.2733114924128
XOM,2024-02-02,EARNINGS_GUIDANCE,RESULTS,6,2,intraday,1,-0.4927047854986457,0.4927047854986457,0,0.7883351361302795,13.88,-104.95441703496574
XOM,2024-02-29,MANAGEMENT_GOVERNANCE,OFFICER_CHANGE,5,2,after,2,0.4315813817981695,0.4315813817981695,0,0.7825527683506698,13.84,89.71761362118733
XOM,2024-04-04,OTHER,,0,1,after,1,0.9687819045458007,0.9687819045458007,0,0.5153582330299767,14.33,192.15527924961035
XOM,2024-04-26,EARNINGS_GUIDANCE,RESULTS,6,2,intraday,1,-0.9318676009606517,0.9318676009606517,0,0.573364784278548,15.37,-178.028998641669
XOM,2024-05-03,MA_CORPORATE_ACTION,ACQUISITION_COMPLETED,6,5,intraday,1,-0.05624861700900048,0.05624861700900048,0,0.7885971746621602,14.68,-10.620166812671059
XOM,2024-05-13,OTHER,,0,2,after,1,0.18152401684245528,0.18152401684245528,0,0.7973257175818068,12.55,33.98783639927868
XOM,2024-05-31,MANAGEMENT_GOVERNANCE,OFFICER_CHANGE,5,2,intraday,1,0.02785858001135314,0.02785858001135314,0,0.7530262989791324,14.47,5.144243498518588
XOM,2024-07-08,OTHER,,0,1,intraday,1,-1.27771522398533,1.27771522398533,0,0.7663692200427387,12.48,-228.83418910249387
XOM,2024-08-01,MANAGEMENT_GOVERNANCE,OFFICER_CHANGE,5,1,intraday,1,-0.3709880270201513,0.3709880270201513,0,1.0040756651737293,16.360001,-66.12373861214007
XOM,2024-08-02,EARNINGS_GUIDANCE,RESULTS,6,2,intraday,1,-0.35172890644266624,0.35172890644266624,0,1.0244074593149521,18.59,-62.40355646582301
XOM,2024-10-04,OTHER,,0,1,after,1,1.4130473135485093,1.4130473135485093,0,1.3744683651865586,20.49,229.81509515006152
XOM,2024-10-08,OTHER,,0,2,intraday,1,-1.8635231867686846,1.8635231867686846,0,1.3474642520029645,22.639999,-304.1918068950239
XOM,2024-10-21,MANAGEMENT_GOVERNANCE,OFFICER_CHANGE,5,1,after,1,0.371024692156658,0.371024692156658,0,1.3434012530369743,18.030001,59.73847894691459
XOM,2024-11-01,EARNINGS_GUIDANCE,RESULTS,6,2,intraday,1,0.86280393167556,0.86280393167556,0,0.9217309128992751,23.16,142.67502494161587
XOM,2024-11-13,OTHER,,0,1,after,1,0.5874892718625031,0.5874892718625031,0,0.8095284334008299,14.71,99.8439691833885
XOM,2025-01-31,EARNINGS_GUIDANCE,RESULTS,6,2,intraday,1,-1.232804786197808,1.232804786197808,0,1.0434412178426535,15.84,-210.67103357342896
XOM,2025-04-02,OTHER,,0,2,after,1,-2.6252114637136095,2.6252114637136095,1,1.0450950081710166,21.77,-466.8934877979896
XOM,2025-04-03,MANAGEMENT_GOVERNANCE,OFFICER_CHANGE,5,1,intraday,1,-5.87301096583354,5.87301096583354,1,0.9571644321553997,21.51,-1043.640126671131
XOM,2025-04-04,OTHER,,0,1,after,1,-4.184448664489544,4.184448664489544,1,1.3719093933165614,30.02,-746.8016130472745
XOM,2025-05-02,EARNINGS_GUIDANCE,RESULTS,6,2,intraday,1,-1.377865316394294,1.377865316394294,0,2.2623302179260905,24.6,-256.56212120627055
XOM,2025-05-30,OTHER,,0,1,intraday,1,0.08558582320073366,0.08558582320073366,0,0.8725413860043411,19.18,16.881824908525267
XOM,2025-07-08,OTHER,,0,1,after,1,1.1324726469808184,1.1324726469808184,0,1.137384576520774,17.790001,223.15230545913573
XOM,2025-08-01,EARNINGS_GUIDANCE,RESULTS,6,2,intraday,1,-1.9203476342848025,1.9203476342848025,0,0.9391987455399949,16.719999,-376.00148106027257
XOM,2025-10-07,OTHER,,0,1,after,1,-0.0919054636675598,0.0919054636675598,0,0.8905356759752683,16.370001,-17.574331832645555
XOM,2025-10-31,EARNINGS_GUIDANCE,RESULTS,6,2,intraday,1,-0.5177973079478836,0.5177973079478836,0,0.7728585056084551,16.91,-100.60417259450685
XOM,2025-11-04,MANAGEMENT_GOVERNANCE,OFFICER_CHANGE,5,1,after,1,0.27950170120900886,0.27950170120900886,0,0.7193298213002096,17.17,54.38620940568337
XOM,2025-11-14,OTHER,,0,2,after,1,0.2957639107597614,0.2957639107597614,0,0.7271964830081459,20.0,57.96416792414803
XOM,2025-11-19,OTHER,,0,1,after,1,-0.496413589846911,0.496413589846911,0,0.7809098660375455,24.690001,-97.284346690758
XOM,2025-12-10,MANAGEMENT_GOVERNANCE,OFFICER_CHANGE,5,1,after,1,0.29595575717915984,0.29595575717915984,0,0.8097485146097946,16.93,57.20625025546022
XOM,2026-01-08,OTHER,,0,1,after,1,2.4124220749075658,2.4124220749075658,1,1.1363194933847363,15.38,468.8363968959512
XOM,2026-01-30,EARNINGS_GUIDANCE,RESULTS,6,2,intraday,1,-0.8325379909874449,0.8325379909874449,0,1.2911652312864665,16.879999,-159.19430069741375
XOM,2026-02-23,MANAGEMENT_GOVERNANCE,OFFICER_CHANGE,5,1,after,1,0.7324891441116799,0.7324891441116799,0,1.365365856760284,19.09,145.18659457029517
XOM,2026-04-01,OTHER,,0,2,after,1,-3.085809964016474,3.085809964016474,1,0.9636644766632417,25.25,-596.9804752723206
XOM,2026-04-08,OTHER,,0,1,intraday,1,-3.3325601094362987,3.3325601094362987,1,1.331591813549163,25.780001,-651.7569216250613
XOM,2026-05-01,EARNINGS_GUIDANCE,RESULTS,6,2,intraday,1,-0.4012271247821774,0.4012271247821774,0,1.3331160225614902,16.889999,-78.14536481150134
XOM,2026-05-05,MANAGEMENT_GOVERNANCE,OFFICER_CHANGE,5,1,after,1,-1.9595916126698436,1.9595916126698436,0,1.2800355013679763,18.290001,-381.3246368882999
XOM,2026-06-01,OTHER,,0,1,after,1,1.2824208926180027,1.2824208926180027,0,1.3665805157924065,15.32,269.89069954438014
